timestamp,unit_id,variant,metric,value
2026-01-01T00:00:00+00:00,c0_0,control,conversion,0
2026-01-01T00:00:00+00:00,c0_0,control,error_rate,0
2026-01-01T00:01:00+00:00,c0_1,control,conversion,0
2026-01-01T00:01:00+00:00,c0_1,control,error_rate,0
2026-01-01T00:02:00+00:00,c0_2,control,conversion,0
2026-01-01T00:02:00+00:00,c0_2,control,error_rate,0
2026-01-01T00:03:00+00:00,c0_3,control,conversion,1
2026-01-01T00:03:00+00:00,c0_3,control,error_rate,0
2026-01-01T00:04:00+00:00,c0_4,control,conversion,0
2026-01-01T00:04:00+00:00,c0_4,control,error_rate,0
2026-01-01T00:05:00+00:00,c0_5,control,conversion,0
2026-01-01T00:05:00+00:00,c0_5,control,error_rate,0
2026-01-01T00:06:00+00:00,c0_6,control,conversion,0
2026-01-01T00:06:00+00:00,c0_6,control,error_rate,0
2026-01-01T00:07:00+00:00,c0_7,control,conversion,0
2026-01-01T00:07:00+00:00,c0_7,control,error_rate,0
2026-01-01T00:08:00+00:00,c0_8,control,conversion,0
2026-01-01T00:08:00+00:00,c0_8,control,error_rate,0
2026-01-01T00:09:00+00:00,c0_9,control,conversion,0
2026-01-01T00:09:00+00:00,c0_9,control,error_rate,0
2026-01-01T00:10:00+00:00,c0_10,control,conversion,0
2026-01-01T00:10:00+00:00,c0_10,control,error_rate,0
2026-01-01T00:11:00+00:00,c0_11,control,conversion,0
2026-01-01T00:11:00+00:00,c0_11,control,error_rate,1
2026-01-01T00:12:00+00:00,c0_12,control,conversion,1
2026-01-01T00:12:00+00:00,c0_12,control,error_rate,0
2026-01-01T00:13:00+00:00,c0_13,control,conversion,0
2026-01-01T00:13:00+00:00,c0_13,control,error_rate,0
2026-01-01T00:14:00+00:00,c0_14,control,conversion,0
2026-01-01T00:14:00+00:00,c0_14,control,error_rate,0
2026-01-01T00:15:00+00:00,c0_15,control,conversion,0
2026-01-01T00:15:00+00:00,c0_15,control,error_rate,0
2026-01-01T00:16:00+00:00,c0_16,control,conversion,1
2026-01-01T00:16:00+00:00,c0_16,control,error_rate,0
2026-01-01T00:17:00+00:00,c0_17,control,conversion,0
2026-01-01T00:17:00+00:00,c0_17,control,error_rate,0
2026-01-01T00:18:00+00:00,c0_18,control,conversion,0
2026-01-01T00:18:00+00:00,c0_18,control,error_rate,1
2026-01-01T00:19:00+00:00,c0_19,control,conversion,0
2026-01-01T00:19:00+00:00,c0_19,control,error_rate,0
2026-01-01T00:20:00+00:00,c0_20,control,conversion,0
2026-01-01T00:20:00+00:00,c0_20,control,error_rate,0
2026-01-01T00:21:00+00:00,c0_21,control,conversion,0
2026-01-01T00:21:00+00:00,c0_21,control,error_rate,0
2026-01-01T00:22:00+00:00,c0_22,control,conversion,0
2026-01-01T00:22:00+00:00,c0_22,control,error_rate,0
2026-01-01T00:23:00+00:00,c0_23,control,conversion,1
2026-01-01T00:23:00+00:00,c0_23,control,error_rate,0
2026-01-01T00:24:00+00:00,c0_24,control,conversion,0
2026-01-01T00:24:00+00:00,c0_24,control,error_rate,0
2026-01-01T00:25:00+00:00,c0_25,control,conversion,0
2026-01-01T00:25:00+00:00,c0_25,control,error_rate,0
2026-01-01T00:26:00+00:00,c0_26,control,conversion,1
2026-01-01T00:26:00+00:00,c0_26,control,error_rate,0
2026-01-01T00:27:00+00:00,c0_27,control,conversion,0
2026-01-01T00:27:00+00:00,c0_27,control,error_rate,0
2026-01-01T00:28:00+00:00,c0_28,control,conversion,0
2026-01-01T00:28:00+00:00,c0_28,control,error_rate,0
2026-01-01T00:29:00+00:00,c0_29,control,conversion,0
2026-01-01T00:29:00+00:00,c0_29,control,error_rate,0
2026-01-01T00:00:00+00:00,t0_0,treatment,conversion,0
2026-01-01T00:00:00+00:00,t0_0,treatment,error_rate,0
2026-01-01T00:01:00+00:00,t0_1,treatment,conversion,0
2026-01-01T00:01:00+00:00,t0_1,treatment,error_rate,0
2026-01-01T00:02:00+00:00,t0_2,treatment,conversion,0
2026-01-01T00:02:00+00:00,t0_2,treatment,error_rate,0
2026-01-01T00:03:00+00:00,t0_3,treatment,conversion,0
2026-01-01T00:03:00+00:00,t0_3,treatment,error_rate,1
2026-01-01T00:04:00+00:00,t0_4,treatment,conversion,0
2026-01-01T00:04:00+00:00,t0_4,treatment,error_rate,0
2026-01-01T00:05:00+00:00,t0_5,treatment,conversion,0
2026-01-01T00:05:00+00:00,t0_5,treatment,error_rate,0
2026-01-01T00:06:00+00:00,t0_6,treatment,conversion,0
2026-01-01T00:06:00+00:00,t0_6,treatment,error_rate,0
2026-01-01T00:07:00+00:00,t0_7,treatment,conversion,1
2026-01-01T00:07:00+00:00,t0_7,treatment,error_rate,0
2026-01-01T00:08:00+00:00,t0_8,treatment,conversion,0
2026-01-01T00:08:00+00:00,t0_8,treatment,error_rate,0
2026-01-01T00:09:00+00:00,t0_9,treatment,conversion,0
2026-01-01T00:09:00+00:00,t0_9,treatment,error_rate,0
2026-01-01T00:10:00+00:00,t0_10,treatment,conversion,1
2026-01-01T00:10:00+00:00,t0_10,treatment,error_rate,0
2026-01-01T00:11:00+00:00,t0_11,treatment,conversion,0
2026-01-01T00:11:00+00:00,t0_11,treatment,error_rate,0
2026-01-01T00:12:00+00:00,t0_12,treatment,conversion,0
2026-01-01T00:12:00+00:00,t0_12,treatment,error_rate,0
2026-01-01T00:13:00+00:00,t0_13,treatment,conversion,0
2026-01-01T00:13:00+00:00,t0_13,treatment,error_rate,0
2026-01-01T00:14:00+00:00,t0_14,treatment,conversion,0
2026-01-01T00:14:00+00:00,t0_14,treatment,error_rate,0
2026-01-01T00:15:00+00:00,t0_15,treatment,conversion,1
2026-01-01T00:15:00+00:00,t0_15,treatment,error_rate,0
2026-01-01T00:16:00+00:00,t0_16,treatment,conversion,0
2026-01-01T00:16:00+00:00,t0_16,treatment,error_rate,0
2026-01-01T00:17:00+00:00,t0_17,treatment,conversion,0
2026-01-01T00:17:00+00:00,t0_17,treatment,error_rate,0
2026-01-01T00:18:00+00:00,t0_18,treatment,conversion,1
2026-01-01T00:18:00+00:00,t0_18,treatment,error_rate,0
2026-01-01T00:19:00+00:00,t0_19,treatment,conversion,1
2026-01-01T00:19:00+00:00,t0_19,treatment,error_rate,0
2026-01-01T00:20:00+00:00,t0_20,treatment,conversion,0
2026-01-01T00:20:00+00:00,t0_20,treatment,error_rate,0
2026-01-01T00:21:00+00:00,t0_21,treatment,conversion,0
2026-01-01T00:21:00+00:00,t0_21,treatment,error_rate,0
2026-01-01T00:22:00+00:00,t0_22,treatment,conversion,0
2026-01-01T00:22:00+00:00,t0_22,treatment,error_rate,0
2026-01-01T00:23:00+00:00,t0_23,treatment,conversion,0
2026-01-01T00:23:00+00:00,t0_23,treatment,error_rate,0
2026-01-01T00:24:00+00:00,t0_24,treatment,conversion,0
2026-01-01T00:24:00+00:00,t0_24,treatment,error_rate,0
2026-01-01T00:25:00+00:00,t0_25,treatment,conversion,0
2026-01-01T00:25:00+00:00,t0_25,treatment,error_rate,0
2026-01-01T00:26:00+00:00,t0_26,treatment,conversion,1
2026-01-01T00:26:00+00:00,t0_26,treatment,error_rate,0
2026-01-01T00:27:00+00:00,t0_27,treatment,conversion,1
2026-01-01T00:27:00+00:00,t0_27,treatment,error_rate,0
2026-01-01T00:28:00+00:00,t0_28,treatment,conversion,0
2026-01-01T00:28:00+00:00,t0_28,treatment,error_rate,0
2026-01-01T00:29:00+00:00,t0_29,treatment,conversion,0
2026-01-01T00:29:00+00:00,t0_29,treatment,error_rate,0
2026-01-01T00:30:00+00:00,c1_0,control,conversion,1
2026-01-01T00:30:00+00:00,c1_0,control,error_rate,0
2026-01-01T00:31:00+00:00,c1_1,control,conversion,0
2026-01-01T00:31:00+00:00,c1_1,control,error_rate,0
2026-01-01T00:32:00+00:00,c1_2,control,conversion,0
2026-01-01T00:32:00+00:00,c1_2,control,error_rate,0
2026-01-01T00:33:00+00:00,c1_3,control,conversion,0
2026-01-01T00:33:00+00:00,c1_3,control,error_rate,0
2026-01-01T00:34:00+00:00,c1_4,control,conversion,0
2026-01-01T00:34:00+00:00,c1_4,control,error_rate,0
2026-01-01T00:35:00+00:00,c1_5,control,conversion,0
2026-01-01T00:35:00+00:00,c1_5,control,error_rate,0
2026-01-01T00:36:00+00:00,c1_6,control,conversion,0
2026-01-01T00:36:00+00:00,c1_6,control,error_rate,0
2026-01-01T00:37:00+00:00,c1_7,control,conversion,0
2026-01-01T00:37:00+00:00,c1_7,control,error_rate,0
2026-01-01T00:38:00+00:00,c1_8,control,conversion,0
2026-01-01T00:38:00+00:00,c1_8,control,error_rate,0
2026-01-01T00:39:00+00:00,c1_9,control,conversion,0
2026-01-01T00:39:00+00:00,c1_9,control,error_rate,0
2026-01-01T00:40:00+00:00,c1_10,control,conversion,0
2026-01-01T00:40:00+00:00,c1_10,control,error_rate,0
2026-01-01T00:41:00+00:00,c1_11,control,conversion,0
2026-01-01T00:41:00+00:00,c1_11,control,error_rate,0
2026-01-01T00:42:00+00:00,c1_12,control,conversion,0
2026-01-01T00:42:00+00:00,c1_12,control,error_rate,0
2026-01-01T00:43:00+00:00,c1_13,control,conversion,1
2026-01-01T00:43:00+00:00,c1_13,control,error_rate,0
2026-01-01T00:44:00+00:00,c1_14,control,conversion,0
2026-01-01T00:44:00+00:00,c1_14,control,error_rate,0
2026-01-01T00:45:00+00:00,c1_15,control,conversion,0
2026-01-01T00:45:00+00:00,c1_15,control,error_rate,0
2026-01-01T00:46:00+00:00,c1_16,control,conversion,0
2026-01-01T00:46:00+00:00,c1_16,control,error_rate,0
2026-01-01T00:47:00+00:00,c1_17,control,conversion,0
2026-01-01T00:47:00+00:00,c1_17,control,error_rate,0
2026-01-01T00:48:00+00:00,c1_18,control,conversion,0
2026-01-01T00:48:00+00:00,c1_18,control,error_rate,0
2026-01-01T00:49:00+00:00,c1_19,control,conversion,0
2026-01-01T00:49:00+00:00,c1_19,control,error_rate,1
2026-01-01T00:50:00+00:00,c1_20,control,conversion,0
2026-01-01T00:50:00+00:00,c1_20,control,error_rate,0
2026-01-01T00:51:00+00:00,c1_21,control,conversion,0
2026-01-01T00:51:00+00:00,c1_21,control,error_rate,0
2026-01-01T00:52:00+00:00,c1_22,control,conversion,0
2026-01-01T00:52:00+00:00,c1_22,control,error_rate,0
2026-01-01T00:53:00+00:00,c1_23,control,conversion,0
2026-01-01T00:53:00+00:00,c1_23,control,error_rate,0
2026-01-01T00:54:00+00:00,c1_24,control,conversion,0
2026-01-01T00:54:00+00:00,c1_24,control,error_rate,0
2026-01-01T00:55:00+00:00,c1_25,control,conversion,0
2026-01-01T00:55:00+00:00,c1_25,control,error_rate,0
2026-01-01T00:56:00+00:00,c1_26,control,conversion,0
2026-01-01T00:56:00+00:00,c1_26,control,error_rate,0
2026-01-01T00:57:00+00:00,c1_27,control,conversion,1
2026-01-01T00:57:00+00:00,c1_27,control,error_rate,0
2026-01-01T00:58:00+00:00,c1_28,control,conversion,0
2026-01-01T00:58:00+00:00,c1_28,control,error_rate,0
2026-01-01T00:59:00+00:00,c1_29,control,conversion,0
2026-01-01T00:59:00+00:00,c1_29,control,error_rate,0
2026-01-01T00:30:00+00:00,t1_0,treatment,conversion,0
2026-01-01T00:30:00+00:00,t1_0,treatment,error_rate,0
2026-01-01T00:31:00+00:00,t1_1,treatment,conversion,0
2026-01-01T00:31:00+00:00,t1_1,treatment,error_rate,0
2026-01-01T00:32:00+00:00,t1_2,treatment,conversion,0
2026-01-01T00:32:00+00:00,t1_2,treatment,error_rate,1
2026-01-01T00:33:00+00:00,t1_3,treatment,conversion,1
2026-01-01T00:33:00+00:00,t1_3,treatment,error_rate,1
2026-01-01T00:34:00+00:00,t1_4,treatment,conversion,0
2026-01-01T00:34:00+00:00,t1_4,treatment,error_rate,0
2026-01-01T00:35:00+00:00,t1_5,treatment,conversion,1
2026-01-01T00:35:00+00:00,t1_5,treatment,error_rate,0
2026-01-01T00:36:00+00:00,t1_6,treatment,conversion,1
2026-01-01T00:36:00+00:00,t1_6,treatment,error_rate,0
2026-01-01T00:37:00+00:00,t1_7,treatment,conversion,1
2026-01-01T00:37:00+00:00,t1_7,treatment,error_rate,0
2026-01-01T00:38:00+00:00,t1_8,treatment,conversion,1
2026-01-01T00:38:00+00:00,t1_8,treatment,error_rate,0
2026-01-01T00:39:00+00:00,t1_9,treatment,conversion,0
2026-01-01T00:39:00+00:00,t1_9,treatment,error_rate,0
2026-01-01T00:40:00+00:00,t1_10,treatment,conversion,0
2026-01-01T00:40:00+00:00,t1_10,treatment,error_rate,0
2026-01-01T00:41:00+00:00,t1_11,treatment,conversion,0
2026-01-01T00:41:00+00:00,t1_11,treatment,error_rate,0
2026-01-01T00:42:00+00:00,t1_12,treatment,conversion,0
2026-01-01T00:42:00+00:00,t1_12,treatment,error_rate,1
2026-01-01T00:43:00+00:00,t1_13,treatment,conversion,0
2026-01-01T00:43:00+00:00,t1_13,treatment,error_rate,0
2026-01-01T00:44:00+00:00,t1_14,treatment,conversion,0
2026-01-01T00:44:00+00:00,t1_14,treatment,error_rate,1
2026-01-01T00:45:00+00:00,t1_15,treatment,conversion,0
2026-01-01T00:45:00+00:00,t1_15,treatment,error_rate,0
2026-01-01T00:46:00+00:00,t1_16,treatment,conversion,1
2026-01-01T00:46:00+00:00,t1_16,treatment,error_rate,0
2026-01-01T00:47:00+00:00,t1_17,treatment,conversion,0
2026-01-01T00:47:00+00:00,t1_17,treatment,error_rate,0
2026-01-01T00:48:00+00:00,t1_18,treatment,conversion,0
2026-01-01T00:48:00+00:00,t1_18,treatment,error_rate,0
2026-01-01T00:49:00+00:00,t1_19,treatment,conversion,1
2026-01-01T00:49:00+00:00,t1_19,treatment,error_rate,0
2026-01-01T00:50:00+00:00,t1_20,treatment,conversion,0
2026-01-01T00:50:00+00:00,t1_20,treatment,error_rate,0
2026-01-01T00:51:00+00:00,t1_21,treatment,conversion,0
2026-01-01T00:51:00+00:00,t1_21,treatment,error_rate,0
2026-01-01T00:52:00+00:00,t1_22,treatment,conversion,0
2026-01-01T00:52:00+00:00,t1_22,treatment,error_rate,1
2026-01-01T00:53:00+00:00,t1_23,treatment,conversion,0
2026-01-01T00:53:00+00:00,t1_23,treatment,error_rate,0
2026-01-01T00:54:00+00:00,t1_24,treatment,conversion,0
2026-01-01T00:54:00+00:00,t1_24,treatment,error_rate,0
2026-01-01T00:55:00+00:00,t1_25,treatment,conversion,0
2026-01-01T00:55:00+00:00,t1_25,treatment,error_rate,0
2026-01-01T00:56:00+00:00,t1_26,treatment,conversion,0
2026-01-01T00:56:00+00:00,t1_26,treatment,error_rate,0
2026-01-01T00:57:00+00:00,t1_27,treatment,conversion,1
2026-01-01T00:57:00+00:00,t1_27,treatment,error_rate,1
2026-01-01T00:58:00+00:00,t1_28,treatment,conversion,0
2026-01-01T00:58:00+00:00,t1_28,treatment,error_rate,0
2026-01-01T00:59:00+00:00,t1_29,treatment,conversion,0
2026-01-01T00:59:00+00:00,t1_29,treatment,error_rate,0
2026-01-01T01:00:00+00:00,c2_0,control,conversion,0
2026-01-01T01:00:00+00:00,c2_0,control,error_rate,0
2026-01-01T01:01:00+00:00,c2_1,control,conversion,0
2026-01-01T01:01:00+00:00,c2_1,control,error_rate,0
2026-01-01T01:02:00+00:00,c2_2,control,conversion,0
2026-01-01T01:02:00+00:00,c2_2,control,error_rate,0
2026-01-01T01:03:00+00:00,c2_3,control,conversion,0
2026-01-01T01:03:00+00:00,c2_3,control,error_rate,0
2026-01-01T01:04:00+00:00,c2_4,control,conversion,0
2026-01-01T01:04:00+00:00,c2_4,control,error_rate,0
2026-01-01T01:05:00+00:00,c2_5,control,conversion,0
2026-01-01T01:05:00+00:00,c2_5,control,error_rate,0
2026-01-01T01:06:00+00:00,c2_6,control,conversion,0
2026-01-01T01:06:00+00:00,c2_6,control,error_rate,0
2026-01-01T01:07:00+00:00,c2_7,control,conversion,0
2026-01-01T01:07:00+00:00,c2_7,control,error_rate,0
2026-01-01T01:08:00+00:00,c2_8,control,conversion,1
2026-01-01T01:08:00+00:00,c2_8,control,error_rate,0
2026-01-01T01:09:00+00:00,c2_9,control,conversion,0
2026-01-01T01:09:00+00:00,c2_9,control,error_rate,0
2026-01-01T01:10:00+00:00,c2_10,control,conversion,1
2026-01-01T01:10:00+00:00,c2_10,control,error_rate,0
2026-01-01T01:11:00+00:00,c2_11,control,conversion,0
2026-01-01T01:11:00+00:00,c2_11,control,error_rate,0
2026-01-01T01:12:00+00:00,c2_12,control,conversion,0
2026-01-01T01:12:00+00:00,c2_12,control,error_rate,1
2026-01-01T01:13:00+00:00,c2_13,control,conversion,0
2026-01-01T01:13:00+00:00,c2_13,control,error_rate,0
2026-01-01T01:14:00+00:00,c2_14,control,conversion,0
2026-01-01T01:14:00+00:00,c2_14,control,error_rate,0
2026-01-01T01:15:00+00:00,c2_15,control,conversion,0
2026-01-01T01:15:00+00:00,c2_15,control,error_rate,0
2026-01-01T01:16:00+00:00,c2_16,control,conversion,0
2026-01-01T01:16:00+00:00,c2_16,control,error_rate,0
2026-01-01T01:17:00+00:00,c2_17,control,conversion,0
2026-01-01T01:17:00+00:00,c2_17,control,error_rate,0
2026-01-01T01:18:00+00:00,c2_18,control,conversion,1
2026-01-01T01:18:00+00:00,c2_18,control,error_rate,0
2026-01-01T01:19:00+00:00,c2_19,control,conversion,0
2026-01-01T01:19:00+00:00,c2_19,control,error_rate,0
2026-01-01T01:20:00+00:00,c2_20,control,conversion,0
2026-01-01T01:20:00+00:00,c2_20,control,error_rate,0
2026-01-01T01:21:00+00:00,c2_21,control,conversion,1
2026-01-01T01:21:00+00:00,c2_21,control,error_rate,0
2026-01-01T01:22:00+00:00,c2_22,control,conversion,0
2026-01-01T01:22:00+00:00,c2_22,control,error_rate,0
2026-01-01T01:23:00+00:00,c2_23,control,conversion,0
2026-01-01T01:23:00+00:00,c2_23,control,error_rate,0
2026-01-01T01:24:00+00:00,c2_24,control,conversion,0
2026-01-01T01:24:00+00:00,c2_24,control,error_rate,0
2026-01-01T01:25:00+00:00,c2_25,control,conversion,0
2026-01-01T01:25:00+00:00,c2_25,control,error_rate,0
2026-01-01T01:26:00+00:00,c2_26,control,conversion,0
2026-01-01T01:26:00+00:00,c2_26,control,error_rate,0
2026-01-01T01:27:00+00:00,c2_27,control,conversion,0
2026-01-01T01:27:00+00:00,c2_27,control,error_rate,0
2026-01-01T01:28:00+00:00,c2_28,control,conversion,0
2026-01-01T01:28:00+00:00,c2_28,control,error_rate,0
2026-01-01T01:29:00+00:00,c2_29,control,conversion,0
2026-01-01T01:29:00+00:00,c2_29,control,error_rate,0
2026-01-01T01:00:00+00:00,t2_0,treatment,conversion,0
2026-01-01T01:00:00+00:00,t2_0,treatment,error_rate,0
2026-01-01T01:01:00+00:00,t2_1,treatment,conversion,0
2026-01-01T01:01:00+00:00,t2_1,treatment,error_rate,0
2026-01-01T01:02:00+00:00,t2_2,treatment,conversion,0
2026-01-01T01:02:00+00:00,t2_2,treatment,error_rate,0
2026-01-01T01:03:00+00:00,t2_3,treatment,conversion,0
2026-01-01T01:03:00+00:00,t2_3,treatment,error_rate,0
2026-01-01T01:04:00+00:00,t2_4,treatment,conversion,1
2026-01-01T01:04:00+00:00,t2_4,treatment,error_rate,0
2026-01-01T01:05:00+00:00,t2_5,treatment,conversion,0
2026-01-01T01:05:00+00:00,t2_5,treatment,error_rate,0
2026-01-01T01:06:00+00:00,t2_6,treatment,conversion,0
2026-01-01T01:06:00+00:00,t2_6,treatment,error_rate,0
2026-01-01T01:07:00+00:00,t2_7,treatment,conversion,0
2026-01-01T01:07:00+00:00,t2_7,treatment,error_rate,0
2026-01-01T01:08:00+00:00,t2_8,treatment,conversion,0
2026-01-01T01:08:00+00:00,t2_8,treatment,error_rate,0
2026-01-01T01:09:00+00:00,t2_9,treatment,conversion,1
2026-01-01T01:09:00+00:00,t2_9,treatment,error_rate,0
2026-01-01T01:10:00+00:00,t2_10,treatment,conversion,0
2026-01-01T01:10:00+00:00,t2_10,treatment,error_rate,0
2026-01-01T01:11:00+00:00,t2_11,treatment,conversion,0
2026-01-01T01:11:00+00:00,t2_11,treatment,error_rate,0
2026-01-01T01:12:00+00:00,t2_12,treatment,conversion,0
2026-01-01T01:12:00+00:00,t2_12,treatment,error_rate,0
2026-01-01T01:13:00+00:00,t2_13,treatment,conversion,1
2026-01-01T01:13:00+00:00,t2_13,treatment,error_rate,0
2026-01-01T01:14:00+00:00,t2_14,treatment,conversion,1
2026-01-01T01:14:00+00:00,t2_14,treatment,error_rate,0
2026-01-01T01:15:00+00:00,t2_15,treatment,conversion,0
2026-01-01T01:15:00+00:00,t2_15,treatment,error_rate,0
2026-01-01T01:16:00+00:00,t2_16,treatment,conversion,0
2026-01-01T01:16:00+00:00,t2_16,treatment,error_rate,0
2026-01-01T01:17:00+00:00,t2_17,treatment,conversion,0
2026-01-01T01:17:00+00:00,t2_17,treatment,error_rate,0
2026-01-01T01:18:00+00:00,t2_18,treatment,conversion,0
2026-01-01T01:18:00+00:00,t2_18,treatment,error_rate,1
2026-01-01T01:19:00+00:00,t2_19,treatment,conversion,0
2026-01-01T01:19:00+00:00,t2_19,treatment,error_rate,1
2026-01-01T01:20:00+00:00,t2_20,treatment,conversion,0
2026-01-01T01:20:00+00:00,t2_20,treatment,error_rate,0
2026-01-01T01:21:00+00:00,t2_21,treatment,conversion,0
2026-01-01T01:21:00+00:00,t2_21,treatment,error_rate,0
2026-01-01T01:22:00+00:00,t2_22,treatment,conversion,1
2026-01-01T01:22:00+00:00,t2_22,treatment,error_rate,0
2026-01-01T01:23:00+00:00,t2_23,treatment,conversion,0
2026-01-01T01:23:00+00:00,t2_23,treatment,error_rate,0
2026-01-01T01:24:00+00:00,t2_24,treatment,conversion,0
2026-01-01T01:24:00+00:00,t2_24,treatment,error_rate,0
2026-01-01T01:25:00+00:00,t2_25,treatment,conversion,0
2026-01-01T01:25:00+00:00,t2_25,treatment,error_rate,0
2026-01-01T01:26:00+00:00,t2_26,treatment,conversion,1
2026-01-01T01:26:00+00:00,t2_26,treatment,error_rate,0
2026-01-01T01:27:00+00:00,t2_27,treatment,conversion,1
2026-01-01T01:27:00+00:00,t2_27,treatment,error_rate,0
2026-01-01T01:28:00+00:00,t2_28,treatment,conversion,0
2026-01-01T01:28:00+00:00,t2_28,treatment,error_rate,0
2026-01-01T01:29:00+00:00,t2_29,treatment,conversion,1
2026-01-01T01:29:00+00:00,t2_29,treatment,error_rate,0
2026-01-01T01:30:00+00:00,c3_0,control,conversion,0
2026-01-01T01:30:00+00:00,c3_0,control,error_rate,0
2026-01-01T01:31:00+00:00,c3_1,control,conversion,0
2026-01-01T01:31:00+00:00,c3_1,control,error_rate,0
2026-01-01T01:32:00+00:00,c3_2,control,conversion,0
2026-01-01T01:32:00+00:00,c3_2,control,error_rate,0
2026-01-01T01:33:00+00:00,c3_3,control,conversion,0
2026-01-01T01:33:00+00:00,c3_3,control,error_rate,0
2026-01-01T01:34:00+00:00,c3_4,control,conversion,0
2026-01-01T01:34:00+00:00,c3_4,control,error_rate,0
2026-01-01T01:35:00+00:00,c3_5,control,conversion,0
2026-01-01T01:35:00+00:00,c3_5,control,error_rate,0
2026-01-01T01:36:00+00:00,c3_6,control,conversion,0
2026-01-01T01:36:00+00:00,c3_6,control,error_rate,0
2026-01-01T01:37:00+00:00,c3_7,control,conversion,0
2026-01-01T01:37:00+00:00,c3_7,control,error_rate,0
2026-01-01T01:38:00+00:00,c3_8,control,conversion,0
2026-01-01T01:38:00+00:00,c3_8,control,error_rate,0
2026-01-01T01:39:00+00:00,c3_9,control,conversion,0
2026-01-01T01:39:00+00:00,c3_9,control,error_rate,0
2026-01-01T01:40:00+00:00,c3_10,control,conversion,1
2026-01-01T01:40:00+00:00,c3_10,control,error_rate,0
2026-01-01T01:41:00+00:00,c3_11,control,conversion,0
2026-01-01T01:41:00+00:00,c3_11,control,error_rate,1
2026-01-01T01:42:00+00:00,c3_12,control,conversion,0
2026-01-01T01:42:00+00:00,c3_12,control,error_rate,0
2026-01-01T01:43:00+00:00,c3_13,control,conversion,0
2026-01-01T01:43:00+00:00,c3_13,control,error_rate,0
2026-01-01T01:44:00+00:00,c3_14,control,conversion,0
2026-01-01T01:44:00+00:00,c3_14,control,error_rate,0
2026-01-01T01:45:00+00:00,c3_15,control,conversion,0
2026-01-01T01:45:00+00:00,c3_15,control,error_rate,0
2026-01-01T01:46:00+00:00,c3_16,control,conversion,0
2026-01-01T01:46:00+00:00,c3_16,control,error_rate,0
2026-01-01T01:47:00+00:00,c3_17,control,conversion,0
2026-01-01T01:47:00+00:00,c3_17,control,error_rate,0
2026-01-01T01:48:00+00:00,c3_18,control,conversion,0
2026-01-01T01:48:00+00:00,c3_18,control,error_rate,0
2026-01-01T01:49:00+00:00,c3_19,control,conversion,0
2026-01-01T01:49:00+00:00,c3_19,control,error_rate,0
2026-01-01T01:50:00+00:00,c3_20,control,conversion,0
2026-01-01T01:50:00+00:00,c3_20,control,error_rate,0
2026-01-01T01:51:00+00:00,c3_21,control,conversion,0
2026-01-01T01:51:00+00:00,c3_21,control,error_rate,0
2026-01-01T01:52:00+00:00,c3_22,control,conversion,1
2026-01-01T01:52:00+00:00,c3_22,control,error_rate,0
2026-01-01T01:53:00+00:00,c3_23,control,conversion,0
2026-01-01T01:53:00+00:00,c3_23,control,error_rate,0
2026-01-01T01:54:00+00:00,c3_24,control,conversion,0
2026-01-01T01:54:00+00:00,c3_24,control,error_rate,0
2026-01-01T01:55:00+00:00,c3_25,control,conversion,0
2026-01-01T01:55:00+00:00,c3_25,control,error_rate,0
2026-01-01T01:56:00+00:00,c3_26,control,conversion,0
2026-01-01T01:56:00+00:00,c3_26,control,error_rate,0
2026-01-01T01:57:00+00:00,c3_27,control,conversion,0
2026-01-01T01:57:00+00:00,c3_27,control,error_rate,0
2026-01-01T01:58:00+00:00,c3_28,control,conversion,0
2026-01-01T01:58:00+00:00,c3_28,control,error_rate,0
2026-01-01T01:59:00+00:00,c3_29,control,conversion,0
2026-01-01T01:59:00+00:00,c3_29,control,error_rate,0
2026-01-01T01:30:00+00:00,t3_0,treatment,conversion,0
2026-01-01T01:30:00+00:00,t3_0,treatment,error_rate,0
2026-01-01T01:31:00+00:00,t3_1,treatment,conversion,1
2026-01-01T01:31:00+00:00,t3_1,treatment,error_rate,0
2026-01-01T01:32:00+00:00,t3_2,treatment,conversion,1
2026-01-01T01:32:00+00:00,t3_2,treatment,error_rate,0
2026-01-01T01:33:00+00:00,t3_3,treatment,conversion,0
2026-01-01T01:33:00+00:00,t3_3,treatment,error_rate,0
2026-01-01T01:34:00+00:00,t3_4,treatment,conversion,0
2026-01-01T01:34:00+00:00,t3_4,treatment,error_rate,0
2026-01-01T01:35:00+00:00,t3_5,treatment,conversion,0
2026-01-01T01:35:00+00:00,t3_5,treatment,error_rate,1
2026-01-01T01:36:00+00:00,t3_6,treatment,conversion,0
2026-01-01T01:36:00+00:00,t3_6,treatment,error_rate,0
2026-01-01T01:37:00+00:00,t3_7,treatment,conversion,0
2026-01-01T01:37:00+00:00,t3_7,treatment,error_rate,1
2026-01-01T01:38:00+00:00,t3_8,treatment,conversion,0
2026-01-01T01:38:00+00:00,t3_8,treatment,error_rate,0
2026-01-01T01:39:00+00:00,t3_9,treatment,conversion,0
2026-01-01T01:39:00+00:00,t3_9,treatment,error_rate,1
2026-01-01T01:40:00+00:00,t3_10,treatment,conversion,0
2026-01-01T01:40:00+00:00,t3_10,treatment,error_rate,0
2026-01-01T01:41:00+00:00,t3_11,treatment,conversion,1
2026-01-01T01:41:00+00:00,t3_11,treatment,error_rate,0
2026-01-01T01:42:00+00:00,t3_12,treatment,conversion,1
2026-01-01T01:42:00+00:00,t3_12,treatment,error_rate,0
2026-01-01T01:43:00+00:00,t3_13,treatment,conversion,0
2026-01-01T01:43:00+00:00,t3_13,treatment,error_rate,0
2026-01-01T01:44:00+00:00,t3_14,treatment,conversion,0
2026-01-01T01:44:00+00:00,t3_14,treatment,error_rate,0
2026-01-01T01:45:00+00:00,t3_15,treatment,conversion,0
2026-01-01T01:45:00+00:00,t3_15,treatment,error_rate,0
2026-01-01T01:46:00+00:00,t3_16,treatment,conversion,0
2026-01-01T01:46:00+00:00,t3_16,treatment,error_rate,0
2026-01-01T01:47:00+00:00,t3_17,treatment,conversion,0
2026-01-01T01:47:00+00:00,t3_17,treatment,error_rate,0
2026-01-01T01:48:00+00:00,t3_18,treatment,conversion,0
2026-01-01T01:48:00+00:00,t3_18,treatment,error_rate,0
2026-01-01T01:49:00+00:00,t3_19,treatment,conversion,0
2026-01-01T01:49:00+00:00,t3_19,treatment,error_rate,0
2026-01-01T01:50:00+00:00,t3_20,treatment,conversion,0
2026-01-01T01:50:00+00:00,t3_20,treatment,error_rate,0
2026-01-01T01:51:00+00:00,t3_21,treatment,conversion,0
2026-01-01T01:51:00+00:00,t3_21,treatment,error_rate,0
2026-01-01T01:52:00+00:00,t3_22,treatment,conversion,0
2026-01-01T01:52:00+00:00,t3_22,treatment,error_rate,0
2026-01-01T01:53:00+00:00,t3_23,treatment,conversion,0
2026-01-01T01:53:00+00:00,t3_23,treatment,error_rate,0
2026-01-01T01:54:00+00:00,t3_24,treatment,conversion,0
2026-01-01T01:54:00+00:00,t3_24,treatment,error_rate,0
2026-01-01T01:55:00+00:00,t3_25,treatment,conversion,1
2026-01-01T01:55:00+00:00,t3_25,treatment,error_rate,0
2026-01-01T01:56:00+00:00,t3_26,treatment,conversion,0
2026-01-01T01:56:00+00:00,t3_26,treatment,error_rate,0
2026-01-01T01:57:00+00:00,t3_27,treatment,conversion,0
2026-01-01T01:57:00+00:00,t3_27,treatment,error_rate,0
2026-01-01T01:58:00+00:00,t3_28,treatment,conversion,0
2026-01-01T01:58:00+00:00,t3_28,treatment,error_rate,0
2026-01-01T01:59:00+00:00,t3_29,treatment,conversion,0
2026-01-01T01:59:00+00:00,t3_29,treatment,error_rate,0
2026-01-01T02:00:00+00:00,c4_0,control,conversion,0
2026-01-01T02:00:00+00:00,c4_0,control,error_rate,0
2026-01-01T02:01:00+00:00,c4_1,control,conversion,0
2026-01-01T02:01:00+00:00,c4_1,control,error_rate,0
2026-01-01T02:02:00+00:00,c4_2,control,conversion,0
2026-01-01T02:02:00+00:00,c4_2,control,error_rate,0
2026-01-01T02:03:00+00:00,c4_3,control,conversion,0
2026-01-01T02:03:00+00:00,c4_3,control,error_rate,0
2026-01-01T02:04:00+00:00,c4_4,control,conversion,0
2026-01-01T02:04:00+00:00,c4_4,control,error_rate,0
2026-01-01T02:05:00+00:00,c4_5,control,conversion,0
2026-01-01T02:05:00+00:00,c4_5,control,error_rate,0
2026-01-01T02:06:00+00:00,c4_6,control,conversion,0
2026-01-01T02:06:00+00:00,c4_6,control,error_rate,0
2026-01-01T02:07:00+00:00,c4_7,control,conversion,0
2026-01-01T02:07:00+00:00,c4_7,control,error_rate,1
2026-01-01T02:08:00+00:00,c4_8,control,conversion,0
2026-01-01T02:08:00+00:00,c4_8,control,error_rate,0
2026-01-01T02:09:00+00:00,c4_9,control,conversion,0
2026-01-01T02:09:00+00:00,c4_9,control,error_rate,0
2026-01-01T02:10:00+00:00,c4_10,control,conversion,0
2026-01-01T02:10:00+00:00,c4_10,control,error_rate,0
2026-01-01T02:11:00+00:00,c4_11,control,conversion,0
2026-01-01T02:11:00+00:00,c4_11,control,error_rate,0
2026-01-01T02:12:00+00:00,c4_12,control,conversion,0
2026-01-01T02:12:00+00:00,c4_12,control,error_rate,0
2026-01-01T02:13:00+00:00,c4_13,control,conversion,0
2026-01-01T02:13:00+00:00,c4_13,control,error_rate,0
2026-01-01T02:14:00+00:00,c4_14,control,conversion,0
2026-01-01T02:14:00+00:00,c4_14,control,error_rate,0
2026-01-01T02:15:00+00:00,c4_15,control,conversion,0
2026-01-01T02:15:00+00:00,c4_15,control,error_rate,0
2026-01-01T02:16:00+00:00,c4_16,control,conversion,1
2026-01-01T02:16:00+00:00,c4_16,control,error_rate,0
2026-01-01T02:17:00+00:00,c4_17,control,conversion,0
2026-01-01T02:17:00+00:00,c4_17,control,error_rate,0
2026-01-01T02:18:00+00:00,c4_18,control,conversion,1
2026-01-01T02:18:00+00:00,c4_18,control,error_rate,0
2026-01-01T02:19:00+00:00,c4_19,control,conversion,0
2026-01-01T02:19:00+00:00,c4_19,control,error_rate,0
2026-01-01T02:20:00+00:00,c4_20,control,conversion,0
2026-01-01T02:20:00+00:00,c4_20,control,error_rate,0
2026-01-01T02:21:00+00:00,c4_21,control,conversion,0
2026-01-01T02:21:00+00:00,c4_21,control,error_rate,0
2026-01-01T02:22:00+00:00,c4_22,control,conversion,0
2026-01-01T02:22:00+00:00,c4_22,control,error_rate,0
2026-01-01T02:23:00+00:00,c4_23,control,conversion,0
2026-01-01T02:23:00+00:00,c4_23,control,error_rate,0
2026-01-01T02:24:00+00:00,c4_24,control,conversion,0
2026-01-01T02:24:00+00:00,c4_24,control,error_rate,0
2026-01-01T02:25:00+00:00,c4_25,control,conversion,0
2026-01-01T02:25:00+00:00,c4_25,control,error_rate,1
2026-01-01T02:26:00+00:00,c4_26,control,conversion,0
2026-01-01T02:26:00+00:00,c4_26,control,error_rate,0
2026-01-01T02:27:00+00:00,c4_27,control,conversion,0
2026-01-01T02:27:00+00:00,c4_27,control,error_rate,0
2026-01-01T02:28:00+00:00,c4_28,control,conversion,0
2026-01-01T02:28:00+00:00,c4_28,control,error_rate,0
2026-01-01T02:29:00+00:00,c4_29,control,conversion,0
2026-01-01T02:29:00+00:00,c4_29,control,error_rate,0
2026-01-01T02:00:00+00:00,t4_0,treatment,conversion,0
2026-01-01T02:00:00+00:00,t4_0,treatment,error_rate,0
2026-01-01T02:01:00+00:00,t4_1,treatment,conversion,0
2026-01-01T02:01:00+00:00,t4_1,treatment,error_rate,0
2026-01-01T02:02:00+00:00,t4_2,treatment,conversion,0
2026-01-01T02:02:00+00:00,t4_2,treatment,error_rate,0
2026-01-01T02:03:00+00:00,t4_3,treatment,conversion,0
2026-01-01T02:03:00+00:00,t4_3,treatment,error_rate,0
2026-01-01T02:04:00+00:00,t4_4,treatment,conversion,0
2026-01-01T02:04:00+00:00,t4_4,treatment,error_rate,0
2026-01-01T02:05:00+00:00,t4_5,treatment,conversion,0
2026-01-01T02:05:00+00:00,t4_5,treatment,error_rate,0
2026-01-01T02:06:00+00:00,t4_6,treatment,conversion,1
2026-01-01T02:06:00+00:00,t4_6,treatment,error_rate,0
2026-01-01T02:07:00+00:00,t4_7,treatment,conversion,1
2026-01-01T02:07:00+00:00,t4_7,treatment,error_rate,0
2026-01-01T02:08:00+00:00,t4_8,treatment,conversion,0
2026-01-01T02:08:00+00:00,t4_8,treatment,error_rate,1
2026-01-01T02:09:00+00:00,t4_9,treatment,conversion,1
2026-01-01T02:09:00+00:00,t4_9,treatment,error_rate,0
2026-01-01T02:10:00+00:00,t4_10,treatment,conversion,0
2026-01-01T02:10:00+00:00,t4_10,treatment,error_rate,1
2026-01-01T02:11:00+00:00,t4_11,treatment,conversion,0
2026-01-01T02:11:00+00:00,t4_11,treatment,error_rate,0
2026-01-01T02:12:00+00:00,t4_12,treatment,conversion,0
2026-01-01T02:12:00+00:00,t4_12,treatment,error_rate,0
2026-01-01T02:13:00+00:00,t4_13,treatment,conversion,1
2026-01-01T02:13:00+00:00,t4_13,treatment,error_rate,0
2026-01-01T02:14:00+00:00,t4_14,treatment,conversion,0
2026-01-01T02:14:00+00:00,t4_14,treatment,error_rate,0
2026-01-01T02:15:00+00:00,t4_15,treatment,conversion,0
2026-01-01T02:15:00+00:00,t4_15,treatment,error_rate,0
2026-01-01T02:16:00+00:00,t4_16,treatment,conversion,0
2026-01-01T02:16:00+00:00,t4_16,treatment,error_rate,0
2026-01-01T02:17:00+00:00,t4_17,treatment,conversion,0
2026-01-01T02:17:00+00:00,t4_17,treatment,error_rate,1
2026-01-01T02:18:00+00:00,t4_18,treatment,conversion,0
2026-01-01T02:18:00+00:00,t4_18,treatment,error_rate,0
2026-01-01T02:19:00+00:00,t4_19,treatment,conversion,0
2026-01-01T02:19:00+00:00,t4_19,treatment,error_rate,0
2026-01-01T02:20:00+00:00,t4_20,treatment,conversion,0
2026-01-01T02:20:00+00:00,t4_20,treatment,error_rate,0
2026-01-01T02:21:00+00:00,t4_21,treatment,conversion,1
2026-01-01T02:21:00+00:00,t4_21,treatment,error_rate,0
2026-01-01T02:22:00+00:00,t4_22,treatment,conversion,1
2026-01-01T02:22:00+00:00,t4_22,treatment,error_rate,0
2026-01-01T02:23:00+00:00,t4_23,treatment,conversion,0
2026-01-01T02:23:00+00:00,t4_23,treatment,error_rate,0
2026-01-01T02:24:00+00:00,t4_24,treatment,conversion,0
2026-01-01T02:24:00+00:00,t4_24,treatment,error_rate,0
2026-01-01T02:25:00+00:00,t4_25,treatment,conversion,0
2026-01-01T02:25:00+00:00,t4_25,treatment,error_rate,0
2026-01-01T02:26:00+00:00,t4_26,treatment,conversion,0
2026-01-01T02:26:00+00:00,t4_26,treatment,error_rate,0
2026-01-01T02:27:00+00:00,t4_27,treatment,conversion,0
2026-01-01T02:27:00+00:00,t4_27,treatment,error_rate,0
2026-01-01T02:28:00+00:00,t4_28,treatment,conversion,1
2026-01-01T02:28:00+00:00,t4_28,treatment,error_rate,0
2026-01-01T02:29:00+00:00,t4_29,treatment,conversion,0
2026-01-01T02:29:00+00:00,t4_29,treatment,error_rate,0
2026-01-01T02:30:00+00:00,c5_0,control,conversion,0
2026-01-01T02:30:00+00:00,c5_0,control,error_rate,0
2026-01-01T02:31:00+00:00,c5_1,control,conversion,0
2026-01-01T02:31:00+00:00,c5_1,control,error_rate,1
2026-01-01T02:32:00+00:00,c5_2,control,conversion,0
2026-01-01T02:32:00+00:00,c5_2,control,error_rate,0
2026-01-01T02:33:00+00:00,c5_3,control,conversion,0
2026-01-01T02:33:00+00:00,c5_3,control,error_rate,0
2026-01-01T02:34:00+00:00,c5_4,control,conversion,0
2026-01-01T02:34:00+00:00,c5_4,control,error_rate,0
2026-01-01T02:35:00+00:00,c5_5,control,conversion,0
2026-01-01T02:35:00+00:00,c5_5,control,error_rate,0
2026-01-01T02:36:00+00:00,c5_6,control,conversion,0
2026-01-01T02:36:00+00:00,c5_6,control,error_rate,0
2026-01-01T02:37:00+00:00,c5_7,control,conversion,1
2026-01-01T02:37:00+00:00,c5_7,control,error_rate,0
2026-01-01T02:38:00+00:00,c5_8,control,conversion,0
2026-01-01T02:38:00+00:00,c5_8,control,error_rate,0
2026-01-01T02:39:00+00:00,c5_9,control,conversion,0
2026-01-01T02:39:00+00:00,c5_9,control,error_rate,0
2026-01-01T02:40:00+00:00,c5_10,control,conversion,0
2026-01-01T02:40:00+00:00,c5_10,control,error_rate,0
2026-01-01T02:41:00+00:00,c5_11,control,conversion,0
2026-01-01T02:41:00+00:00,c5_11,control,error_rate,0
2026-01-01T02:42:00+00:00,c5_12,control,conversion,0
2026-01-01T02:42:00+00:00,c5_12,control,error_rate,0
2026-01-01T02:43:00+00:00,c5_13,control,conversion,0
2026-01-01T02:43:00+00:00,c5_13,control,error_rate,0
2026-01-01T02:44:00+00:00,c5_14,control,conversion,0
2026-01-01T02:44:00+00:00,c5_14,control,error_rate,1
2026-01-01T02:45:00+00:00,c5_15,control,conversion,0
2026-01-01T02:45:00+00:00,c5_15,control,error_rate,0
2026-01-01T02:46:00+00:00,c5_16,control,conversion,1
2026-01-01T02:46:00+00:00,c5_16,control,error_rate,0
2026-01-01T02:47:00+00:00,c5_17,control,conversion,0
2026-01-01T02:47:00+00:00,c5_17,control,error_rate,0
2026-01-01T02:48:00+00:00,c5_18,control,conversion,0
2026-01-01T02:48:00+00:00,c5_18,control,error_rate,0
2026-01-01T02:49:00+00:00,c5_19,control,conversion,0
2026-01-01T02:49:00+00:00,c5_19,control,error_rate,0
2026-01-01T02:50:00+00:00,c5_20,control,conversion,0
2026-01-01T02:50:00+00:00,c5_20,control,error_rate,0
2026-01-01T02:51:00+00:00,c5_21,control,conversion,0
2026-01-01T02:51:00+00:00,c5_21,control,error_rate,0
2026-01-01T02:52:00+00:00,c5_22,control,conversion,0
2026-01-01T02:52:00+00:00,c5_22,control,error_rate,0
2026-01-01T02:53:00+00:00,c5_23,control,conversion,0
2026-01-01T02:53:00+00:00,c5_23,control,error_rate,0
2026-01-01T02:54:00+00:00,c5_24,control,conversion,1
2026-01-01T02:54:00+00:00,c5_24,control,error_rate,0
2026-01-01T02:55:00+00:00,c5_25,control,conversion,0
2026-01-01T02:55:00+00:00,c5_25,control,error_rate,0
2026-01-01T02:56:00+00:00,c5_26,control,conversion,0
2026-01-01T02:56:00+00:00,c5_26,control,error_rate,0
2026-01-01T02:57:00+00:00,c5_27,control,conversion,0
2026-01-01T02:57:00+00:00,c5_27,control,error_rate,0
2026-01-01T02:58:00+00:00,c5_28,control,conversion,0
2026-01-01T02:58:00+00:00,c5_28,control,error_rate,0
2026-01-01T02:59:00+00:00,c5_29,control,conversion,0
2026-01-01T02:59:00+00:00,c5_29,control,error_rate,1
2026-01-01T02:30:00+00:00,t5_0,treatment,conversion,0
2026-01-01T02:30:00+00:00,t5_0,treatment,error_rate,0
2026-01-01T02:31:00+00:00,t5_1,treatment,conversion,1
2026-01-01T02:31:00+00:00,t5_1,treatment,error_rate,1
2026-01-01T02:32:00+00:00,t5_2,treatment,conversion,0
2026-01-01T02:32:00+00:00,t5_2,treatment,error_rate,0
2026-01-01T02:33:00+00:00,t5_3,treatment,conversion,0
2026-01-01T02:33:00+00:00,t5_3,treatment,error_rate,0
2026-01-01T02:34:00+00:00,t5_4,treatment,conversion,0
2026-01-01T02:34:00+00:00,t5_4,treatment,error_rate,0
2026-01-01T02:35:00+00:00,t5_5,treatment,conversion,0
2026-01-01T02:35:00+00:00,t5_5,treatment,error_rate,1
2026-01-01T02:36:00+00:00,t5_6,treatment,conversion,1
2026-01-01T02:36:00+00:00,t5_6,treatment,error_rate,0
2026-01-01T02:37:00+00:00,t5_7,treatment,conversion,0
2026-01-01T02:37:00+00:00,t5_7,treatment,error_rate,0
2026-01-01T02:38:00+00:00,t5_8,treatment,conversion,1
2026-01-01T02:38:00+00:00,t5_8,treatment,error_rate,0
2026-01-01T02:39:00+00:00,t5_9,treatment,conversion,0
2026-01-01T02:39:00+00:00,t5_9,treatment,error_rate,0
2026-01-01T02:40:00+00:00,t5_10,treatment,conversion,1
2026-01-01T02:40:00+00:00,t5_10,treatment,error_rate,0
2026-01-01T02:41:00+00:00,t5_11,treatment,conversion,0
2026-01-01T02:41:00+00:00,t5_11,treatment,error_rate,0
2026-01-01T02:42:00+00:00,t5_12,treatment,conversion,1
2026-01-01T02:42:00+00:00,t5_12,treatment,error_rate,0
2026-01-01T02:43:00+00:00,t5_13,treatment,conversion,0
2026-01-01T02:43:00+00:00,t5_13,treatment,error_rate,0
2026-01-01T02:44:00+00:00,t5_14,treatment,conversion,0
2026-01-01T02:44:00+00:00,t5_14,treatment,error_rate,0
2026-01-01T02:45:00+00:00,t5_15,treatment,conversion,0
2026-01-01T02:45:00+00:00,t5_15,treatment,error_rate,1
2026-01-01T02:46:00+00:00,t5_16,treatment,conversion,0
2026-01-01T02:46:00+00:00,t5_16,treatment,error_rate,0
2026-01-01T02:47:00+00:00,t5_17,treatment,conversion,1
2026-01-01T02:47:00+00:00,t5_17,treatment,error_rate,0
2026-01-01T02:48:00+00:00,t5_18,treatment,conversion,0
2026-01-01T02:48:00+00:00,t5_18,treatment,error_rate,0
2026-01-01T02:49:00+00:00,t5_19,treatment,conversion,0
2026-01-01T02:49:00+00:00,t5_19,treatment,error_rate,0
2026-01-01T02:50:00+00:00,t5_20,treatment,conversion,0
2026-01-01T02:50:00+00:00,t5_20,treatment,error_rate,0
2026-01-01T02:51:00+00:00,t5_21,treatment,conversion,0
2026-01-01T02:51:00+00:00,t5_21,treatment,error_rate,0
2026-01-01T02:52:00+00:00,t5_22,treatment,conversion,0
2026-01-01T02:52:00+00:00,t5_22,treatment,error_rate,0
2026-01-01T02:53:00+00:00,t5_23,treatment,conversion,0
2026-01-01T02:53:00+00:00,t5_23,treatment,error_rate,0
2026-01-01T02:54:00+00:00,t5_24,treatment,conversion,1
2026-01-01T02:54:00+00:00,t5_24,treatment,error_rate,0
2026-01-01T02:55:00+00:00,t5_25,treatment,conversion,0
2026-01-01T02:55:00+00:00,t5_25,treatment,error_rate,0
2026-01-01T02:56:00+00:00,t5_26,treatment,conversion,0
2026-01-01T02:56:00+00:00,t5_26,treatment,error_rate,0
2026-01-01T02:57:00+00:00,t5_27,treatment,conversion,0
2026-01-01T02:57:00+00:00,t5_27,treatment,error_rate,0
2026-01-01T02:58:00+00:00,t5_28,treatment,conversion,0
2026-01-01T02:58:00+00:00,t5_28,treatment,error_rate,0
2026-01-01T02:59:00+00:00,t5_29,treatment,conversion,0
2026-01-01T02:59:00+00:00,t5_29,treatment,error_rate,0
2026-01-01T03:00:00+00:00,c6_0,control,conversion,0
2026-01-01T03:00:00+00:00,c6_0,control,error_rate,0
2026-01-01T03:01:00+00:00,c6_1,control,conversion,0
2026-01-01T03:01:00+00:00,c6_1,control,error_rate,0
2026-01-01T03:02:00+00:00,c6_2,control,conversion,0
2026-01-01T03:02:00+00:00,c6_2,control,error_rate,0
2026-01-01T03:03:00+00:00,c6_3,control,conversion,0
2026-01-01T03:03:00+00:00,c6_3,control,error_rate,0
2026-01-01T03:04:00+00:00,c6_4,control,conversion,1
2026-01-01T03:04:00+00:00,c6_4,control,error_rate,0
2026-01-01T03:05:00+00:00,c6_5,control,conversion,0
2026-01-01T03:05:00+00:00,c6_5,control,error_rate,0
2026-01-01T03:06:00+00:00,c6_6,control,conversion,0
2026-01-01T03:06:00+00:00,c6_6,control,error_rate,1
2026-01-01T03:07:00+00:00,c6_7,control,conversion,0
2026-01-01T03:07:00+00:00,c6_7,control,error_rate,0
2026-01-01T03:08:00+00:00,c6_8,control,conversion,0
2026-01-01T03:08:00+00:00,c6_8,control,error_rate,0
2026-01-01T03:09:00+00:00,c6_9,control,conversion,0
2026-01-01T03:09:00+00:00,c6_9,control,error_rate,0
2026-01-01T03:10:00+00:00,c6_10,control,conversion,0
2026-01-01T03:10:00+00:00,c6_10,control,error_rate,0
2026-01-01T03:11:00+00:00,c6_11,control,conversion,0
2026-01-01T03:11:00+00:00,c6_11,control,error_rate,0
2026-01-01T03:12:00+00:00,c6_12,control,conversion,0
2026-01-01T03:12:00+00:00,c6_12,control,error_rate,0
2026-01-01T03:13:00+00:00,c6_13,control,conversion,0
2026-01-01T03:13:00+00:00,c6_13,control,error_rate,1
2026-01-01T03:14:00+00:00,c6_14,control,conversion,0
2026-01-01T03:14:00+00:00,c6_14,control,error_rate,0
2026-01-01T03:15:00+00:00,c6_15,control,conversion,0
2026-01-01T03:15:00+00:00,c6_15,control,error_rate,0
2026-01-01T03:16:00+00:00,c6_16,control,conversion,0
2026-01-01T03:16:00+00:00,c6_16,control,error_rate,0
2026-01-01T03:17:00+00:00,c6_17,control,conversion,0
2026-01-01T03:17:00+00:00,c6_17,control,error_rate,0
2026-01-01T03:18:00+00:00,c6_18,control,conversion,1
2026-01-01T03:18:00+00:00,c6_18,control,error_rate,0
2026-01-01T03:19:00+00:00,c6_19,control,conversion,0
2026-01-01T03:19:00+00:00,c6_19,control,error_rate,0
2026-01-01T03:20:00+00:00,c6_20,control,conversion,0
2026-01-01T03:20:00+00:00,c6_20,control,error_rate,0
2026-01-01T03:21:00+00:00,c6_21,control,conversion,0
2026-01-01T03:21:00+00:00,c6_21,control,error_rate,1
2026-01-01T03:22:00+00:00,c6_22,control,conversion,0
2026-01-01T03:22:00+00:00,c6_22,control,error_rate,0
2026-01-01T03:23:00+00:00,c6_23,control,conversion,0
2026-01-01T03:23:00+00:00,c6_23,control,error_rate,0
2026-01-01T03:24:00+00:00,c6_24,control,conversion,0
2026-01-01T03:24:00+00:00,c6_24,control,error_rate,0
2026-01-01T03:25:00+00:00,c6_25,control,conversion,0
2026-01-01T03:25:00+00:00,c6_25,control,error_rate,0
2026-01-01T03:26:00+00:00,c6_26,control,conversion,0
2026-01-01T03:26:00+00:00,c6_26,control,error_rate,0
2026-01-01T03:27:00+00:00,c6_27,control,conversion,0
2026-01-01T03:27:00+00:00,c6_27,control,error_rate,0
2026-01-01T03:28:00+00:00,c6_28,control,conversion,0
2026-01-01T03:28:00+00:00,c6_28,control,error_rate,0
2026-01-01T03:29:00+00:00,c6_29,control,conversion,0
2026-01-01T03:29:00+00:00,c6_29,control,error_rate,0
2026-01-01T03:00:00+00:00,t6_0,treatment,conversion,0
2026-01-01T03:00:00+00:00,t6_0,treatment,error_rate,0
2026-01-01T03:01:00+00:00,t6_1,treatment,conversion,1
2026-01-01T03:01:00+00:00,t6_1,treatment,error_rate,0
2026-01-01T03:02:00+00:00,t6_2,treatment,conversion,0
2026-01-01T03:02:00+00:00,t6_2,treatment,error_rate,0
2026-01-01T03:03:00+00:00,t6_3,treatment,conversion,0
2026-01-01T03:03:00+00:00,t6_3,treatment,error_rate,0
2026-01-01T03:04:00+00:00,t6_4,treatment,conversion,1
2026-01-01T03:04:00+00:00,t6_4,treatment,error_rate,0
2026-01-01T03:05:00+00:00,t6_5,treatment,conversion,0
2026-01-01T03:05:00+00:00,t6_5,treatment,error_rate,1
2026-01-01T03:06:00+00:00,t6_6,treatment,conversion,0
2026-01-01T03:06:00+00:00,t6_6,treatment,error_rate,0
2026-01-01T03:07:00+00:00,t6_7,treatment,conversion,1
2026-01-01T03:07:00+00:00,t6_7,treatment,error_rate,0
2026-01-01T03:08:00+00:00,t6_8,treatment,conversion,0
2026-01-01T03:08:00+00:00,t6_8,treatment,error_rate,0
2026-01-01T03:09:00+00:00,t6_9,treatment,conversion,0
2026-01-01T03:09:00+00:00,t6_9,treatment,error_rate,0
2026-01-01T03:10:00+00:00,t6_10,treatment,conversion,0
2026-01-01T03:10:00+00:00,t6_10,treatment,error_rate,0
2026-01-01T03:11:00+00:00,t6_11,treatment,conversion,0
2026-01-01T03:11:00+00:00,t6_11,treatment,error_rate,0
2026-01-01T03:12:00+00:00,t6_12,treatment,conversion,0
2026-01-01T03:12:00+00:00,t6_12,treatment,error_rate,0
2026-01-01T03:13:00+00:00,t6_13,treatment,conversion,0
2026-01-01T03:13:00+00:00,t6_13,treatment,error_rate,0
2026-01-01T03:14:00+00:00,t6_14,treatment,conversion,0
2026-01-01T03:14:00+00:00,t6_14,treatment,error_rate,0
2026-01-01T03:15:00+00:00,t6_15,treatment,conversion,0
2026-01-01T03:15:00+00:00,t6_15,treatment,error_rate,0
2026-01-01T03:16:00+00:00,t6_16,treatment,conversion,0
2026-01-01T03:16:00+00:00,t6_16,treatment,error_rate,0
2026-01-01T03:17:00+00:00,t6_17,treatment,conversion,0
2026-01-01T03:17:00+00:00,t6_17,treatment,error_rate,0
2026-01-01T03:18:00+00:00,t6_18,treatment,conversion,0
2026-01-01T03:18:00+00:00,t6_18,treatment,error_rate,0
2026-01-01T03:19:00+00:00,t6_19,treatment,conversion,0
2026-01-01T03:19:00+00:00,t6_19,treatment,error_rate,0
2026-01-01T03:20:00+00:00,t6_20,treatment,conversion,1
2026-01-01T03:20:00+00:00,t6_20,treatment,error_rate,1
2026-01-01T03:21:00+00:00,t6_21,treatment,conversion,0
2026-01-01T03:21:00+00:00,t6_21,treatment,error_rate,0
2026-01-01T03:22:00+00:00,t6_22,treatment,conversion,0
2026-01-01T03:22:00+00:00,t6_22,treatment,error_rate,0
2026-01-01T03:23:00+00:00,t6_23,treatment,conversion,0
2026-01-01T03:23:00+00:00,t6_23,treatment,error_rate,0
2026-01-01T03:24:00+00:00,t6_24,treatment,conversion,0
2026-01-01T03:24:00+00:00,t6_24,treatment,error_rate,0
2026-01-01T03:25:00+00:00,t6_25,treatment,conversion,0
2026-01-01T03:25:00+00:00,t6_25,treatment,error_rate,0
2026-01-01T03:26:00+00:00,t6_26,treatment,conversion,0
2026-01-01T03:26:00+00:00,t6_26,treatment,error_rate,0
2026-01-01T03:27:00+00:00,t6_27,treatment,conversion,1
2026-01-01T03:27:00+00:00,t6_27,treatment,error_rate,0
2026-01-01T03:28:00+00:00,t6_28,treatment,conversion,0
2026-01-01T03:28:00+00:00,t6_28,treatment,error_rate,0
2026-01-01T03:29:00+00:00,t6_29,treatment,conversion,0
2026-01-01T03:29:00+00:00,t6_29,treatment,error_rate,0
2026-01-01T03:30:00+00:00,c7_0,control,conversion,1
2026-01-01T03:30:00+00:00,c7_0,control,error_rate,0
2026-01-01T03:31:00+00:00,c7_1,control,conversion,0
2026-01-01T03:31:00+00:00,c7_1,control,error_rate,0
2026-01-01T03:32:00+00:00,c7_2,control,conversion,0
2026-01-01T03:32:00+00:00,c7_2,control,error_rate,0
2026-01-01T03:33:00+00:00,c7_3,control,conversion,0
2026-01-01T03:33:00+00:00,c7_3,control,error_rate,0
2026-01-01T03:34:00+00:00,c7_4,control,conversion,0
2026-01-01T03:34:00+00:00,c7_4,control,error_rate,1
2026-01-01T03:35:00+00:00,c7_5,control,conversion,0
2026-01-01T03:35:00+00:00,c7_5,control,error_rate,0
2026-01-01T03:36:00+00:00,c7_6,control,conversion,0
2026-01-01T03:36:00+00:00,c7_6,control,error_rate,0
2026-01-01T03:37:00+00:00,c7_7,control,conversion,0
2026-01-01T03:37:00+00:00,c7_7,control,error_rate,0
2026-01-01T03:38:00+00:00,c7_8,control,conversion,0
2026-01-01T03:38:00+00:00,c7_8,control,error_rate,0
2026-01-01T03:39:00+00:00,c7_9,control,conversion,0
2026-01-01T03:39:00+00:00,c7_9,control,error_rate,1
2026-01-01T03:40:00+00:00,c7_10,control,conversion,0
2026-01-01T03:40:00+00:00,c7_10,control,error_rate,0
2026-01-01T03:41:00+00:00,c7_11,control,conversion,0
2026-01-01T03:41:00+00:00,c7_11,control,error_rate,0
2026-01-01T03:42:00+00:00,c7_12,control,conversion,0
2026-01-01T03:42:00+00:00,c7_12,control,error_rate,1
2026-01-01T03:43:00+00:00,c7_13,control,conversion,1
2026-01-01T03:43:00+00:00,c7_13,control,error_rate,0
2026-01-01T03:44:00+00:00,c7_14,control,conversion,1
2026-01-01T03:44:00+00:00,c7_14,control,error_rate,0
2026-01-01T03:45:00+00:00,c7_15,control,conversion,0
2026-01-01T03:45:00+00:00,c7_15,control,error_rate,1
2026-01-01T03:46:00+00:00,c7_16,control,conversion,1
2026-01-01T03:46:00+00:00,c7_16,control,error_rate,0
2026-01-01T03:47:00+00:00,c7_17,control,conversion,0
2026-01-01T03:47:00+00:00,c7_17,control,error_rate,0
2026-01-01T03:48:00+00:00,c7_18,control,conversion,0
2026-01-01T03:48:00+00:00,c7_18,control,error_rate,1
2026-01-01T03:49:00+00:00,c7_19,control,conversion,0
2026-01-01T03:49:00+00:00,c7_19,control,error_rate,0
2026-01-01T03:50:00+00:00,c7_20,control,conversion,0
2026-01-01T03:50:00+00:00,c7_20,control,error_rate,0
2026-01-01T03:51:00+00:00,c7_21,control,conversion,1
2026-01-01T03:51:00+00:00,c7_21,control,error_rate,0
2026-01-01T03:52:00+00:00,c7_22,control,conversion,1
2026-01-01T03:52:00+00:00,c7_22,control,error_rate,0
2026-01-01T03:53:00+00:00,c7_23,control,conversion,1
2026-01-01T03:53:00+00:00,c7_23,control,error_rate,0
2026-01-01T03:54:00+00:00,c7_24,control,conversion,0
2026-01-01T03:54:00+00:00,c7_24,control,error_rate,0
2026-01-01T03:55:00+00:00,c7_25,control,conversion,0
2026-01-01T03:55:00+00:00,c7_25,control,error_rate,0
2026-01-01T03:56:00+00:00,c7_26,control,conversion,0
2026-01-01T03:56:00+00:00,c7_26,control,error_rate,0
2026-01-01T03:57:00+00:00,c7_27,control,conversion,1
2026-01-01T03:57:00+00:00,c7_27,control,error_rate,0
2026-01-01T03:58:00+00:00,c7_28,control,conversion,0
2026-01-01T03:58:00+00:00,c7_28,control,error_rate,0
2026-01-01T03:59:00+00:00,c7_29,control,conversion,0
2026-01-01T03:59:00+00:00,c7_29,control,error_rate,0
2026-01-01T03:30:00+00:00,t7_0,treatment,conversion,0
2026-01-01T03:30:00+00:00,t7_0,treatment,error_rate,0
2026-01-01T03:31:00+00:00,t7_1,treatment,conversion,0
2026-01-01T03:31:00+00:00,t7_1,treatment,error_rate,0
2026-01-01T03:32:00+00:00,t7_2,treatment,conversion,0
2026-01-01T03:32:00+00:00,t7_2,treatment,error_rate,0
2026-01-01T03:33:00+00:00,t7_3,treatment,conversion,1
2026-01-01T03:33:00+00:00,t7_3,treatment,error_rate,0
2026-01-01T03:34:00+00:00,t7_4,treatment,conversion,1
2026-01-01T03:34:00+00:00,t7_4,treatment,error_rate,0
2026-01-01T03:35:00+00:00,t7_5,treatment,conversion,0
2026-01-01T03:35:00+00:00,t7_5,treatment,error_rate,0
2026-01-01T03:36:00+00:00,t7_6,treatment,conversion,0
2026-01-01T03:36:00+00:00,t7_6,treatment,error_rate,0
2026-01-01T03:37:00+00:00,t7_7,treatment,conversion,1
2026-01-01T03:37:00+00:00,t7_7,treatment,error_rate,1
2026-01-01T03:38:00+00:00,t7_8,treatment,conversion,0
2026-01-01T03:38:00+00:00,t7_8,treatment,error_rate,0
2026-01-01T03:39:00+00:00,t7_9,treatment,conversion,0
2026-01-01T03:39:00+00:00,t7_9,treatment,error_rate,0
2026-01-01T03:40:00+00:00,t7_10,treatment,conversion,0
2026-01-01T03:40:00+00:00,t7_10,treatment,error_rate,0
2026-01-01T03:41:00+00:00,t7_11,treatment,conversion,0
2026-01-01T03:41:00+00:00,t7_11,treatment,error_rate,1
2026-01-01T03:42:00+00:00,t7_12,treatment,conversion,0
2026-01-01T03:42:00+00:00,t7_12,treatment,error_rate,0
2026-01-01T03:43:00+00:00,t7_13,treatment,conversion,0
2026-01-01T03:43:00+00:00,t7_13,treatment,error_rate,0
2026-01-01T03:44:00+00:00,t7_14,treatment,conversion,0
2026-01-01T03:44:00+00:00,t7_14,treatment,error_rate,0
2026-01-01T03:45:00+00:00,t7_15,treatment,conversion,0
2026-01-01T03:45:00+00:00,t7_15,treatment,error_rate,0
2026-01-01T03:46:00+00:00,t7_16,treatment,conversion,0
2026-01-01T03:46:00+00:00,t7_16,treatment,error_rate,0
2026-01-01T03:47:00+00:00,t7_17,treatment,conversion,1
2026-01-01T03:47:00+00:00,t7_17,treatment,error_rate,1
2026-01-01T03:48:00+00:00,t7_18,treatment,conversion,0
2026-01-01T03:48:00+00:00,t7_18,treatment,error_rate,0
2026-01-01T03:49:00+00:00,t7_19,treatment,conversion,1
2026-01-01T03:49:00+00:00,t7_19,treatment,error_rate,0
2026-01-01T03:50:00+00:00,t7_20,treatment,conversion,0
2026-01-01T03:50:00+00:00,t7_20,treatment,error_rate,0
2026-01-01T03:51:00+00:00,t7_21,treatment,conversion,0
2026-01-01T03:51:00+00:00,t7_21,treatment,error_rate,0
2026-01-01T03:52:00+00:00,t7_22,treatment,conversion,1
2026-01-01T03:52:00+00:00,t7_22,treatment,error_rate,0
2026-01-01T03:53:00+00:00,t7_23,treatment,conversion,0
2026-01-01T03:53:00+00:00,t7_23,treatment,error_rate,0
2026-01-01T03:54:00+00:00,t7_24,treatment,conversion,0
2026-01-01T03:54:00+00:00,t7_24,treatment,error_rate,0
2026-01-01T03:55:00+00:00,t7_25,treatment,conversion,0
2026-01-01T03:55:00+00:00,t7_25,treatment,error_rate,0
2026-01-01T03:56:00+00:00,t7_26,treatment,conversion,0
2026-01-01T03:56:00+00:00,t7_26,treatment,error_rate,1
2026-01-01T03:57:00+00:00,t7_27,treatment,conversion,0
2026-01-01T03:57:00+00:00,t7_27,treatment,error_rate,0
2026-01-01T03:58:00+00:00,t7_28,treatment,conversion,0
2026-01-01T03:58:00+00:00,t7_28,treatment,error_rate,0
2026-01-01T03:59:00+00:00,t7_29,treatment,conversion,0
2026-01-01T03:59:00+00:00,t7_29,treatment,error_rate,1
2026-01-01T04:00:00+00:00,c8_0,control,conversion,0
2026-01-01T04:00:00+00:00,c8_0,control,error_rate,0
2026-01-01T04:01:00+00:00,c8_1,control,conversion,1
2026-01-01T04:01:00+00:00,c8_1,control,error_rate,0
2026-01-01T04:02:00+00:00,c8_2,control,conversion,1
2026-01-01T04:02:00+00:00,c8_2,control,error_rate,0
2026-01-01T04:03:00+00:00,c8_3,control,conversion,0
2026-01-01T04:03:00+00:00,c8_3,control,error_rate,0
2026-01-01T04:04:00+00:00,c8_4,control,conversion,0
2026-01-01T04:04:00+00:00,c8_4,control,error_rate,0
2026-01-01T04:05:00+00:00,c8_5,control,conversion,0
2026-01-01T04:05:00+00:00,c8_5,control,error_rate,0
2026-01-01T04:06:00+00:00,c8_6,control,conversion,0
2026-01-01T04:06:00+00:00,c8_6,control,error_rate,0
2026-01-01T04:07:00+00:00,c8_7,control,conversion,0
2026-01-01T04:07:00+00:00,c8_7,control,error_rate,0
2026-01-01T04:08:00+00:00,c8_8,control,conversion,0
2026-01-01T04:08:00+00:00,c8_8,control,error_rate,0
2026-01-01T04:09:00+00:00,c8_9,control,conversion,0
2026-01-01T04:09:00+00:00,c8_9,control,error_rate,0
2026-01-01T04:10:00+00:00,c8_10,control,conversion,0
2026-01-01T04:10:00+00:00,c8_10,control,error_rate,0
2026-01-01T04:11:00+00:00,c8_11,control,conversion,0
2026-01-01T04:11:00+00:00,c8_11,control,error_rate,1
2026-01-01T04:12:00+00:00,c8_12,control,conversion,0
2026-01-01T04:12:00+00:00,c8_12,control,error_rate,0
2026-01-01T04:13:00+00:00,c8_13,control,conversion,0
2026-01-01T04:13:00+00:00,c8_13,control,error_rate,0
2026-01-01T04:14:00+00:00,c8_14,control,conversion,1
2026-01-01T04:14:00+00:00,c8_14,control,error_rate,0
2026-01-01T04:15:00+00:00,c8_15,control,conversion,0
2026-01-01T04:15:00+00:00,c8_15,control,error_rate,1
2026-01-01T04:16:00+00:00,c8_16,control,conversion,0
2026-01-01T04:16:00+00:00,c8_16,control,error_rate,0
2026-01-01T04:17:00+00:00,c8_17,control,conversion,0
2026-01-01T04:17:00+00:00,c8_17,control,error_rate,0
2026-01-01T04:18:00+00:00,c8_18,control,conversion,0
2026-01-01T04:18:00+00:00,c8_18,control,error_rate,0
2026-01-01T04:19:00+00:00,c8_19,control,conversion,0
2026-01-01T04:19:00+00:00,c8_19,control,error_rate,0
2026-01-01T04:20:00+00:00,c8_20,control,conversion,0
2026-01-01T04:20:00+00:00,c8_20,control,error_rate,0
2026-01-01T04:21:00+00:00,c8_21,control,conversion,0
2026-01-01T04:21:00+00:00,c8_21,control,error_rate,0
2026-01-01T04:22:00+00:00,c8_22,control,conversion,0
2026-01-01T04:22:00+00:00,c8_22,control,error_rate,0
2026-01-01T04:23:00+00:00,c8_23,control,conversion,0
2026-01-01T04:23:00+00:00,c8_23,control,error_rate,0
2026-01-01T04:24:00+00:00,c8_24,control,conversion,0
2026-01-01T04:24:00+00:00,c8_24,control,error_rate,0
2026-01-01T04:25:00+00:00,c8_25,control,conversion,0
2026-01-01T04:25:00+00:00,c8_25,control,error_rate,0
2026-01-01T04:26:00+00:00,c8_26,control,conversion,1
2026-01-01T04:26:00+00:00,c8_26,control,error_rate,0
2026-01-01T04:27:00+00:00,c8_27,control,conversion,0
2026-01-01T04:27:00+00:00,c8_27,control,error_rate,0
2026-01-01T04:28:00+00:00,c8_28,control,conversion,0
2026-01-01T04:28:00+00:00,c8_28,control,error_rate,0
2026-01-01T04:29:00+00:00,c8_29,control,conversion,0
2026-01-01T04:29:00+00:00,c8_29,control,error_rate,0
2026-01-01T04:00:00+00:00,t8_0,treatment,conversion,0
2026-01-01T04:00:00+00:00,t8_0,treatment,error_rate,0
2026-01-01T04:01:00+00:00,t8_1,treatment,conversion,0
2026-01-01T04:01:00+00:00,t8_1,treatment,error_rate,0
2026-01-01T04:02:00+00:00,t8_2,treatment,conversion,0
2026-01-01T04:02:00+00:00,t8_2,treatment,error_rate,0
2026-01-01T04:03:00+00:00,t8_3,treatment,conversion,0
2026-01-01T04:03:00+00:00,t8_3,treatment,error_rate,0
2026-01-01T04:04:00+00:00,t8_4,treatment,conversion,0
2026-01-01T04:04:00+00:00,t8_4,treatment,error_rate,0
2026-01-01T04:05:00+00:00,t8_5,treatment,conversion,0
2026-01-01T04:05:00+00:00,t8_5,treatment,error_rate,0
2026-01-01T04:06:00+00:00,t8_6,treatment,conversion,0
2026-01-01T04:06:00+00:00,t8_6,treatment,error_rate,1
2026-01-01T04:07:00+00:00,t8_7,treatment,conversion,1
2026-01-01T04:07:00+00:00,t8_7,treatment,error_rate,0
2026-01-01T04:08:00+00:00,t8_8,treatment,conversion,1
2026-01-01T04:08:00+00:00,t8_8,treatment,error_rate,0
2026-01-01T04:09:00+00:00,t8_9,treatment,conversion,0
2026-01-01T04:09:00+00:00,t8_9,treatment,error_rate,1
2026-01-01T04:10:00+00:00,t8_10,treatment,conversion,1
2026-01-01T04:10:00+00:00,t8_10,treatment,error_rate,0
2026-01-01T04:11:00+00:00,t8_11,treatment,conversion,1
2026-01-01T04:11:00+00:00,t8_11,treatment,error_rate,0
2026-01-01T04:12:00+00:00,t8_12,treatment,conversion,0
2026-01-01T04:12:00+00:00,t8_12,treatment,error_rate,0
2026-01-01T04:13:00+00:00,t8_13,treatment,conversion,1
2026-01-01T04:13:00+00:00,t8_13,treatment,error_rate,0
2026-01-01T04:14:00+00:00,t8_14,treatment,conversion,0
2026-01-01T04:14:00+00:00,t8_14,treatment,error_rate,0
2026-01-01T04:15:00+00:00,t8_15,treatment,conversion,1
2026-01-01T04:15:00+00:00,t8_15,treatment,error_rate,0
2026-01-01T04:16:00+00:00,t8_16,treatment,conversion,0
2026-01-01T04:16:00+00:00,t8_16,treatment,error_rate,0
2026-01-01T04:17:00+00:00,t8_17,treatment,conversion,0
2026-01-01T04:17:00+00:00,t8_17,treatment,error_rate,0
2026-01-01T04:18:00+00:00,t8_18,treatment,conversion,0
2026-01-01T04:18:00+00:00,t8_18,treatment,error_rate,0
2026-01-01T04:19:00+00:00,t8_19,treatment,conversion,0
2026-01-01T04:19:00+00:00,t8_19,treatment,error_rate,0
2026-01-01T04:20:00+00:00,t8_20,treatment,conversion,0
2026-01-01T04:20:00+00:00,t8_20,treatment,error_rate,0
2026-01-01T04:21:00+00:00,t8_21,treatment,conversion,0
2026-01-01T04:21:00+00:00,t8_21,treatment,error_rate,0
2026-01-01T04:22:00+00:00,t8_22,treatment,conversion,0
2026-01-01T04:22:00+00:00,t8_22,treatment,error_rate,0
2026-01-01T04:23:00+00:00,t8_23,treatment,conversion,0
2026-01-01T04:23:00+00:00,t8_23,treatment,error_rate,0
2026-01-01T04:24:00+00:00,t8_24,treatment,conversion,0
2026-01-01T04:24:00+00:00,t8_24,treatment,error_rate,0
2026-01-01T04:25:00+00:00,t8_25,treatment,conversion,0
2026-01-01T04:25:00+00:00,t8_25,treatment,error_rate,0
2026-01-01T04:26:00+00:00,t8_26,treatment,conversion,0
2026-01-01T04:26:00+00:00,t8_26,treatment,error_rate,0
2026-01-01T04:27:00+00:00,t8_27,treatment,conversion,0
2026-01-01T04:27:00+00:00,t8_27,treatment,error_rate,0
2026-01-01T04:28:00+00:00,t8_28,treatment,conversion,0
2026-01-01T04:28:00+00:00,t8_28,treatment,error_rate,0
2026-01-01T04:29:00+00:00,t8_29,treatment,conversion,0
2026-01-01T04:29:00+00:00,t8_29,treatment,error_rate,0
2026-01-01T04:30:00+00:00,c9_0,control,conversion,0
2026-01-01T04:30:00+00:00,c9_0,control,error_rate,1
2026-01-01T04:31:00+00:00,c9_1,control,conversion,0
2026-01-01T04:31:00+00:00,c9_1,control,error_rate,0
2026-01-01T04:32:00+00:00,c9_2,control,conversion,1
2026-01-01T04:32:00+00:00,c9_2,control,error_rate,0
2026-01-01T04:33:00+00:00,c9_3,control,conversion,1
2026-01-01T04:33:00+00:00,c9_3,control,error_rate,0
2026-01-01T04:34:00+00:00,c9_4,control,conversion,0
2026-01-01T04:34:00+00:00,c9_4,control,error_rate,0
2026-01-01T04:35:00+00:00,c9_5,control,conversion,0
2026-01-01T04:35:00+00:00,c9_5,control,error_rate,0
2026-01-01T04:36:00+00:00,c9_6,control,conversion,0
2026-01-01T04:36:00+00:00,c9_6,control,error_rate,0
2026-01-01T04:37:00+00:00,c9_7,control,conversion,0
2026-01-01T04:37:00+00:00,c9_7,control,error_rate,0
2026-01-01T04:38:00+00:00,c9_8,control,conversion,1
2026-01-01T04:38:00+00:00,c9_8,control,error_rate,0
2026-01-01T04:39:00+00:00,c9_9,control,conversion,0
2026-01-01T04:39:00+00:00,c9_9,control,error_rate,0
2026-01-01T04:40:00+00:00,c9_10,control,conversion,0
2026-01-01T04:40:00+00:00,c9_10,control,error_rate,0
2026-01-01T04:41:00+00:00,c9_11,control,conversion,0
2026-01-01T04:41:00+00:00,c9_11,control,error_rate,0
2026-01-01T04:42:00+00:00,c9_12,control,conversion,0
2026-01-01T04:42:00+00:00,c9_12,control,error_rate,0
2026-01-01T04:43:00+00:00,c9_13,control,conversion,1
2026-01-01T04:43:00+00:00,c9_13,control,error_rate,0
2026-01-01T04:44:00+00:00,c9_14,control,conversion,0
2026-01-01T04:44:00+00:00,c9_14,control,error_rate,0
2026-01-01T04:45:00+00:00,c9_15,control,conversion,0
2026-01-01T04:45:00+00:00,c9_15,control,error_rate,0
2026-01-01T04:46:00+00:00,c9_16,control,conversion,0
2026-01-01T04:46:00+00:00,c9_16,control,error_rate,0
2026-01-01T04:47:00+00:00,c9_17,control,conversion,0
2026-01-01T04:47:00+00:00,c9_17,control,error_rate,0
2026-01-01T04:48:00+00:00,c9_18,control,conversion,1
2026-01-01T04:48:00+00:00,c9_18,control,error_rate,0
2026-01-01T04:49:00+00:00,c9_19,control,conversion,0
2026-01-01T04:49:00+00:00,c9_19,control,error_rate,0
2026-01-01T04:50:00+00:00,c9_20,control,conversion,0
2026-01-01T04:50:00+00:00,c9_20,control,error_rate,1
2026-01-01T04:51:00+00:00,c9_21,control,conversion,0
2026-01-01T04:51:00+00:00,c9_21,control,error_rate,0
2026-01-01T04:52:00+00:00,c9_22,control,conversion,0
2026-01-01T04:52:00+00:00,c9_22,control,error_rate,0
2026-01-01T04:53:00+00:00,c9_23,control,conversion,0
2026-01-01T04:53:00+00:00,c9_23,control,error_rate,1
2026-01-01T04:54:00+00:00,c9_24,control,conversion,0
2026-01-01T04:54:00+00:00,c9_24,control,error_rate,0
2026-01-01T04:55:00+00:00,c9_25,control,conversion,0
2026-01-01T04:55:00+00:00,c9_25,control,error_rate,0
2026-01-01T04:56:00+00:00,c9_26,control,conversion,0
2026-01-01T04:56:00+00:00,c9_26,control,error_rate,0
2026-01-01T04:57:00+00:00,c9_27,control,conversion,0
2026-01-01T04:57:00+00:00,c9_27,control,error_rate,1
2026-01-01T04:58:00+00:00,c9_28,control,conversion,0
2026-01-01T04:58:00+00:00,c9_28,control,error_rate,0
2026-01-01T04:59:00+00:00,c9_29,control,conversion,0
2026-01-01T04:59:00+00:00,c9_29,control,error_rate,0
2026-01-01T04:30:00+00:00,t9_0,treatment,conversion,0
2026-01-01T04:30:00+00:00,t9_0,treatment,error_rate,0
2026-01-01T04:31:00+00:00,t9_1,treatment,conversion,0
2026-01-01T04:31:00+00:00,t9_1,treatment,error_rate,0
2026-01-01T04:32:00+00:00,t9_2,treatment,conversion,1
2026-01-01T04:32:00+00:00,t9_2,treatment,error_rate,0
2026-01-01T04:33:00+00:00,t9_3,treatment,conversion,0
2026-01-01T04:33:00+00:00,t9_3,treatment,error_rate,0
2026-01-01T04:34:00+00:00,t9_4,treatment,conversion,1
2026-01-01T04:34:00+00:00,t9_4,treatment,error_rate,0
2026-01-01T04:35:00+00:00,t9_5,treatment,conversion,0
2026-01-01T04:35:00+00:00,t9_5,treatment,error_rate,0
2026-01-01T04:36:00+00:00,t9_6,treatment,conversion,0
2026-01-01T04:36:00+00:00,t9_6,treatment,error_rate,0
2026-01-01T04:37:00+00:00,t9_7,treatment,conversion,0
2026-01-01T04:37:00+00:00,t9_7,treatment,error_rate,0
2026-01-01T04:38:00+00:00,t9_8,treatment,conversion,0
2026-01-01T04:38:00+00:00,t9_8,treatment,error_rate,0
2026-01-01T04:39:00+00:00,t9_9,treatment,conversion,0
2026-01-01T04:39:00+00:00,t9_9,treatment,error_rate,0
2026-01-01T04:40:00+00:00,t9_10,treatment,conversion,0
2026-01-01T04:40:00+00:00,t9_10,treatment,error_rate,0
2026-01-01T04:41:00+00:00,t9_11,treatment,conversion,0
2026-01-01T04:41:00+00:00,t9_11,treatment,error_rate,0
2026-01-01T04:42:00+00:00,t9_12,treatment,conversion,1
2026-01-01T04:42:00+00:00,t9_12,treatment,error_rate,0
2026-01-01T04:43:00+00:00,t9_13,treatment,conversion,0
2026-01-01T04:43:00+00:00,t9_13,treatment,error_rate,0
2026-01-01T04:44:00+00:00,t9_14,treatment,conversion,0
2026-01-01T04:44:00+00:00,t9_14,treatment,error_rate,0
2026-01-01T04:45:00+00:00,t9_15,treatment,conversion,1
2026-01-01T04:45:00+00:00,t9_15,treatment,error_rate,0
2026-01-01T04:46:00+00:00,t9_16,treatment,conversion,1
2026-01-01T04:46:00+00:00,t9_16,treatment,error_rate,0
2026-01-01T04:47:00+00:00,t9_17,treatment,conversion,0
2026-01-01T04:47:00+00:00,t9_17,treatment,error_rate,0
2026-01-01T04:48:00+00:00,t9_18,treatment,conversion,1
2026-01-01T04:48:00+00:00,t9_18,treatment,error_rate,0
2026-01-01T04:49:00+00:00,t9_19,treatment,conversion,0
2026-01-01T04:49:00+00:00,t9_19,treatment,error_rate,0
2026-01-01T04:50:00+00:00,t9_20,treatment,conversion,0
2026-01-01T04:50:00+00:00,t9_20,treatment,error_rate,0
2026-01-01T04:51:00+00:00,t9_21,treatment,conversion,0
2026-01-01T04:51:00+00:00,t9_21,treatment,error_rate,0
2026-01-01T04:52:00+00:00,t9_22,treatment,conversion,0
2026-01-01T04:52:00+00:00,t9_22,treatment,error_rate,0
2026-01-01T04:53:00+00:00,t9_23,treatment,conversion,1
2026-01-01T04:53:00+00:00,t9_23,treatment,error_rate,0
2026-01-01T04:54:00+00:00,t9_24,treatment,conversion,0
2026-01-01T04:54:00+00:00,t9_24,treatment,error_rate,0
2026-01-01T04:55:00+00:00,t9_25,treatment,conversion,1
2026-01-01T04:55:00+00:00,t9_25,treatment,error_rate,0
2026-01-01T04:56:00+00:00,t9_26,treatment,conversion,0
2026-01-01T04:56:00+00:00,t9_26,treatment,error_rate,0
2026-01-01T04:57:00+00:00,t9_27,treatment,conversion,0
2026-01-01T04:57:00+00:00,t9_27,treatment,error_rate,0
2026-01-01T04:58:00+00:00,t9_28,treatment,conversion,0
2026-01-01T04:58:00+00:00,t9_28,treatment,error_rate,0
2026-01-01T04:59:00+00:00,t9_29,treatment,conversion,1
2026-01-01T04:59:00+00:00,t9_29,treatment,error_rate,0
2026-01-01T05:00:00+00:00,c10_0,control,conversion,1
2026-01-01T05:00:00+00:00,c10_0,control,error_rate,0
2026-01-01T05:01:00+00:00,c10_1,control,conversion,0
2026-01-01T05:01:00+00:00,c10_1,control,error_rate,0
2026-01-01T05:02:00+00:00,c10_2,control,conversion,0
2026-01-01T05:02:00+00:00,c10_2,control,error_rate,0
2026-01-01T05:03:00+00:00,c10_3,control,conversion,0
2026-01-01T05:03:00+00:00,c10_3,control,error_rate,1
2026-01-01T05:04:00+00:00,c10_4,control,conversion,0
2026-01-01T05:04:00+00:00,c10_4,control,error_rate,0
2026-01-01T05:05:00+00:00,c10_5,control,conversion,0
2026-01-01T05:05:00+00:00,c10_5,control,error_rate,1
2026-01-01T05:06:00+00:00,c10_6,control,conversion,0
2026-01-01T05:06:00+00:00,c10_6,control,error_rate,0
2026-01-01T05:07:00+00:00,c10_7,control,conversion,0
2026-01-01T05:07:00+00:00,c10_7,control,error_rate,0
2026-01-01T05:08:00+00:00,c10_8,control,conversion,0
2026-01-01T05:08:00+00:00,c10_8,control,error_rate,0
2026-01-01T05:09:00+00:00,c10_9,control,conversion,0
2026-01-01T05:09:00+00:00,c10_9,control,error_rate,1
2026-01-01T05:10:00+00:00,c10_10,control,conversion,0
2026-01-01T05:10:00+00:00,c10_10,control,error_rate,0
2026-01-01T05:11:00+00:00,c10_11,control,conversion,0
2026-01-01T05:11:00+00:00,c10_11,control,error_rate,0
2026-01-01T05:12:00+00:00,c10_12,control,conversion,0
2026-01-01T05:12:00+00:00,c10_12,control,error_rate,0
2026-01-01T05:13:00+00:00,c10_13,control,conversion,0
2026-01-01T05:13:00+00:00,c10_13,control,error_rate,0
2026-01-01T05:14:00+00:00,c10_14,control,conversion,0
2026-01-01T05:14:00+00:00,c10_14,control,error_rate,0
2026-01-01T05:15:00+00:00,c10_15,control,conversion,0
2026-01-01T05:15:00+00:00,c10_15,control,error_rate,0
2026-01-01T05:16:00+00:00,c10_16,control,conversion,0
2026-01-01T05:16:00+00:00,c10_16,control,error_rate,0
2026-01-01T05:17:00+00:00,c10_17,control,conversion,0
2026-01-01T05:17:00+00:00,c10_17,control,error_rate,1
2026-01-01T05:18:00+00:00,c10_18,control,conversion,0
2026-01-01T05:18:00+00:00,c10_18,control,error_rate,0
2026-01-01T05:19:00+00:00,c10_19,control,conversion,0
2026-01-01T05:19:00+00:00,c10_19,control,error_rate,0
2026-01-01T05:20:00+00:00,c10_20,control,conversion,1
2026-01-01T05:20:00+00:00,c10_20,control,error_rate,1
2026-01-01T05:21:00+00:00,c10_21,control,conversion,0
2026-01-01T05:21:00+00:00,c10_21,control,error_rate,1
2026-01-01T05:22:00+00:00,c10_22,control,conversion,0
2026-01-01T05:22:00+00:00,c10_22,control,error_rate,0
2026-01-01T05:23:00+00:00,c10_23,control,conversion,0
2026-01-01T05:23:00+00:00,c10_23,control,error_rate,0
2026-01-01T05:24:00+00:00,c10_24,control,conversion,1
2026-01-01T05:24:00+00:00,c10_24,control,error_rate,0
2026-01-01T05:25:00+00:00,c10_25,control,conversion,0
2026-01-01T05:25:00+00:00,c10_25,control,error_rate,0
2026-01-01T05:26:00+00:00,c10_26,control,conversion,0
2026-01-01T05:26:00+00:00,c10_26,control,error_rate,1
2026-01-01T05:27:00+00:00,c10_27,control,conversion,0
2026-01-01T05:27:00+00:00,c10_27,control,error_rate,0
2026-01-01T05:28:00+00:00,c10_28,control,conversion,0
2026-01-01T05:28:00+00:00,c10_28,control,error_rate,0
2026-01-01T05:29:00+00:00,c10_29,control,conversion,0
2026-01-01T05:29:00+00:00,c10_29,control,error_rate,0
2026-01-01T05:00:00+00:00,t10_0,treatment,conversion,0
2026-01-01T05:00:00+00:00,t10_0,treatment,error_rate,0
2026-01-01T05:01:00+00:00,t10_1,treatment,conversion,1
2026-01-01T05:01:00+00:00,t10_1,treatment,error_rate,0
2026-01-01T05:02:00+00:00,t10_2,treatment,conversion,0
2026-01-01T05:02:00+00:00,t10_2,treatment,error_rate,1
2026-01-01T05:03:00+00:00,t10_3,treatment,conversion,0
2026-01-01T05:03:00+00:00,t10_3,treatment,error_rate,0
2026-01-01T05:04:00+00:00,t10_4,treatment,conversion,0
2026-01-01T05:04:00+00:00,t10_4,treatment,error_rate,0
2026-01-01T05:05:00+00:00,t10_5,treatment,conversion,0
2026-01-01T05:05:00+00:00,t10_5,treatment,error_rate,0
2026-01-01T05:06:00+00:00,t10_6,treatment,conversion,0
2026-01-01T05:06:00+00:00,t10_6,treatment,error_rate,0
2026-01-01T05:07:00+00:00,t10_7,treatment,conversion,0
2026-01-01T05:07:00+00:00,t10_7,treatment,error_rate,0
2026-01-01T05:08:00+00:00,t10_8,treatment,conversion,0
2026-01-01T05:08:00+00:00,t10_8,treatment,error_rate,0
2026-01-01T05:09:00+00:00,t10_9,treatment,conversion,0
2026-01-01T05:09:00+00:00,t10_9,treatment,error_rate,0
2026-01-01T05:10:00+00:00,t10_10,treatment,conversion,0
2026-01-01T05:10:00+00:00,t10_10,treatment,error_rate,0
2026-01-01T05:11:00+00:00,t10_11,treatment,conversion,0
2026-01-01T05:11:00+00:00,t10_11,treatment,error_rate,0
2026-01-01T05:12:00+00:00,t10_12,treatment,conversion,0
2026-01-01T05:12:00+00:00,t10_12,treatment,error_rate,0
2026-01-01T05:13:00+00:00,t10_13,treatment,conversion,0
2026-01-01T05:13:00+00:00,t10_13,treatment,error_rate,0
2026-01-01T05:14:00+00:00,t10_14,treatment,conversion,0
2026-01-01T05:14:00+00:00,t10_14,treatment,error_rate,0
2026-01-01T05:15:00+00:00,t10_15,treatment,conversion,0
2026-01-01T05:15:00+00:00,t10_15,treatment,error_rate,0
2026-01-01T05:16:00+00:00,t10_16,treatment,conversion,0
2026-01-01T05:16:00+00:00,t10_16,treatment,error_rate,0
2026-01-01T05:17:00+00:00,t10_17,treatment,conversion,1
2026-01-01T05:17:00+00:00,t10_17,treatment,error_rate,0
2026-01-01T05:18:00+00:00,t10_18,treatment,conversion,0
2026-01-01T05:18:00+00:00,t10_18,treatment,error_rate,0
2026-01-01T05:19:00+00:00,t10_19,treatment,conversion,0
2026-01-01T05:19:00+00:00,t10_19,treatment,error_rate,0
2026-01-01T05:20:00+00:00,t10_20,treatment,conversion,0
2026-01-01T05:20:00+00:00,t10_20,treatment,error_rate,0
2026-01-01T05:21:00+00:00,t10_21,treatment,conversion,0
2026-01-01T05:21:00+00:00,t10_21,treatment,error_rate,0
2026-01-01T05:22:00+00:00,t10_22,treatment,conversion,0
2026-01-01T05:22:00+00:00,t10_22,treatment,error_rate,0
2026-01-01T05:23:00+00:00,t10_23,treatment,conversion,1
2026-01-01T05:23:00+00:00,t10_23,treatment,error_rate,0
2026-01-01T05:24:00+00:00,t10_24,treatment,conversion,0
2026-01-01T05:24:00+00:00,t10_24,treatment,error_rate,0
2026-01-01T05:25:00+00:00,t10_25,treatment,conversion,0
2026-01-01T05:25:00+00:00,t10_25,treatment,error_rate,0
2026-01-01T05:26:00+00:00,t10_26,treatment,conversion,1
2026-01-01T05:26:00+00:00,t10_26,treatment,error_rate,0
2026-01-01T05:27:00+00:00,t10_27,treatment,conversion,0
2026-01-01T05:27:00+00:00,t10_27,treatment,error_rate,0
2026-01-01T05:28:00+00:00,t10_28,treatment,conversion,0
2026-01-01T05:28:00+00:00,t10_28,treatment,error_rate,0
2026-01-01T05:29:00+00:00,t10_29,treatment,conversion,0
2026-01-01T05:29:00+00:00,t10_29,treatment,error_rate,0
2026-01-01T05:30:00+00:00,c11_0,control,conversion,0
2026-01-01T05:30:00+00:00,c11_0,control,error_rate,0
2026-01-01T05:31:00+00:00,c11_1,control,conversion,1
2026-01-01T05:31:00+00:00,c11_1,control,error_rate,0
2026-01-01T05:32:00+00:00,c11_2,control,conversion,0
2026-01-01T05:32:00+00:00,c11_2,control,error_rate,0
2026-01-01T05:33:00+00:00,c11_3,control,conversion,0
2026-01-01T05:33:00+00:00,c11_3,control,error_rate,1
2026-01-01T05:34:00+00:00,c11_4,control,conversion,0
2026-01-01T05:34:00+00:00,c11_4,control,error_rate,0
2026-01-01T05:35:00+00:00,c11_5,control,conversion,0
2026-01-01T05:35:00+00:00,c11_5,control,error_rate,0
2026-01-01T05:36:00+00:00,c11_6,control,conversion,0
2026-01-01T05:36:00+00:00,c11_6,control,error_rate,0
2026-01-01T05:37:00+00:00,c11_7,control,conversion,0
2026-01-01T05:37:00+00:00,c11_7,control,error_rate,0
2026-01-01T05:38:00+00:00,c11_8,control,conversion,0
2026-01-01T05:38:00+00:00,c11_8,control,error_rate,0
2026-01-01T05:39:00+00:00,c11_9,control,conversion,0
2026-01-01T05:39:00+00:00,c11_9,control,error_rate,0
2026-01-01T05:40:00+00:00,c11_10,control,conversion,0
2026-01-01T05:40:00+00:00,c11_10,control,error_rate,0
2026-01-01T05:41:00+00:00,c11_11,control,conversion,0
2026-01-01T05:41:00+00:00,c11_11,control,error_rate,0
2026-01-01T05:42:00+00:00,c11_12,control,conversion,1
2026-01-01T05:42:00+00:00,c11_12,control,error_rate,0
2026-01-01T05:43:00+00:00,c11_13,control,conversion,0
2026-01-01T05:43:00+00:00,c11_13,control,error_rate,0
2026-01-01T05:44:00+00:00,c11_14,control,conversion,1
2026-01-01T05:44:00+00:00,c11_14,control,error_rate,0
2026-01-01T05:45:00+00:00,c11_15,control,conversion,0
2026-01-01T05:45:00+00:00,c11_15,control,error_rate,0
2026-01-01T05:46:00+00:00,c11_16,control,conversion,0
2026-01-01T05:46:00+00:00,c11_16,control,error_rate,0
2026-01-01T05:47:00+00:00,c11_17,control,conversion,0
2026-01-01T05:47:00+00:00,c11_17,control,error_rate,0
2026-01-01T05:48:00+00:00,c11_18,control,conversion,0
2026-01-01T05:48:00+00:00,c11_18,control,error_rate,0
2026-01-01T05:49:00+00:00,c11_19,control,conversion,0
2026-01-01T05:49:00+00:00,c11_19,control,error_rate,0
2026-01-01T05:50:00+00:00,c11_20,control,conversion,0
2026-01-01T05:50:00+00:00,c11_20,control,error_rate,0
2026-01-01T05:51:00+00:00,c11_21,control,conversion,0
2026-01-01T05:51:00+00:00,c11_21,control,error_rate,0
2026-01-01T05:52:00+00:00,c11_22,control,conversion,0
2026-01-01T05:52:00+00:00,c11_22,control,error_rate,0
2026-01-01T05:53:00+00:00,c11_23,control,conversion,0
2026-01-01T05:53:00+00:00,c11_23,control,error_rate,0
2026-01-01T05:54:00+00:00,c11_24,control,conversion,0
2026-01-01T05:54:00+00:00,c11_24,control,error_rate,0
2026-01-01T05:55:00+00:00,c11_25,control,conversion,0
2026-01-01T05:55:00+00:00,c11_25,control,error_rate,0
2026-01-01T05:56:00+00:00,c11_26,control,conversion,0
2026-01-01T05:56:00+00:00,c11_26,control,error_rate,0
2026-01-01T05:57:00+00:00,c11_27,control,conversion,0
2026-01-01T05:57:00+00:00,c11_27,control,error_rate,0
2026-01-01T05:58:00+00:00,c11_28,control,conversion,0
2026-01-01T05:58:00+00:00,c11_28,control,error_rate,0
2026-01-01T05:59:00+00:00,c11_29,control,conversion,0
2026-01-01T05:59:00+00:00,c11_29,control,error_rate,0
2026-01-01T05:30:00+00:00,t11_0,treatment,conversion,0
2026-01-01T05:30:00+00:00,t11_0,treatment,error_rate,0
2026-01-01T05:31:00+00:00,t11_1,treatment,conversion,0
2026-01-01T05:31:00+00:00,t11_1,treatment,error_rate,0
2026-01-01T05:32:00+00:00,t11_2,treatment,conversion,0
2026-01-01T05:32:00+00:00,t11_2,treatment,error_rate,0
2026-01-01T05:33:00+00:00,t11_3,treatment,conversion,0
2026-01-01T05:33:00+00:00,t11_3,treatment,error_rate,1
2026-01-01T05:34:00+00:00,t11_4,treatment,conversion,0
2026-01-01T05:34:00+00:00,t11_4,treatment,error_rate,0
2026-01-01T05:35:00+00:00,t11_5,treatment,conversion,0
2026-01-01T05:35:00+00:00,t11_5,treatment,error_rate,0
2026-01-01T05:36:00+00:00,t11_6,treatment,conversion,0
2026-01-01T05:36:00+00:00,t11_6,treatment,error_rate,0
2026-01-01T05:37:00+00:00,t11_7,treatment,conversion,0
2026-01-01T05:37:00+00:00,t11_7,treatment,error_rate,0
2026-01-01T05:38:00+00:00,t11_8,treatment,conversion,0
2026-01-01T05:38:00+00:00,t11_8,treatment,error_rate,0
2026-01-01T05:39:00+00:00,t11_9,treatment,conversion,1
2026-01-01T05:39:00+00:00,t11_9,treatment,error_rate,1
2026-01-01T05:40:00+00:00,t11_10,treatment,conversion,0
2026-01-01T05:40:00+00:00,t11_10,treatment,error_rate,0
2026-01-01T05:41:00+00:00,t11_11,treatment,conversion,0
2026-01-01T05:41:00+00:00,t11_11,treatment,error_rate,0
2026-01-01T05:42:00+00:00,t11_12,treatment,conversion,0
2026-01-01T05:42:00+00:00,t11_12,treatment,error_rate,0
2026-01-01T05:43:00+00:00,t11_13,treatment,conversion,0
2026-01-01T05:43:00+00:00,t11_13,treatment,error_rate,0
2026-01-01T05:44:00+00:00,t11_14,treatment,conversion,0
2026-01-01T05:44:00+00:00,t11_14,treatment,error_rate,0
2026-01-01T05:45:00+00:00,t11_15,treatment,conversion,0
2026-01-01T05:45:00+00:00,t11_15,treatment,error_rate,0
2026-01-01T05:46:00+00:00,t11_16,treatment,conversion,0
2026-01-01T05:46:00+00:00,t11_16,treatment,error_rate,0
2026-01-01T05:47:00+00:00,t11_17,treatment,conversion,0
2026-01-01T05:47:00+00:00,t11_17,treatment,error_rate,0
2026-01-01T05:48:00+00:00,t11_18,treatment,conversion,0
2026-01-01T05:48:00+00:00,t11_18,treatment,error_rate,0
2026-01-01T05:49:00+00:00,t11_19,treatment,conversion,1
2026-01-01T05:49:00+00:00,t11_19,treatment,error_rate,0
2026-01-01T05:50:00+00:00,t11_20,treatment,conversion,0
2026-01-01T05:50:00+00:00,t11_20,treatment,error_rate,0
2026-01-01T05:51:00+00:00,t11_21,treatment,conversion,0
2026-01-01T05:51:00+00:00,t11_21,treatment,error_rate,0
2026-01-01T05:52:00+00:00,t11_22,treatment,conversion,0
2026-01-01T05:52:00+00:00,t11_22,treatment,error_rate,0
2026-01-01T05:53:00+00:00,t11_23,treatment,conversion,0
2026-01-01T05:53:00+00:00,t11_23,treatment,error_rate,0
2026-01-01T05:54:00+00:00,t11_24,treatment,conversion,1
2026-01-01T05:54:00+00:00,t11_24,treatment,error_rate,0
2026-01-01T05:55:00+00:00,t11_25,treatment,conversion,0
2026-01-01T05:55:00+00:00,t11_25,treatment,error_rate,1
2026-01-01T05:56:00+00:00,t11_26,treatment,conversion,0
2026-01-01T05:56:00+00:00,t11_26,treatment,error_rate,0
2026-01-01T05:57:00+00:00,t11_27,treatment,conversion,0
2026-01-01T05:57:00+00:00,t11_27,treatment,error_rate,0
2026-01-01T05:58:00+00:00,t11_28,treatment,conversion,0
2026-01-01T05:58:00+00:00,t11_28,treatment,error_rate,0
2026-01-01T05:59:00+00:00,t11_29,treatment,conversion,0
2026-01-01T05:59:00+00:00,t11_29,treatment,error_rate,0
2026-01-01T06:00:00+00:00,c12_0,control,conversion,0
2026-01-01T06:00:00+00:00,c12_0,control,error_rate,0
2026-01-01T06:01:00+00:00,c12_1,control,conversion,0
2026-01-01T06:01:00+00:00,c12_1,control,error_rate,0
2026-01-01T06:02:00+00:00,c12_2,control,conversion,0
2026-01-01T06:02:00+00:00,c12_2,control,error_rate,0
2026-01-01T06:03:00+00:00,c12_3,control,conversion,0
2026-01-01T06:03:00+00:00,c12_3,control,error_rate,0
2026-01-01T06:04:00+00:00,c12_4,control,conversion,0
2026-01-01T06:04:00+00:00,c12_4,control,error_rate,0
2026-01-01T06:05:00+00:00,c12_5,control,conversion,0
2026-01-01T06:05:00+00:00,c12_5,control,error_rate,0
2026-01-01T06:06:00+00:00,c12_6,control,conversion,0
2026-01-01T06:06:00+00:00,c12_6,control,error_rate,0
2026-01-01T06:07:00+00:00,c12_7,control,conversion,0
2026-01-01T06:07:00+00:00,c12_7,control,error_rate,0
2026-01-01T06:08:00+00:00,c12_8,control,conversion,0
2026-01-01T06:08:00+00:00,c12_8,control,error_rate,0
2026-01-01T06:09:00+00:00,c12_9,control,conversion,0
2026-01-01T06:09:00+00:00,c12_9,control,error_rate,0
2026-01-01T06:10:00+00:00,c12_10,control,conversion,0
2026-01-01T06:10:00+00:00,c12_10,control,error_rate,0
2026-01-01T06:11:00+00:00,c12_11,control,conversion,0
2026-01-01T06:11:00+00:00,c12_11,control,error_rate,1
2026-01-01T06:12:00+00:00,c12_12,control,conversion,0
2026-01-01T06:12:00+00:00,c12_12,control,error_rate,0
2026-01-01T06:13:00+00:00,c12_13,control,conversion,0
2026-01-01T06:13:00+00:00,c12_13,control,error_rate,0
2026-01-01T06:14:00+00:00,c12_14,control,conversion,0
2026-01-01T06:14:00+00:00,c12_14,control,error_rate,0
2026-01-01T06:15:00+00:00,c12_15,control,conversion,1
2026-01-01T06:15:00+00:00,c12_15,control,error_rate,0
2026-01-01T06:16:00+00:00,c12_16,control,conversion,0
2026-01-01T06:16:00+00:00,c12_16,control,error_rate,0
2026-01-01T06:17:00+00:00,c12_17,control,conversion,0
2026-01-01T06:17:00+00:00,c12_17,control,error_rate,0
2026-01-01T06:18:00+00:00,c12_18,control,conversion,0
2026-01-01T06:18:00+00:00,c12_18,control,error_rate,0
2026-01-01T06:19:00+00:00,c12_19,control,conversion,0
2026-01-01T06:19:00+00:00,c12_19,control,error_rate,0
2026-01-01T06:20:00+00:00,c12_20,control,conversion,1
2026-01-01T06:20:00+00:00,c12_20,control,error_rate,0
2026-01-01T06:21:00+00:00,c12_21,control,conversion,0
2026-01-01T06:21:00+00:00,c12_21,control,error_rate,0
2026-01-01T06:22:00+00:00,c12_22,control,conversion,0
2026-01-01T06:22:00+00:00,c12_22,control,error_rate,0
2026-01-01T06:23:00+00:00,c12_23,control,conversion,0
2026-01-01T06:23:00+00:00,c12_23,control,error_rate,0
2026-01-01T06:24:00+00:00,c12_24,control,conversion,0
2026-01-01T06:24:00+00:00,c12_24,control,error_rate,0
2026-01-01T06:25:00+00:00,c12_25,control,conversion,0
2026-01-01T06:25:00+00:00,c12_25,control,error_rate,0
2026-01-01T06:26:00+00:00,c12_26,control,conversion,0
2026-01-01T06:26:00+00:00,c12_26,control,error_rate,0
2026-01-01T06:27:00+00:00,c12_27,control,conversion,0
2026-01-01T06:27:00+00:00,c12_27,control,error_rate,0
2026-01-01T06:28:00+00:00,c12_28,control,conversion,1
2026-01-01T06:28:00+00:00,c12_28,control,error_rate,0
2026-01-01T06:29:00+00:00,c12_29,control,conversion,0
2026-01-01T06:29:00+00:00,c12_29,control,error_rate,0
2026-01-01T06:00:00+00:00,t12_0,treatment,conversion,0
2026-01-01T06:00:00+00:00,t12_0,treatment,error_rate,0
2026-01-01T06:01:00+00:00,t12_1,treatment,conversion,1
2026-01-01T06:01:00+00:00,t12_1,treatment,error_rate,0
2026-01-01T06:02:00+00:00,t12_2,treatment,conversion,0
2026-01-01T06:02:00+00:00,t12_2,treatment,error_rate,0
2026-01-01T06:03:00+00:00,t12_3,treatment,conversion,0
2026-01-01T06:03:00+00:00,t12_3,treatment,error_rate,0
2026-01-01T06:04:00+00:00,t12_4,treatment,conversion,0
2026-01-01T06:04:00+00:00,t12_4,treatment,error_rate,1
2026-01-01T06:05:00+00:00,t12_5,treatment,conversion,0
2026-01-01T06:05:00+00:00,t12_5,treatment,error_rate,0
2026-01-01T06:06:00+00:00,t12_6,treatment,conversion,0
2026-01-01T06:06:00+00:00,t12_6,treatment,error_rate,0
2026-01-01T06:07:00+00:00,t12_7,treatment,conversion,0
2026-01-01T06:07:00+00:00,t12_7,treatment,error_rate,0
2026-01-01T06:08:00+00:00,t12_8,treatment,conversion,0
2026-01-01T06:08:00+00:00,t12_8,treatment,error_rate,0
2026-01-01T06:09:00+00:00,t12_9,treatment,conversion,0
2026-01-01T06:09:00+00:00,t12_9,treatment,error_rate,0
2026-01-01T06:10:00+00:00,t12_10,treatment,conversion,1
2026-01-01T06:10:00+00:00,t12_10,treatment,error_rate,0
2026-01-01T06:11:00+00:00,t12_11,treatment,conversion,0
2026-01-01T06:11:00+00:00,t12_11,treatment,error_rate,0
2026-01-01T06:12:00+00:00,t12_12,treatment,conversion,0
2026-01-01T06:12:00+00:00,t12_12,treatment,error_rate,1
2026-01-01T06:13:00+00:00,t12_13,treatment,conversion,0
2026-01-01T06:13:00+00:00,t12_13,treatment,error_rate,0
2026-01-01T06:14:00+00:00,t12_14,treatment,conversion,0
2026-01-01T06:14:00+00:00,t12_14,treatment,error_rate,1
2026-01-01T06:15:00+00:00,t12_15,treatment,conversion,0
2026-01-01T06:15:00+00:00,t12_15,treatment,error_rate,0
2026-01-01T06:16:00+00:00,t12_16,treatment,conversion,0
2026-01-01T06:16:00+00:00,t12_16,treatment,error_rate,0
2026-01-01T06:17:00+00:00,t12_17,treatment,conversion,1
2026-01-01T06:17:00+00:00,t12_17,treatment,error_rate,0
2026-01-01T06:18:00+00:00,t12_18,treatment,conversion,0
2026-01-01T06:18:00+00:00,t12_18,treatment,error_rate,0
2026-01-01T06:19:00+00:00,t12_19,treatment,conversion,0
2026-01-01T06:19:00+00:00,t12_19,treatment,error_rate,1
2026-01-01T06:20:00+00:00,t12_20,treatment,conversion,0
2026-01-01T06:20:00+00:00,t12_20,treatment,error_rate,1
2026-01-01T06:21:00+00:00,t12_21,treatment,conversion,1
2026-01-01T06:21:00+00:00,t12_21,treatment,error_rate,0
2026-01-01T06:22:00+00:00,t12_22,treatment,conversion,0
2026-01-01T06:22:00+00:00,t12_22,treatment,error_rate,0
2026-01-01T06:23:00+00:00,t12_23,treatment,conversion,0
2026-01-01T06:23:00+00:00,t12_23,treatment,error_rate,0
2026-01-01T06:24:00+00:00,t12_24,treatment,conversion,1
2026-01-01T06:24:00+00:00,t12_24,treatment,error_rate,0
2026-01-01T06:25:00+00:00,t12_25,treatment,conversion,0
2026-01-01T06:25:00+00:00,t12_25,treatment,error_rate,0
2026-01-01T06:26:00+00:00,t12_26,treatment,conversion,0
2026-01-01T06:26:00+00:00,t12_26,treatment,error_rate,0
2026-01-01T06:27:00+00:00,t12_27,treatment,conversion,0
2026-01-01T06:27:00+00:00,t12_27,treatment,error_rate,0
2026-01-01T06:28:00+00:00,t12_28,treatment,conversion,0
2026-01-01T06:28:00+00:00,t12_28,treatment,error_rate,0
2026-01-01T06:29:00+00:00,t12_29,treatment,conversion,0
2026-01-01T06:29:00+00:00,t12_29,treatment,error_rate,1
2026-01-01T06:30:00+00:00,c13_0,control,conversion,0
2026-01-01T06:30:00+00:00,c13_0,control,error_rate,0
2026-01-01T06:31:00+00:00,c13_1,control,conversion,0
2026-01-01T06:31:00+00:00,c13_1,control,error_rate,0
2026-01-01T06:32:00+00:00,c13_2,control,conversion,0
2026-01-01T06:32:00+00:00,c13_2,control,error_rate,0
2026-01-01T06:33:00+00:00,c13_3,control,conversion,0
2026-01-01T06:33:00+00:00,c13_3,control,error_rate,0
2026-01-01T06:34:00+00:00,c13_4,control,conversion,0
2026-01-01T06:34:00+00:00,c13_4,control,error_rate,0
2026-01-01T06:35:00+00:00,c13_5,control,conversion,0
2026-01-01T06:35:00+00:00,c13_5,control,error_rate,0
2026-01-01T06:36:00+00:00,c13_6,control,conversion,0
2026-01-01T06:36:00+00:00,c13_6,control,error_rate,0
2026-01-01T06:37:00+00:00,c13_7,control,conversion,0
2026-01-01T06:37:00+00:00,c13_7,control,error_rate,0
2026-01-01T06:38:00+00:00,c13_8,control,conversion,0
2026-01-01T06:38:00+00:00,c13_8,control,error_rate,0
2026-01-01T06:39:00+00:00,c13_9,control,conversion,0
2026-01-01T06:39:00+00:00,c13_9,control,error_rate,0
2026-01-01T06:40:00+00:00,c13_10,control,conversion,0
2026-01-01T06:40:00+00:00,c13_10,control,error_rate,0
2026-01-01T06:41:00+00:00,c13_11,control,conversion,0
2026-01-01T06:41:00+00:00,c13_11,control,error_rate,0
2026-01-01T06:42:00+00:00,c13_12,control,conversion,0
2026-01-01T06:42:00+00:00,c13_12,control,error_rate,1
2026-01-01T06:43:00+00:00,c13_13,control,conversion,0
2026-01-01T06:43:00+00:00,c13_13,control,error_rate,0
2026-01-01T06:44:00+00:00,c13_14,control,conversion,1
2026-01-01T06:44:00+00:00,c13_14,control,error_rate,0
2026-01-01T06:45:00+00:00,c13_15,control,conversion,0
2026-01-01T06:45:00+00:00,c13_15,control,error_rate,0
2026-01-01T06:46:00+00:00,c13_16,control,conversion,1
2026-01-01T06:46:00+00:00,c13_16,control,error_rate,0
2026-01-01T06:47:00+00:00,c13_17,control,conversion,0
2026-01-01T06:47:00+00:00,c13_17,control,error_rate,0
2026-01-01T06:48:00+00:00,c13_18,control,conversion,0
2026-01-01T06:48:00+00:00,c13_18,control,error_rate,0
2026-01-01T06:49:00+00:00,c13_19,control,conversion,0
2026-01-01T06:49:00+00:00,c13_19,control,error_rate,0
2026-01-01T06:50:00+00:00,c13_20,control,conversion,0
2026-01-01T06:50:00+00:00,c13_20,control,error_rate,0
2026-01-01T06:51:00+00:00,c13_21,control,conversion,0
2026-01-01T06:51:00+00:00,c13_21,control,error_rate,0
2026-01-01T06:52:00+00:00,c13_22,control,conversion,0
2026-01-01T06:52:00+00:00,c13_22,control,error_rate,0
2026-01-01T06:53:00+00:00,c13_23,control,conversion,1
2026-01-01T06:53:00+00:00,c13_23,control,error_rate,0
2026-01-01T06:54:00+00:00,c13_24,control,conversion,0
2026-01-01T06:54:00+00:00,c13_24,control,error_rate,0
2026-01-01T06:55:00+00:00,c13_25,control,conversion,0
2026-01-01T06:55:00+00:00,c13_25,control,error_rate,0
2026-01-01T06:56:00+00:00,c13_26,control,conversion,0
2026-01-01T06:56:00+00:00,c13_26,control,error_rate,0
2026-01-01T06:57:00+00:00,c13_27,control,conversion,0
2026-01-01T06:57:00+00:00,c13_27,control,error_rate,0
2026-01-01T06:58:00+00:00,c13_28,control,conversion,0
2026-01-01T06:58:00+00:00,c13_28,control,error_rate,0
2026-01-01T06:59:00+00:00,c13_29,control,conversion,0
2026-01-01T06:59:00+00:00,c13_29,control,error_rate,0
2026-01-01T06:30:00+00:00,t13_0,treatment,conversion,0
2026-01-01T06:30:00+00:00,t13_0,treatment,error_rate,0
2026-01-01T06:31:00+00:00,t13_1,treatment,conversion,0
2026-01-01T06:31:00+00:00,t13_1,treatment,error_rate,0
2026-01-01T06:32:00+00:00,t13_2,treatment,conversion,0
2026-01-01T06:32:00+00:00,t13_2,treatment,error_rate,0
2026-01-01T06:33:00+00:00,t13_3,treatment,conversion,0
2026-01-01T06:33:00+00:00,t13_3,treatment,error_rate,0
2026-01-01T06:34:00+00:00,t13_4,treatment,conversion,0
2026-01-01T06:34:00+00:00,t13_4,treatment,error_rate,0
2026-01-01T06:35:00+00:00,t13_5,treatment,conversion,0
2026-01-01T06:35:00+00:00,t13_5,treatment,error_rate,1
2026-01-01T06:36:00+00:00,t13_6,treatment,conversion,0
2026-01-01T06:36:00+00:00,t13_6,treatment,error_rate,0
2026-01-01T06:37:00+00:00,t13_7,treatment,conversion,0
2026-01-01T06:37:00+00:00,t13_7,treatment,error_rate,0
2026-01-01T06:38:00+00:00,t13_8,treatment,conversion,0
2026-01-01T06:38:00+00:00,t13_8,treatment,error_rate,0
2026-01-01T06:39:00+00:00,t13_9,treatment,conversion,1
2026-01-01T06:39:00+00:00,t13_9,treatment,error_rate,0
2026-01-01T06:40:00+00:00,t13_10,treatment,conversion,0
2026-01-01T06:40:00+00:00,t13_10,treatment,error_rate,0
2026-01-01T06:41:00+00:00,t13_11,treatment,conversion,1
2026-01-01T06:41:00+00:00,t13_11,treatment,error_rate,0
2026-01-01T06:42:00+00:00,t13_12,treatment,conversion,0
2026-01-01T06:42:00+00:00,t13_12,treatment,error_rate,0
2026-01-01T06:43:00+00:00,t13_13,treatment,conversion,0
2026-01-01T06:43:00+00:00,t13_13,treatment,error_rate,0
2026-01-01T06:44:00+00:00,t13_14,treatment,conversion,0
2026-01-01T06:44:00+00:00,t13_14,treatment,error_rate,0
2026-01-01T06:45:00+00:00,t13_15,treatment,conversion,0
2026-01-01T06:45:00+00:00,t13_15,treatment,error_rate,0
2026-01-01T06:46:00+00:00,t13_16,treatment,conversion,1
2026-01-01T06:46:00+00:00,t13_16,treatment,error_rate,0
2026-01-01T06:47:00+00:00,t13_17,treatment,conversion,0
2026-01-01T06:47:00+00:00,t13_17,treatment,error_rate,0
2026-01-01T06:48:00+00:00,t13_18,treatment,conversion,0
2026-01-01T06:48:00+00:00,t13_18,treatment,error_rate,0
2026-01-01T06:49:00+00:00,t13_19,treatment,conversion,0
2026-01-01T06:49:00+00:00,t13_19,treatment,error_rate,0
2026-01-01T06:50:00+00:00,t13_20,treatment,conversion,0
2026-01-01T06:50:00+00:00,t13_20,treatment,error_rate,0
2026-01-01T06:51:00+00:00,t13_21,treatment,conversion,0
2026-01-01T06:51:00+00:00,t13_21,treatment,error_rate,0
2026-01-01T06:52:00+00:00,t13_22,treatment,conversion,1
2026-01-01T06:52:00+00:00,t13_22,treatment,error_rate,0
2026-01-01T06:53:00+00:00,t13_23,treatment,conversion,0
2026-01-01T06:53:00+00:00,t13_23,treatment,error_rate,1
2026-01-01T06:54:00+00:00,t13_24,treatment,conversion,0
2026-01-01T06:54:00+00:00,t13_24,treatment,error_rate,0
2026-01-01T06:55:00+00:00,t13_25,treatment,conversion,0
2026-01-01T06:55:00+00:00,t13_25,treatment,error_rate,0
2026-01-01T06:56:00+00:00,t13_26,treatment,conversion,1
2026-01-01T06:56:00+00:00,t13_26,treatment,error_rate,0
2026-01-01T06:57:00+00:00,t13_27,treatment,conversion,0
2026-01-01T06:57:00+00:00,t13_27,treatment,error_rate,0
2026-01-01T06:58:00+00:00,t13_28,treatment,conversion,0
2026-01-01T06:58:00+00:00,t13_28,treatment,error_rate,0
2026-01-01T06:59:00+00:00,t13_29,treatment,conversion,1
2026-01-01T06:59:00+00:00,t13_29,treatment,error_rate,0
2026-01-01T07:00:00+00:00,c14_0,control,conversion,0
2026-01-01T07:00:00+00:00,c14_0,control,error_rate,0
2026-01-01T07:01:00+00:00,c14_1,control,conversion,0
2026-01-01T07:01:00+00:00,c14_1,control,error_rate,1
2026-01-01T07:02:00+00:00,c14_2,control,conversion,0
2026-01-01T07:02:00+00:00,c14_2,control,error_rate,0
2026-01-01T07:03:00+00:00,c14_3,control,conversion,0
2026-01-01T07:03:00+00:00,c14_3,control,error_rate,0
2026-01-01T07:04:00+00:00,c14_4,control,conversion,0
2026-01-01T07:04:00+00:00,c14_4,control,error_rate,0
2026-01-01T07:05:00+00:00,c14_5,control,conversion,1
2026-01-01T07:05:00+00:00,c14_5,control,error_rate,0
2026-01-01T07:06:00+00:00,c14_6,control,conversion,0
2026-01-01T07:06:00+00:00,c14_6,control,error_rate,0
2026-01-01T07:07:00+00:00,c14_7,control,conversion,0
2026-01-01T07:07:00+00:00,c14_7,control,error_rate,1
2026-01-01T07:08:00+00:00,c14_8,control,conversion,0
2026-01-01T07:08:00+00:00,c14_8,control,error_rate,0
2026-01-01T07:09:00+00:00,c14_9,control,conversion,0
2026-01-01T07:09:00+00:00,c14_9,control,error_rate,0
2026-01-01T07:10:00+00:00,c14_10,control,conversion,0
2026-01-01T07:10:00+00:00,c14_10,control,error_rate,0
2026-01-01T07:11:00+00:00,c14_11,control,conversion,0
2026-01-01T07:11:00+00:00,c14_11,control,error_rate,0
2026-01-01T07:12:00+00:00,c14_12,control,conversion,0
2026-01-01T07:12:00+00:00,c14_12,control,error_rate,0
2026-01-01T07:13:00+00:00,c14_13,control,conversion,0
2026-01-01T07:13:00+00:00,c14_13,control,error_rate,0
2026-01-01T07:14:00+00:00,c14_14,control,conversion,1
2026-01-01T07:14:00+00:00,c14_14,control,error_rate,0
2026-01-01T07:15:00+00:00,c14_15,control,conversion,0
2026-01-01T07:15:00+00:00,c14_15,control,error_rate,0
2026-01-01T07:16:00+00:00,c14_16,control,conversion,0
2026-01-01T07:16:00+00:00,c14_16,control,error_rate,0
2026-01-01T07:17:00+00:00,c14_17,control,conversion,0
2026-01-01T07:17:00+00:00,c14_17,control,error_rate,0
2026-01-01T07:18:00+00:00,c14_18,control,conversion,0
2026-01-01T07:18:00+00:00,c14_18,control,error_rate,0
2026-01-01T07:19:00+00:00,c14_19,control,conversion,0
2026-01-01T07:19:00+00:00,c14_19,control,error_rate,0
2026-01-01T07:20:00+00:00,c14_20,control,conversion,0
2026-01-01T07:20:00+00:00,c14_20,control,error_rate,0
2026-01-01T07:21:00+00:00,c14_21,control,conversion,0
2026-01-01T07:21:00+00:00,c14_21,control,error_rate,0
2026-01-01T07:22:00+00:00,c14_22,control,conversion,0
2026-01-01T07:22:00+00:00,c14_22,control,error_rate,0
2026-01-01T07:23:00+00:00,c14_23,control,conversion,0
2026-01-01T07:23:00+00:00,c14_23,control,error_rate,0
2026-01-01T07:24:00+00:00,c14_24,control,conversion,0
2026-01-01T07:24:00+00:00,c14_24,control,error_rate,0
2026-01-01T07:25:00+00:00,c14_25,control,conversion,0
2026-01-01T07:25:00+00:00,c14_25,control,error_rate,0
2026-01-01T07:26:00+00:00,c14_26,control,conversion,0
2026-01-01T07:26:00+00:00,c14_26,control,error_rate,0
2026-01-01T07:27:00+00:00,c14_27,control,conversion,0
2026-01-01T07:27:00+00:00,c14_27,control,error_rate,0
2026-01-01T07:28:00+00:00,c14_28,control,conversion,0
2026-01-01T07:28:00+00:00,c14_28,control,error_rate,0
2026-01-01T07:29:00+00:00,c14_29,control,conversion,1
2026-01-01T07:29:00+00:00,c14_29,control,error_rate,0
2026-01-01T07:00:00+00:00,t14_0,treatment,conversion,0
2026-01-01T07:00:00+00:00,t14_0,treatment,error_rate,0
2026-01-01T07:01:00+00:00,t14_1,treatment,conversion,0
2026-01-01T07:01:00+00:00,t14_1,treatment,error_rate,0
2026-01-01T07:02:00+00:00,t14_2,treatment,conversion,0
2026-01-01T07:02:00+00:00,t14_2,treatment,error_rate,0
2026-01-01T07:03:00+00:00,t14_3,treatment,conversion,1
2026-01-01T07:03:00+00:00,t14_3,treatment,error_rate,0
2026-01-01T07:04:00+00:00,t14_4,treatment,conversion,1
2026-01-01T07:04:00+00:00,t14_4,treatment,error_rate,0
2026-01-01T07:05:00+00:00,t14_5,treatment,conversion,0
2026-01-01T07:05:00+00:00,t14_5,treatment,error_rate,0
2026-01-01T07:06:00+00:00,t14_6,treatment,conversion,0
2026-01-01T07:06:00+00:00,t14_6,treatment,error_rate,0
2026-01-01T07:07:00+00:00,t14_7,treatment,conversion,0
2026-01-01T07:07:00+00:00,t14_7,treatment,error_rate,1
2026-01-01T07:08:00+00:00,t14_8,treatment,conversion,0
2026-01-01T07:08:00+00:00,t14_8,treatment,error_rate,1
2026-01-01T07:09:00+00:00,t14_9,treatment,conversion,0
2026-01-01T07:09:00+00:00,t14_9,treatment,error_rate,1
2026-01-01T07:10:00+00:00,t14_10,treatment,conversion,0
2026-01-01T07:10:00+00:00,t14_10,treatment,error_rate,0
2026-01-01T07:11:00+00:00,t14_11,treatment,conversion,1
2026-01-01T07:11:00+00:00,t14_11,treatment,error_rate,0
2026-01-01T07:12:00+00:00,t14_12,treatment,conversion,1
2026-01-01T07:12:00+00:00,t14_12,treatment,error_rate,0
2026-01-01T07:13:00+00:00,t14_13,treatment,conversion,0
2026-01-01T07:13:00+00:00,t14_13,treatment,error_rate,0
2026-01-01T07:14:00+00:00,t14_14,treatment,conversion,0
2026-01-01T07:14:00+00:00,t14_14,treatment,error_rate,0
2026-01-01T07:15:00+00:00,t14_15,treatment,conversion,0
2026-01-01T07:15:00+00:00,t14_15,treatment,error_rate,0
2026-01-01T07:16:00+00:00,t14_16,treatment,conversion,0
2026-01-01T07:16:00+00:00,t14_16,treatment,error_rate,0
2026-01-01T07:17:00+00:00,t14_17,treatment,conversion,0
2026-01-01T07:17:00+00:00,t14_17,treatment,error_rate,0
2026-01-01T07:18:00+00:00,t14_18,treatment,conversion,0
2026-01-01T07:18:00+00:00,t14_18,treatment,error_rate,0
2026-01-01T07:19:00+00:00,t14_19,treatment,conversion,1
2026-01-01T07:19:00+00:00,t14_19,treatment,error_rate,0
2026-01-01T07:20:00+00:00,t14_20,treatment,conversion,0
2026-01-01T07:20:00+00:00,t14_20,treatment,error_rate,0
2026-01-01T07:21:00+00:00,t14_21,treatment,conversion,0
2026-01-01T07:21:00+00:00,t14_21,treatment,error_rate,0
2026-01-01T07:22:00+00:00,t14_22,treatment,conversion,0
2026-01-01T07:22:00+00:00,t14_22,treatment,error_rate,0
2026-01-01T07:23:00+00:00,t14_23,treatment,conversion,1
2026-01-01T07:23:00+00:00,t14_23,treatment,error_rate,1
2026-01-01T07:24:00+00:00,t14_24,treatment,conversion,0
2026-01-01T07:24:00+00:00,t14_24,treatment,error_rate,0
2026-01-01T07:25:00+00:00,t14_25,treatment,conversion,0
2026-01-01T07:25:00+00:00,t14_25,treatment,error_rate,0
2026-01-01T07:26:00+00:00,t14_26,treatment,conversion,0
2026-01-01T07:26:00+00:00,t14_26,treatment,error_rate,1
2026-01-01T07:27:00+00:00,t14_27,treatment,conversion,0
2026-01-01T07:27:00+00:00,t14_27,treatment,error_rate,0
2026-01-01T07:28:00+00:00,t14_28,treatment,conversion,1
2026-01-01T07:28:00+00:00,t14_28,treatment,error_rate,0
2026-01-01T07:29:00+00:00,t14_29,treatment,conversion,0
2026-01-01T07:29:00+00:00,t14_29,treatment,error_rate,0
2026-01-01T07:30:00+00:00,c15_0,control,conversion,0
2026-01-01T07:30:00+00:00,c15_0,control,error_rate,0
2026-01-01T07:31:00+00:00,c15_1,control,conversion,0
2026-01-01T07:31:00+00:00,c15_1,control,error_rate,0
2026-01-01T07:32:00+00:00,c15_2,control,conversion,0
2026-01-01T07:32:00+00:00,c15_2,control,error_rate,0
2026-01-01T07:33:00+00:00,c15_3,control,conversion,0
2026-01-01T07:33:00+00:00,c15_3,control,error_rate,0
2026-01-01T07:34:00+00:00,c15_4,control,conversion,0
2026-01-01T07:34:00+00:00,c15_4,control,error_rate,0
2026-01-01T07:35:00+00:00,c15_5,control,conversion,0
2026-01-01T07:35:00+00:00,c15_5,control,error_rate,0
2026-01-01T07:36:00+00:00,c15_6,control,conversion,0
2026-01-01T07:36:00+00:00,c15_6,control,error_rate,0
2026-01-01T07:37:00+00:00,c15_7,control,conversion,0
2026-01-01T07:37:00+00:00,c15_7,control,error_rate,0
2026-01-01T07:38:00+00:00,c15_8,control,conversion,0
2026-01-01T07:38:00+00:00,c15_8,control,error_rate,0
2026-01-01T07:39:00+00:00,c15_9,control,conversion,0
2026-01-01T07:39:00+00:00,c15_9,control,error_rate,0
2026-01-01T07:40:00+00:00,c15_10,control,conversion,0
2026-01-01T07:40:00+00:00,c15_10,control,error_rate,0
2026-01-01T07:41:00+00:00,c15_11,control,conversion,0
2026-01-01T07:41:00+00:00,c15_11,control,error_rate,0
2026-01-01T07:42:00+00:00,c15_12,control,conversion,0
2026-01-01T07:42:00+00:00,c15_12,control,error_rate,0
2026-01-01T07:43:00+00:00,c15_13,control,conversion,0
2026-01-01T07:43:00+00:00,c15_13,control,error_rate,0
2026-01-01T07:44:00+00:00,c15_14,control,conversion,0
2026-01-01T07:44:00+00:00,c15_14,control,error_rate,0
2026-01-01T07:45:00+00:00,c15_15,control,conversion,0
2026-01-01T07:45:00+00:00,c15_15,control,error_rate,1
2026-01-01T07:46:00+00:00,c15_16,control,conversion,0
2026-01-01T07:46:00+00:00,c15_16,control,error_rate,0
2026-01-01T07:47:00+00:00,c15_17,control,conversion,0
2026-01-01T07:47:00+00:00,c15_17,control,error_rate,1
2026-01-01T07:48:00+00:00,c15_18,control,conversion,0
2026-01-01T07:48:00+00:00,c15_18,control,error_rate,0
2026-01-01T07:49:00+00:00,c15_19,control,conversion,0
2026-01-01T07:49:00+00:00,c15_19,control,error_rate,0
2026-01-01T07:50:00+00:00,c15_20,control,conversion,0
2026-01-01T07:50:00+00:00,c15_20,control,error_rate,0
2026-01-01T07:51:00+00:00,c15_21,control,conversion,0
2026-01-01T07:51:00+00:00,c15_21,control,error_rate,0
2026-01-01T07:52:00+00:00,c15_22,control,conversion,0
2026-01-01T07:52:00+00:00,c15_22,control,error_rate,0
2026-01-01T07:53:00+00:00,c15_23,control,conversion,0
2026-01-01T07:53:00+00:00,c15_23,control,error_rate,0
2026-01-01T07:54:00+00:00,c15_24,control,conversion,0
2026-01-01T07:54:00+00:00,c15_24,control,error_rate,0
2026-01-01T07:55:00+00:00,c15_25,control,conversion,0
2026-01-01T07:55:00+00:00,c15_25,control,error_rate,0
2026-01-01T07:56:00+00:00,c15_26,control,conversion,0
2026-01-01T07:56:00+00:00,c15_26,control,error_rate,0
2026-01-01T07:57:00+00:00,c15_27,control,conversion,0
2026-01-01T07:57:00+00:00,c15_27,control,error_rate,0
2026-01-01T07:58:00+00:00,c15_28,control,conversion,0
2026-01-01T07:58:00+00:00,c15_28,control,error_rate,0
2026-01-01T07:59:00+00:00,c15_29,control,conversion,0
2026-01-01T07:59:00+00:00,c15_29,control,error_rate,0
2026-01-01T07:30:00+00:00,t15_0,treatment,conversion,1
2026-01-01T07:30:00+00:00,t15_0,treatment,error_rate,0
2026-01-01T07:31:00+00:00,t15_1,treatment,conversion,0
2026-01-01T07:31:00+00:00,t15_1,treatment,error_rate,0
2026-01-01T07:32:00+00:00,t15_2,treatment,conversion,0
2026-01-01T07:32:00+00:00,t15_2,treatment,error_rate,0
2026-01-01T07:33:00+00:00,t15_3,treatment,conversion,0
2026-01-01T07:33:00+00:00,t15_3,treatment,error_rate,0
2026-01-01T07:34:00+00:00,t15_4,treatment,conversion,0
2026-01-01T07:34:00+00:00,t15_4,treatment,error_rate,1
2026-01-01T07:35:00+00:00,t15_5,treatment,conversion,0
2026-01-01T07:35:00+00:00,t15_5,treatment,error_rate,0
2026-01-01T07:36:00+00:00,t15_6,treatment,conversion,0
2026-01-01T07:36:00+00:00,t15_6,treatment,error_rate,0
2026-01-01T07:37:00+00:00,t15_7,treatment,conversion,0
2026-01-01T07:37:00+00:00,t15_7,treatment,error_rate,0
2026-01-01T07:38:00+00:00,t15_8,treatment,conversion,0
2026-01-01T07:38:00+00:00,t15_8,treatment,error_rate,0
2026-01-01T07:39:00+00:00,t15_9,treatment,conversion,0
2026-01-01T07:39:00+00:00,t15_9,treatment,error_rate,1
2026-01-01T07:40:00+00:00,t15_10,treatment,conversion,0
2026-01-01T07:40:00+00:00,t15_10,treatment,error_rate,0
2026-01-01T07:41:00+00:00,t15_11,treatment,conversion,1
2026-01-01T07:41:00+00:00,t15_11,treatment,error_rate,0
2026-01-01T07:42:00+00:00,t15_12,treatment,conversion,0
2026-01-01T07:42:00+00:00,t15_12,treatment,error_rate,0
2026-01-01T07:43:00+00:00,t15_13,treatment,conversion,0
2026-01-01T07:43:00+00:00,t15_13,treatment,error_rate,0
2026-01-01T07:44:00+00:00,t15_14,treatment,conversion,0
2026-01-01T07:44:00+00:00,t15_14,treatment,error_rate,0
2026-01-01T07:45:00+00:00,t15_15,treatment,conversion,0
2026-01-01T07:45:00+00:00,t15_15,treatment,error_rate,0
2026-01-01T07:46:00+00:00,t15_16,treatment,conversion,0
2026-01-01T07:46:00+00:00,t15_16,treatment,error_rate,0
2026-01-01T07:47:00+00:00,t15_17,treatment,conversion,0
2026-01-01T07:47:00+00:00,t15_17,treatment,error_rate,0
2026-01-01T07:48:00+00:00,t15_18,treatment,conversion,0
2026-01-01T07:48:00+00:00,t15_18,treatment,error_rate,1
2026-01-01T07:49:00+00:00,t15_19,treatment,conversion,0
2026-01-01T07:49:00+00:00,t15_19,treatment,error_rate,0
2026-01-01T07:50:00+00:00,t15_20,treatment,conversion,0
2026-01-01T07:50:00+00:00,t15_20,treatment,error_rate,0
2026-01-01T07:51:00+00:00,t15_21,treatment,conversion,0
2026-01-01T07:51:00+00:00,t15_21,treatment,error_rate,0
2026-01-01T07:52:00+00:00,t15_22,treatment,conversion,0
2026-01-01T07:52:00+00:00,t15_22,treatment,error_rate,1
2026-01-01T07:53:00+00:00,t15_23,treatment,conversion,0
2026-01-01T07:53:00+00:00,t15_23,treatment,error_rate,0
2026-01-01T07:54:00+00:00,t15_24,treatment,conversion,0
2026-01-01T07:54:00+00:00,t15_24,treatment,error_rate,0
2026-01-01T07:55:00+00:00,t15_25,treatment,conversion,0
2026-01-01T07:55:00+00:00,t15_25,treatment,error_rate,0
2026-01-01T07:56:00+00:00,t15_26,treatment,conversion,0
2026-01-01T07:56:00+00:00,t15_26,treatment,error_rate,0
2026-01-01T07:57:00+00:00,t15_27,treatment,conversion,0
2026-01-01T07:57:00+00:00,t15_27,treatment,error_rate,0
2026-01-01T07:58:00+00:00,t15_28,treatment,conversion,0
2026-01-01T07:58:00+00:00,t15_28,treatment,error_rate,0
2026-01-01T07:59:00+00:00,t15_29,treatment,conversion,1
2026-01-01T07:59:00+00:00,t15_29,treatment,error_rate,0
2026-01-01T08:00:00+00:00,c16_0,control,conversion,0
2026-01-01T08:00:00+00:00,c16_0,control,error_rate,0
2026-01-01T08:01:00+00:00,c16_1,control,conversion,0
2026-01-01T08:01:00+00:00,c16_1,control,error_rate,0
2026-01-01T08:02:00+00:00,c16_2,control,conversion,0
2026-01-01T08:02:00+00:00,c16_2,control,error_rate,1
2026-01-01T08:03:00+00:00,c16_3,control,conversion,0
2026-01-01T08:03:00+00:00,c16_3,control,error_rate,0
2026-01-01T08:04:00+00:00,c16_4,control,conversion,0
2026-01-01T08:04:00+00:00,c16_4,control,error_rate,0
2026-01-01T08:05:00+00:00,c16_5,control,conversion,0
2026-01-01T08:05:00+00:00,c16_5,control,error_rate,0
2026-01-01T08:06:00+00:00,c16_6,control,conversion,0
2026-01-01T08:06:00+00:00,c16_6,control,error_rate,0
2026-01-01T08:07:00+00:00,c16_7,control,conversion,0
2026-01-01T08:07:00+00:00,c16_7,control,error_rate,0
2026-01-01T08:08:00+00:00,c16_8,control,conversion,0
2026-01-01T08:08:00+00:00,c16_8,control,error_rate,0
2026-01-01T08:09:00+00:00,c16_9,control,conversion,0
2026-01-01T08:09:00+00:00,c16_9,control,error_rate,0
2026-01-01T08:10:00+00:00,c16_10,control,conversion,0
2026-01-01T08:10:00+00:00,c16_10,control,error_rate,0
2026-01-01T08:11:00+00:00,c16_11,control,conversion,0
2026-01-01T08:11:00+00:00,c16_11,control,error_rate,0
2026-01-01T08:12:00+00:00,c16_12,control,conversion,0
2026-01-01T08:12:00+00:00,c16_12,control,error_rate,0
2026-01-01T08:13:00+00:00,c16_13,control,conversion,0
2026-01-01T08:13:00+00:00,c16_13,control,error_rate,0
2026-01-01T08:14:00+00:00,c16_14,control,conversion,0
2026-01-01T08:14:00+00:00,c16_14,control,error_rate,0
2026-01-01T08:15:00+00:00,c16_15,control,conversion,0
2026-01-01T08:15:00+00:00,c16_15,control,error_rate,0
2026-01-01T08:16:00+00:00,c16_16,control,conversion,0
2026-01-01T08:16:00+00:00,c16_16,control,error_rate,0
2026-01-01T08:17:00+00:00,c16_17,control,conversion,0
2026-01-01T08:17:00+00:00,c16_17,control,error_rate,0
2026-01-01T08:18:00+00:00,c16_18,control,conversion,0
2026-01-01T08:18:00+00:00,c16_18,control,error_rate,0
2026-01-01T08:19:00+00:00,c16_19,control,conversion,0
2026-01-01T08:19:00+00:00,c16_19,control,error_rate,0
2026-01-01T08:20:00+00:00,c16_20,control,conversion,0
2026-01-01T08:20:00+00:00,c16_20,control,error_rate,0
2026-01-01T08:21:00+00:00,c16_21,control,conversion,0
2026-01-01T08:21:00+00:00,c16_21,control,error_rate,0
2026-01-01T08:22:00+00:00,c16_22,control,conversion,0
2026-01-01T08:22:00+00:00,c16_22,control,error_rate,0
2026-01-01T08:23:00+00:00,c16_23,control,conversion,0
2026-01-01T08:23:00+00:00,c16_23,control,error_rate,1
2026-01-01T08:24:00+00:00,c16_24,control,conversion,0
2026-01-01T08:24:00+00:00,c16_24,control,error_rate,0
2026-01-01T08:25:00+00:00,c16_25,control,conversion,0
2026-01-01T08:25:00+00:00,c16_25,control,error_rate,0
2026-01-01T08:26:00+00:00,c16_26,control,conversion,0
2026-01-01T08:26:00+00:00,c16_26,control,error_rate,0
2026-01-01T08:27:00+00:00,c16_27,control,conversion,0
2026-01-01T08:27:00+00:00,c16_27,control,error_rate,0
2026-01-01T08:28:00+00:00,c16_28,control,conversion,0
2026-01-01T08:28:00+00:00,c16_28,control,error_rate,0
2026-01-01T08:29:00+00:00,c16_29,control,conversion,0
2026-01-01T08:29:00+00:00,c16_29,control,error_rate,0
2026-01-01T08:00:00+00:00,t16_0,treatment,conversion,0
2026-01-01T08:00:00+00:00,t16_0,treatment,error_rate,0
2026-01-01T08:01:00+00:00,t16_1,treatment,conversion,0
2026-01-01T08:01:00+00:00,t16_1,treatment,error_rate,0
2026-01-01T08:02:00+00:00,t16_2,treatment,conversion,0
2026-01-01T08:02:00+00:00,t16_2,treatment,error_rate,1
2026-01-01T08:03:00+00:00,t16_3,treatment,conversion,0
2026-01-01T08:03:00+00:00,t16_3,treatment,error_rate,0
2026-01-01T08:04:00+00:00,t16_4,treatment,conversion,0
2026-01-01T08:04:00+00:00,t16_4,treatment,error_rate,0
2026-01-01T08:05:00+00:00,t16_5,treatment,conversion,1
2026-01-01T08:05:00+00:00,t16_5,treatment,error_rate,0
2026-01-01T08:06:00+00:00,t16_6,treatment,conversion,0
2026-01-01T08:06:00+00:00,t16_6,treatment,error_rate,0
2026-01-01T08:07:00+00:00,t16_7,treatment,conversion,0
2026-01-01T08:07:00+00:00,t16_7,treatment,error_rate,0
2026-01-01T08:08:00+00:00,t16_8,treatment,conversion,0
2026-01-01T08:08:00+00:00,t16_8,treatment,error_rate,0
2026-01-01T08:09:00+00:00,t16_9,treatment,conversion,1
2026-01-01T08:09:00+00:00,t16_9,treatment,error_rate,1
2026-01-01T08:10:00+00:00,t16_10,treatment,conversion,0
2026-01-01T08:10:00+00:00,t16_10,treatment,error_rate,0
2026-01-01T08:11:00+00:00,t16_11,treatment,conversion,0
2026-01-01T08:11:00+00:00,t16_11,treatment,error_rate,0
2026-01-01T08:12:00+00:00,t16_12,treatment,conversion,0
2026-01-01T08:12:00+00:00,t16_12,treatment,error_rate,0
2026-01-01T08:13:00+00:00,t16_13,treatment,conversion,0
2026-01-01T08:13:00+00:00,t16_13,treatment,error_rate,0
2026-01-01T08:14:00+00:00,t16_14,treatment,conversion,0
2026-01-01T08:14:00+00:00,t16_14,treatment,error_rate,1
2026-01-01T08:15:00+00:00,t16_15,treatment,conversion,0
2026-01-01T08:15:00+00:00,t16_15,treatment,error_rate,0
2026-01-01T08:16:00+00:00,t16_16,treatment,conversion,0
2026-01-01T08:16:00+00:00,t16_16,treatment,error_rate,0
2026-01-01T08:17:00+00:00,t16_17,treatment,conversion,1
2026-01-01T08:17:00+00:00,t16_17,treatment,error_rate,0
2026-01-01T08:18:00+00:00,t16_18,treatment,conversion,0
2026-01-01T08:18:00+00:00,t16_18,treatment,error_rate,0
2026-01-01T08:19:00+00:00,t16_19,treatment,conversion,0
2026-01-01T08:19:00+00:00,t16_19,treatment,error_rate,0
2026-01-01T08:20:00+00:00,t16_20,treatment,conversion,0
2026-01-01T08:20:00+00:00,t16_20,treatment,error_rate,0
2026-01-01T08:21:00+00:00,t16_21,treatment,conversion,0
2026-01-01T08:21:00+00:00,t16_21,treatment,error_rate,0
2026-01-01T08:22:00+00:00,t16_22,treatment,conversion,0
2026-01-01T08:22:00+00:00,t16_22,treatment,error_rate,0
2026-01-01T08:23:00+00:00,t16_23,treatment,conversion,1
2026-01-01T08:23:00+00:00,t16_23,treatment,error_rate,0
2026-01-01T08:24:00+00:00,t16_24,treatment,conversion,0
2026-01-01T08:24:00+00:00,t16_24,treatment,error_rate,0
2026-01-01T08:25:00+00:00,t16_25,treatment,conversion,0
2026-01-01T08:25:00+00:00,t16_25,treatment,error_rate,0
2026-01-01T08:26:00+00:00,t16_26,treatment,conversion,1
2026-01-01T08:26:00+00:00,t16_26,treatment,error_rate,0
2026-01-01T08:27:00+00:00,t16_27,treatment,conversion,0
2026-01-01T08:27:00+00:00,t16_27,treatment,error_rate,0
2026-01-01T08:28:00+00:00,t16_28,treatment,conversion,0
2026-01-01T08:28:00+00:00,t16_28,treatment,error_rate,0
2026-01-01T08:29:00+00:00,t16_29,treatment,conversion,0
2026-01-01T08:29:00+00:00,t16_29,treatment,error_rate,0
2026-01-01T08:30:00+00:00,c17_0,control,conversion,1
2026-01-01T08:30:00+00:00,c17_0,control,error_rate,0
2026-01-01T08:31:00+00:00,c17_1,control,conversion,0
2026-01-01T08:31:00+00:00,c17_1,control,error_rate,0
2026-01-01T08:32:00+00:00,c17_2,control,conversion,0
2026-01-01T08:32:00+00:00,c17_2,control,error_rate,0
2026-01-01T08:33:00+00:00,c17_3,control,conversion,0
2026-01-01T08:33:00+00:00,c17_3,control,error_rate,0
2026-01-01T08:34:00+00:00,c17_4,control,conversion,0
2026-01-01T08:34:00+00:00,c17_4,control,error_rate,1
2026-01-01T08:35:00+00:00,c17_5,control,conversion,0
2026-01-01T08:35:00+00:00,c17_5,control,error_rate,0
2026-01-01T08:36:00+00:00,c17_6,control,conversion,1
2026-01-01T08:36:00+00:00,c17_6,control,error_rate,1
2026-01-01T08:37:00+00:00,c17_7,control,conversion,0
2026-01-01T08:37:00+00:00,c17_7,control,error_rate,0
2026-01-01T08:38:00+00:00,c17_8,control,conversion,0
2026-01-01T08:38:00+00:00,c17_8,control,error_rate,0
2026-01-01T08:39:00+00:00,c17_9,control,conversion,0
2026-01-01T08:39:00+00:00,c17_9,control,error_rate,0
2026-01-01T08:40:00+00:00,c17_10,control,conversion,0
2026-01-01T08:40:00+00:00,c17_10,control,error_rate,0
2026-01-01T08:41:00+00:00,c17_11,control,conversion,1
2026-01-01T08:41:00+00:00,c17_11,control,error_rate,0
2026-01-01T08:42:00+00:00,c17_12,control,conversion,0
2026-01-01T08:42:00+00:00,c17_12,control,error_rate,0
2026-01-01T08:43:00+00:00,c17_13,control,conversion,0
2026-01-01T08:43:00+00:00,c17_13,control,error_rate,0
2026-01-01T08:44:00+00:00,c17_14,control,conversion,0
2026-01-01T08:44:00+00:00,c17_14,control,error_rate,0
2026-01-01T08:45:00+00:00,c17_15,control,conversion,0
2026-01-01T08:45:00+00:00,c17_15,control,error_rate,0
2026-01-01T08:46:00+00:00,c17_16,control,conversion,0
2026-01-01T08:46:00+00:00,c17_16,control,error_rate,0
2026-01-01T08:47:00+00:00,c17_17,control,conversion,0
2026-01-01T08:47:00+00:00,c17_17,control,error_rate,0
2026-01-01T08:48:00+00:00,c17_18,control,conversion,0
2026-01-01T08:48:00+00:00,c17_18,control,error_rate,0
2026-01-01T08:49:00+00:00,c17_19,control,conversion,0
2026-01-01T08:49:00+00:00,c17_19,control,error_rate,0
2026-01-01T08:50:00+00:00,c17_20,control,conversion,0
2026-01-01T08:50:00+00:00,c17_20,control,error_rate,0
2026-01-01T08:51:00+00:00,c17_21,control,conversion,0
2026-01-01T08:51:00+00:00,c17_21,control,error_rate,0
2026-01-01T08:52:00+00:00,c17_22,control,conversion,1
2026-01-01T08:52:00+00:00,c17_22,control,error_rate,0
2026-01-01T08:53:00+00:00,c17_23,control,conversion,0
2026-01-01T08:53:00+00:00,c17_23,control,error_rate,0
2026-01-01T08:54:00+00:00,c17_24,control,conversion,0
2026-01-01T08:54:00+00:00,c17_24,control,error_rate,0
2026-01-01T08:55:00+00:00,c17_25,control,conversion,0
2026-01-01T08:55:00+00:00,c17_25,control,error_rate,0
2026-01-01T08:56:00+00:00,c17_26,control,conversion,0
2026-01-01T08:56:00+00:00,c17_26,control,error_rate,0
2026-01-01T08:57:00+00:00,c17_27,control,conversion,0
2026-01-01T08:57:00+00:00,c17_27,control,error_rate,0
2026-01-01T08:58:00+00:00,c17_28,control,conversion,1
2026-01-01T08:58:00+00:00,c17_28,control,error_rate,0
2026-01-01T08:59:00+00:00,c17_29,control,conversion,0
2026-01-01T08:59:00+00:00,c17_29,control,error_rate,1
2026-01-01T08:30:00+00:00,t17_0,treatment,conversion,0
2026-01-01T08:30:00+00:00,t17_0,treatment,error_rate,0
2026-01-01T08:31:00+00:00,t17_1,treatment,conversion,1
2026-01-01T08:31:00+00:00,t17_1,treatment,error_rate,0
2026-01-01T08:32:00+00:00,t17_2,treatment,conversion,0
2026-01-01T08:32:00+00:00,t17_2,treatment,error_rate,0
2026-01-01T08:33:00+00:00,t17_3,treatment,conversion,0
2026-01-01T08:33:00+00:00,t17_3,treatment,error_rate,0
2026-01-01T08:34:00+00:00,t17_4,treatment,conversion,0
2026-01-01T08:34:00+00:00,t17_4,treatment,error_rate,0
2026-01-01T08:35:00+00:00,t17_5,treatment,conversion,1
2026-01-01T08:35:00+00:00,t17_5,treatment,error_rate,0
2026-01-01T08:36:00+00:00,t17_6,treatment,conversion,0
2026-01-01T08:36:00+00:00,t17_6,treatment,error_rate,0
2026-01-01T08:37:00+00:00,t17_7,treatment,conversion,0
2026-01-01T08:37:00+00:00,t17_7,treatment,error_rate,0
2026-01-01T08:38:00+00:00,t17_8,treatment,conversion,0
2026-01-01T08:38:00+00:00,t17_8,treatment,error_rate,0
2026-01-01T08:39:00+00:00,t17_9,treatment,conversion,0
2026-01-01T08:39:00+00:00,t17_9,treatment,error_rate,0
2026-01-01T08:40:00+00:00,t17_10,treatment,conversion,0
2026-01-01T08:40:00+00:00,t17_10,treatment,error_rate,0
2026-01-01T08:41:00+00:00,t17_11,treatment,conversion,0
2026-01-01T08:41:00+00:00,t17_11,treatment,error_rate,0
2026-01-01T08:42:00+00:00,t17_12,treatment,conversion,1
2026-01-01T08:42:00+00:00,t17_12,treatment,error_rate,1
2026-01-01T08:43:00+00:00,t17_13,treatment,conversion,1
2026-01-01T08:43:00+00:00,t17_13,treatment,error_rate,0
2026-01-01T08:44:00+00:00,t17_14,treatment,conversion,0
2026-01-01T08:44:00+00:00,t17_14,treatment,error_rate,0
2026-01-01T08:45:00+00:00,t17_15,treatment,conversion,0
2026-01-01T08:45:00+00:00,t17_15,treatment,error_rate,0
2026-01-01T08:46:00+00:00,t17_16,treatment,conversion,0
2026-01-01T08:46:00+00:00,t17_16,treatment,error_rate,0
2026-01-01T08:47:00+00:00,t17_17,treatment,conversion,0
2026-01-01T08:47:00+00:00,t17_17,treatment,error_rate,0
2026-01-01T08:48:00+00:00,t17_18,treatment,conversion,0
2026-01-01T08:48:00+00:00,t17_18,treatment,error_rate,0
2026-01-01T08:49:00+00:00,t17_19,treatment,conversion,0
2026-01-01T08:49:00+00:00,t17_19,treatment,error_rate,0
2026-01-01T08:50:00+00:00,t17_20,treatment,conversion,0
2026-01-01T08:50:00+00:00,t17_20,treatment,error_rate,0
2026-01-01T08:51:00+00:00,t17_21,treatment,conversion,0
2026-01-01T08:51:00+00:00,t17_21,treatment,error_rate,0
2026-01-01T08:52:00+00:00,t17_22,treatment,conversion,0
2026-01-01T08:52:00+00:00,t17_22,treatment,error_rate,0
2026-01-01T08:53:00+00:00,t17_23,treatment,conversion,0
2026-01-01T08:53:00+00:00,t17_23,treatment,error_rate,0
2026-01-01T08:54:00+00:00,t17_24,treatment,conversion,0
2026-01-01T08:54:00+00:00,t17_24,treatment,error_rate,0
2026-01-01T08:55:00+00:00,t17_25,treatment,conversion,0
2026-01-01T08:55:00+00:00,t17_25,treatment,error_rate,0
2026-01-01T08:56:00+00:00,t17_26,treatment,conversion,0
2026-01-01T08:56:00+00:00,t17_26,treatment,error_rate,0
2026-01-01T08:57:00+00:00,t17_27,treatment,conversion,0
2026-01-01T08:57:00+00:00,t17_27,treatment,error_rate,0
2026-01-01T08:58:00+00:00,t17_28,treatment,conversion,0
2026-01-01T08:58:00+00:00,t17_28,treatment,error_rate,0
2026-01-01T08:59:00+00:00,t17_29,treatment,conversion,0
2026-01-01T08:59:00+00:00,t17_29,treatment,error_rate,0
2026-01-01T09:00:00+00:00,c18_0,control,conversion,0
2026-01-01T09:00:00+00:00,c18_0,control,error_rate,0
2026-01-01T09:01:00+00:00,c18_1,control,conversion,0
2026-01-01T09:01:00+00:00,c18_1,control,error_rate,0
2026-01-01T09:02:00+00:00,c18_2,control,conversion,0
2026-01-01T09:02:00+00:00,c18_2,control,error_rate,0
2026-01-01T09:03:00+00:00,c18_3,control,conversion,0
2026-01-01T09:03:00+00:00,c18_3,control,error_rate,0
2026-01-01T09:04:00+00:00,c18_4,control,conversion,0
2026-01-01T09:04:00+00:00,c18_4,control,error_rate,0
2026-01-01T09:05:00+00:00,c18_5,control,conversion,0
2026-01-01T09:05:00+00:00,c18_5,control,error_rate,0
2026-01-01T09:06:00+00:00,c18_6,control,conversion,0
2026-01-01T09:06:00+00:00,c18_6,control,error_rate,0
2026-01-01T09:07:00+00:00,c18_7,control,conversion,0
2026-01-01T09:07:00+00:00,c18_7,control,error_rate,1
2026-01-01T09:08:00+00:00,c18_8,control,conversion,1
2026-01-01T09:08:00+00:00,c18_8,control,error_rate,0
2026-01-01T09:09:00+00:00,c18_9,control,conversion,0
2026-01-01T09:09:00+00:00,c18_9,control,error_rate,0
2026-01-01T09:10:00+00:00,c18_10,control,conversion,0
2026-01-01T09:10:00+00:00,c18_10,control,error_rate,0
2026-01-01T09:11:00+00:00,c18_11,control,conversion,0
2026-01-01T09:11:00+00:00,c18_11,control,error_rate,0
2026-01-01T09:12:00+00:00,c18_12,control,conversion,0
2026-01-01T09:12:00+00:00,c18_12,control,error_rate,0
2026-01-01T09:13:00+00:00,c18_13,control,conversion,0
2026-01-01T09:13:00+00:00,c18_13,control,error_rate,0
2026-01-01T09:14:00+00:00,c18_14,control,conversion,0
2026-01-01T09:14:00+00:00,c18_14,control,error_rate,0
2026-01-01T09:15:00+00:00,c18_15,control,conversion,0
2026-01-01T09:15:00+00:00,c18_15,control,error_rate,0
2026-01-01T09:16:00+00:00,c18_16,control,conversion,0
2026-01-01T09:16:00+00:00,c18_16,control,error_rate,0
2026-01-01T09:17:00+00:00,c18_17,control,conversion,0
2026-01-01T09:17:00+00:00,c18_17,control,error_rate,0
2026-01-01T09:18:00+00:00,c18_18,control,conversion,0
2026-01-01T09:18:00+00:00,c18_18,control,error_rate,0
2026-01-01T09:19:00+00:00,c18_19,control,conversion,0
2026-01-01T09:19:00+00:00,c18_19,control,error_rate,0
2026-01-01T09:20:00+00:00,c18_20,control,conversion,0
2026-01-01T09:20:00+00:00,c18_20,control,error_rate,0
2026-01-01T09:21:00+00:00,c18_21,control,conversion,0
2026-01-01T09:21:00+00:00,c18_21,control,error_rate,1
2026-01-01T09:22:00+00:00,c18_22,control,conversion,0
2026-01-01T09:22:00+00:00,c18_22,control,error_rate,0
2026-01-01T09:23:00+00:00,c18_23,control,conversion,1
2026-01-01T09:23:00+00:00,c18_23,control,error_rate,0
2026-01-01T09:24:00+00:00,c18_24,control,conversion,0
2026-01-01T09:24:00+00:00,c18_24,control,error_rate,1
2026-01-01T09:25:00+00:00,c18_25,control,conversion,0
2026-01-01T09:25:00+00:00,c18_25,control,error_rate,0
2026-01-01T09:26:00+00:00,c18_26,control,conversion,0
2026-01-01T09:26:00+00:00,c18_26,control,error_rate,0
2026-01-01T09:27:00+00:00,c18_27,control,conversion,0
2026-01-01T09:27:00+00:00,c18_27,control,error_rate,0
2026-01-01T09:28:00+00:00,c18_28,control,conversion,0
2026-01-01T09:28:00+00:00,c18_28,control,error_rate,0
2026-01-01T09:29:00+00:00,c18_29,control,conversion,0
2026-01-01T09:29:00+00:00,c18_29,control,error_rate,0
2026-01-01T09:00:00+00:00,t18_0,treatment,conversion,0
2026-01-01T09:00:00+00:00,t18_0,treatment,error_rate,0
2026-01-01T09:01:00+00:00,t18_1,treatment,conversion,1
2026-01-01T09:01:00+00:00,t18_1,treatment,error_rate,0
2026-01-01T09:02:00+00:00,t18_2,treatment,conversion,0
2026-01-01T09:02:00+00:00,t18_2,treatment,error_rate,0
2026-01-01T09:03:00+00:00,t18_3,treatment,conversion,0
2026-01-01T09:03:00+00:00,t18_3,treatment,error_rate,0
2026-01-01T09:04:00+00:00,t18_4,treatment,conversion,0
2026-01-01T09:04:00+00:00,t18_4,treatment,error_rate,0
2026-01-01T09:05:00+00:00,t18_5,treatment,conversion,0
2026-01-01T09:05:00+00:00,t18_5,treatment,error_rate,0
2026-01-01T09:06:00+00:00,t18_6,treatment,conversion,0
2026-01-01T09:06:00+00:00,t18_6,treatment,error_rate,1
2026-01-01T09:07:00+00:00,t18_7,treatment,conversion,0
2026-01-01T09:07:00+00:00,t18_7,treatment,error_rate,0
2026-01-01T09:08:00+00:00,t18_8,treatment,conversion,1
2026-01-01T09:08:00+00:00,t18_8,treatment,error_rate,0
2026-01-01T09:09:00+00:00,t18_9,treatment,conversion,0
2026-01-01T09:09:00+00:00,t18_9,treatment,error_rate,0
2026-01-01T09:10:00+00:00,t18_10,treatment,conversion,0
2026-01-01T09:10:00+00:00,t18_10,treatment,error_rate,0
2026-01-01T09:11:00+00:00,t18_11,treatment,conversion,0
2026-01-01T09:11:00+00:00,t18_11,treatment,error_rate,0
2026-01-01T09:12:00+00:00,t18_12,treatment,conversion,0
2026-01-01T09:12:00+00:00,t18_12,treatment,error_rate,0
2026-01-01T09:13:00+00:00,t18_13,treatment,conversion,0
2026-01-01T09:13:00+00:00,t18_13,treatment,error_rate,0
2026-01-01T09:14:00+00:00,t18_14,treatment,conversion,0
2026-01-01T09:14:00+00:00,t18_14,treatment,error_rate,0
2026-01-01T09:15:00+00:00,t18_15,treatment,conversion,0
2026-01-01T09:15:00+00:00,t18_15,treatment,error_rate,0
2026-01-01T09:16:00+00:00,t18_16,treatment,conversion,0
2026-01-01T09:16:00+00:00,t18_16,treatment,error_rate,0
2026-01-01T09:17:00+00:00,t18_17,treatment,conversion,0
2026-01-01T09:17:00+00:00,t18_17,treatment,error_rate,0
2026-01-01T09:18:00+00:00,t18_18,treatment,conversion,1
2026-01-01T09:18:00+00:00,t18_18,treatment,error_rate,0
2026-01-01T09:19:00+00:00,t18_19,treatment,conversion,1
2026-01-01T09:19:00+00:00,t18_19,treatment,error_rate,0
2026-01-01T09:20:00+00:00,t18_20,treatment,conversion,0
2026-01-01T09:20:00+00:00,t18_20,treatment,error_rate,1
2026-01-01T09:21:00+00:00,t18_21,treatment,conversion,0
2026-01-01T09:21:00+00:00,t18_21,treatment,error_rate,0
2026-01-01T09:22:00+00:00,t18_22,treatment,conversion,0
2026-01-01T09:22:00+00:00,t18_22,treatment,error_rate,1
2026-01-01T09:23:00+00:00,t18_23,treatment,conversion,0
2026-01-01T09:23:00+00:00,t18_23,treatment,error_rate,0
2026-01-01T09:24:00+00:00,t18_24,treatment,conversion,0
2026-01-01T09:24:00+00:00,t18_24,treatment,error_rate,0
2026-01-01T09:25:00+00:00,t18_25,treatment,conversion,0
2026-01-01T09:25:00+00:00,t18_25,treatment,error_rate,1
2026-01-01T09:26:00+00:00,t18_26,treatment,conversion,0
2026-01-01T09:26:00+00:00,t18_26,treatment,error_rate,0
2026-01-01T09:27:00+00:00,t18_27,treatment,conversion,0
2026-01-01T09:27:00+00:00,t18_27,treatment,error_rate,0
2026-01-01T09:28:00+00:00,t18_28,treatment,conversion,1
2026-01-01T09:28:00+00:00,t18_28,treatment,error_rate,1
2026-01-01T09:29:00+00:00,t18_29,treatment,conversion,0
2026-01-01T09:29:00+00:00,t18_29,treatment,error_rate,0
2026-01-01T09:30:00+00:00,c19_0,control,conversion,0
2026-01-01T09:30:00+00:00,c19_0,control,error_rate,1
2026-01-01T09:31:00+00:00,c19_1,control,conversion,0
2026-01-01T09:31:00+00:00,c19_1,control,error_rate,1
2026-01-01T09:32:00+00:00,c19_2,control,conversion,0
2026-01-01T09:32:00+00:00,c19_2,control,error_rate,0
2026-01-01T09:33:00+00:00,c19_3,control,conversion,0
2026-01-01T09:33:00+00:00,c19_3,control,error_rate,1
2026-01-01T09:34:00+00:00,c19_4,control,conversion,0
2026-01-01T09:34:00+00:00,c19_4,control,error_rate,1
2026-01-01T09:35:00+00:00,c19_5,control,conversion,0
2026-01-01T09:35:00+00:00,c19_5,control,error_rate,0
2026-01-01T09:36:00+00:00,c19_6,control,conversion,0
2026-01-01T09:36:00+00:00,c19_6,control,error_rate,0
2026-01-01T09:37:00+00:00,c19_7,control,conversion,0
2026-01-01T09:37:00+00:00,c19_7,control,error_rate,0
2026-01-01T09:38:00+00:00,c19_8,control,conversion,0
2026-01-01T09:38:00+00:00,c19_8,control,error_rate,0
2026-01-01T09:39:00+00:00,c19_9,control,conversion,0
2026-01-01T09:39:00+00:00,c19_9,control,error_rate,0
2026-01-01T09:40:00+00:00,c19_10,control,conversion,0
2026-01-01T09:40:00+00:00,c19_10,control,error_rate,1
2026-01-01T09:41:00+00:00,c19_11,control,conversion,0
2026-01-01T09:41:00+00:00,c19_11,control,error_rate,0
2026-01-01T09:42:00+00:00,c19_12,control,conversion,0
2026-01-01T09:42:00+00:00,c19_12,control,error_rate,0
2026-01-01T09:43:00+00:00,c19_13,control,conversion,1
2026-01-01T09:43:00+00:00,c19_13,control,error_rate,0
2026-01-01T09:44:00+00:00,c19_14,control,conversion,0
2026-01-01T09:44:00+00:00,c19_14,control,error_rate,0
2026-01-01T09:45:00+00:00,c19_15,control,conversion,0
2026-01-01T09:45:00+00:00,c19_15,control,error_rate,0
2026-01-01T09:46:00+00:00,c19_16,control,conversion,0
2026-01-01T09:46:00+00:00,c19_16,control,error_rate,0
2026-01-01T09:47:00+00:00,c19_17,control,conversion,0
2026-01-01T09:47:00+00:00,c19_17,control,error_rate,0
2026-01-01T09:48:00+00:00,c19_18,control,conversion,0
2026-01-01T09:48:00+00:00,c19_18,control,error_rate,0
2026-01-01T09:49:00+00:00,c19_19,control,conversion,0
2026-01-01T09:49:00+00:00,c19_19,control,error_rate,0
2026-01-01T09:50:00+00:00,c19_20,control,conversion,1
2026-01-01T09:50:00+00:00,c19_20,control,error_rate,0
2026-01-01T09:51:00+00:00,c19_21,control,conversion,0
2026-01-01T09:51:00+00:00,c19_21,control,error_rate,1
2026-01-01T09:52:00+00:00,c19_22,control,conversion,0
2026-01-01T09:52:00+00:00,c19_22,control,error_rate,0
2026-01-01T09:53:00+00:00,c19_23,control,conversion,0
2026-01-01T09:53:00+00:00,c19_23,control,error_rate,0
2026-01-01T09:54:00+00:00,c19_24,control,conversion,0
2026-01-01T09:54:00+00:00,c19_24,control,error_rate,0
2026-01-01T09:55:00+00:00,c19_25,control,conversion,0
2026-01-01T09:55:00+00:00,c19_25,control,error_rate,0
2026-01-01T09:56:00+00:00,c19_26,control,conversion,0
2026-01-01T09:56:00+00:00,c19_26,control,error_rate,0
2026-01-01T09:57:00+00:00,c19_27,control,conversion,0
2026-01-01T09:57:00+00:00,c19_27,control,error_rate,0
2026-01-01T09:58:00+00:00,c19_28,control,conversion,0
2026-01-01T09:58:00+00:00,c19_28,control,error_rate,0
2026-01-01T09:59:00+00:00,c19_29,control,conversion,0
2026-01-01T09:59:00+00:00,c19_29,control,error_rate,0
2026-01-01T09:30:00+00:00,t19_0,treatment,conversion,1
2026-01-01T09:30:00+00:00,t19_0,treatment,error_rate,1
2026-01-01T09:31:00+00:00,t19_1,treatment,conversion,0
2026-01-01T09:31:00+00:00,t19_1,treatment,error_rate,0
2026-01-01T09:32:00+00:00,t19_2,treatment,conversion,0
2026-01-01T09:32:00+00:00,t19_2,treatment,error_rate,0
2026-01-01T09:33:00+00:00,t19_3,treatment,conversion,0
2026-01-01T09:33:00+00:00,t19_3,treatment,error_rate,0
2026-01-01T09:34:00+00:00,t19_4,treatment,conversion,0
2026-01-01T09:34:00+00:00,t19_4,treatment,error_rate,0
2026-01-01T09:35:00+00:00,t19_5,treatment,conversion,0
2026-01-01T09:35:00+00:00,t19_5,treatment,error_rate,0
2026-01-01T09:36:00+00:00,t19_6,treatment,conversion,1
2026-01-01T09:36:00+00:00,t19_6,treatment,error_rate,0
2026-01-01T09:37:00+00:00,t19_7,treatment,conversion,0
2026-01-01T09:37:00+00:00,t19_7,treatment,error_rate,0
2026-01-01T09:38:00+00:00,t19_8,treatment,conversion,1
2026-01-01T09:38:00+00:00,t19_8,treatment,error_rate,0
2026-01-01T09:39:00+00:00,t19_9,treatment,conversion,1
2026-01-01T09:39:00+00:00,t19_9,treatment,error_rate,0
2026-01-01T09:40:00+00:00,t19_10,treatment,conversion,0
2026-01-01T09:40:00+00:00,t19_10,treatment,error_rate,0
2026-01-01T09:41:00+00:00,t19_11,treatment,conversion,0
2026-01-01T09:41:00+00:00,t19_11,treatment,error_rate,0
2026-01-01T09:42:00+00:00,t19_12,treatment,conversion,0
2026-01-01T09:42:00+00:00,t19_12,treatment,error_rate,0
2026-01-01T09:43:00+00:00,t19_13,treatment,conversion,1
2026-01-01T09:43:00+00:00,t19_13,treatment,error_rate,0
2026-01-01T09:44:00+00:00,t19_14,treatment,conversion,0
2026-01-01T09:44:00+00:00,t19_14,treatment,error_rate,0
2026-01-01T09:45:00+00:00,t19_15,treatment,conversion,1
2026-01-01T09:45:00+00:00,t19_15,treatment,error_rate,0
2026-01-01T09:46:00+00:00,t19_16,treatment,conversion,0
2026-01-01T09:46:00+00:00,t19_16,treatment,error_rate,0
2026-01-01T09:47:00+00:00,t19_17,treatment,conversion,0
2026-01-01T09:47:00+00:00,t19_17,treatment,error_rate,0
2026-01-01T09:48:00+00:00,t19_18,treatment,conversion,1
2026-01-01T09:48:00+00:00,t19_18,treatment,error_rate,0
2026-01-01T09:49:00+00:00,t19_19,treatment,conversion,0
2026-01-01T09:49:00+00:00,t19_19,treatment,error_rate,0
2026-01-01T09:50:00+00:00,t19_20,treatment,conversion,0
2026-01-01T09:50:00+00:00,t19_20,treatment,error_rate,0
2026-01-01T09:51:00+00:00,t19_21,treatment,conversion,1
2026-01-01T09:51:00+00:00,t19_21,treatment,error_rate,0
2026-01-01T09:52:00+00:00,t19_22,treatment,conversion,0
2026-01-01T09:52:00+00:00,t19_22,treatment,error_rate,0
2026-01-01T09:53:00+00:00,t19_23,treatment,conversion,0
2026-01-01T09:53:00+00:00,t19_23,treatment,error_rate,0
2026-01-01T09:54:00+00:00,t19_24,treatment,conversion,0
2026-01-01T09:54:00+00:00,t19_24,treatment,error_rate,0
2026-01-01T09:55:00+00:00,t19_25,treatment,conversion,0
2026-01-01T09:55:00+00:00,t19_25,treatment,error_rate,0
2026-01-01T09:56:00+00:00,t19_26,treatment,conversion,0
2026-01-01T09:56:00+00:00,t19_26,treatment,error_rate,0
2026-01-01T09:57:00+00:00,t19_27,treatment,conversion,0
2026-01-01T09:57:00+00:00,t19_27,treatment,error_rate,0
2026-01-01T09:58:00+00:00,t19_28,treatment,conversion,1
2026-01-01T09:58:00+00:00,t19_28,treatment,error_rate,0
2026-01-01T09:59:00+00:00,t19_29,treatment,conversion,0
2026-01-01T09:59:00+00:00,t19_29,treatment,error_rate,0
2026-01-01T10:00:00+00:00,c20_0,control,conversion,0
2026-01-01T10:00:00+00:00,c20_0,control,error_rate,0
2026-01-01T10:01:00+00:00,c20_1,control,conversion,0
2026-01-01T10:01:00+00:00,c20_1,control,error_rate,0
2026-01-01T10:02:00+00:00,c20_2,control,conversion,0
2026-01-01T10:02:00+00:00,c20_2,control,error_rate,0
2026-01-01T10:03:00+00:00,c20_3,control,conversion,0
2026-01-01T10:03:00+00:00,c20_3,control,error_rate,0
2026-01-01T10:04:00+00:00,c20_4,control,conversion,0
2026-01-01T10:04:00+00:00,c20_4,control,error_rate,0
2026-01-01T10:05:00+00:00,c20_5,control,conversion,0
2026-01-01T10:05:00+00:00,c20_5,control,error_rate,0
2026-01-01T10:06:00+00:00,c20_6,control,conversion,0
2026-01-01T10:06:00+00:00,c20_6,control,error_rate,0
2026-01-01T10:07:00+00:00,c20_7,control,conversion,0
2026-01-01T10:07:00+00:00,c20_7,control,error_rate,0
2026-01-01T10:08:00+00:00,c20_8,control,conversion,0
2026-01-01T10:08:00+00:00,c20_8,control,error_rate,0
2026-01-01T10:09:00+00:00,c20_9,control,conversion,0
2026-01-01T10:09:00+00:00,c20_9,control,error_rate,0
2026-01-01T10:10:00+00:00,c20_10,control,conversion,0
2026-01-01T10:10:00+00:00,c20_10,control,error_rate,0
2026-01-01T10:11:00+00:00,c20_11,control,conversion,0
2026-01-01T10:11:00+00:00,c20_11,control,error_rate,0
2026-01-01T10:12:00+00:00,c20_12,control,conversion,0
2026-01-01T10:12:00+00:00,c20_12,control,error_rate,0
2026-01-01T10:13:00+00:00,c20_13,control,conversion,0
2026-01-01T10:13:00+00:00,c20_13,control,error_rate,0
2026-01-01T10:14:00+00:00,c20_14,control,conversion,0
2026-01-01T10:14:00+00:00,c20_14,control,error_rate,0
2026-01-01T10:15:00+00:00,c20_15,control,conversion,0
2026-01-01T10:15:00+00:00,c20_15,control,error_rate,0
2026-01-01T10:16:00+00:00,c20_16,control,conversion,0
2026-01-01T10:16:00+00:00,c20_16,control,error_rate,0
2026-01-01T10:17:00+00:00,c20_17,control,conversion,0
2026-01-01T10:17:00+00:00,c20_17,control,error_rate,0
2026-01-01T10:18:00+00:00,c20_18,control,conversion,0
2026-01-01T10:18:00+00:00,c20_18,control,error_rate,0
2026-01-01T10:19:00+00:00,c20_19,control,conversion,0
2026-01-01T10:19:00+00:00,c20_19,control,error_rate,0
2026-01-01T10:20:00+00:00,c20_20,control,conversion,0
2026-01-01T10:20:00+00:00,c20_20,control,error_rate,0
2026-01-01T10:21:00+00:00,c20_21,control,conversion,0
2026-01-01T10:21:00+00:00,c20_21,control,error_rate,0
2026-01-01T10:22:00+00:00,c20_22,control,conversion,0
2026-01-01T10:22:00+00:00,c20_22,control,error_rate,0
2026-01-01T10:23:00+00:00,c20_23,control,conversion,0
2026-01-01T10:23:00+00:00,c20_23,control,error_rate,0
2026-01-01T10:24:00+00:00,c20_24,control,conversion,0
2026-01-01T10:24:00+00:00,c20_24,control,error_rate,0
2026-01-01T10:25:00+00:00,c20_25,control,conversion,0
2026-01-01T10:25:00+00:00,c20_25,control,error_rate,0
2026-01-01T10:26:00+00:00,c20_26,control,conversion,0
2026-01-01T10:26:00+00:00,c20_26,control,error_rate,0
2026-01-01T10:27:00+00:00,c20_27,control,conversion,0
2026-01-01T10:27:00+00:00,c20_27,control,error_rate,0
2026-01-01T10:28:00+00:00,c20_28,control,conversion,0
2026-01-01T10:28:00+00:00,c20_28,control,error_rate,0
2026-01-01T10:29:00+00:00,c20_29,control,conversion,0
2026-01-01T10:29:00+00:00,c20_29,control,error_rate,0
2026-01-01T10:00:00+00:00,t20_0,treatment,conversion,0
2026-01-01T10:00:00+00:00,t20_0,treatment,error_rate,0
2026-01-01T10:01:00+00:00,t20_1,treatment,conversion,0
2026-01-01T10:01:00+00:00,t20_1,treatment,error_rate,0
2026-01-01T10:02:00+00:00,t20_2,treatment,conversion,1
2026-01-01T10:02:00+00:00,t20_2,treatment,error_rate,0
2026-01-01T10:03:00+00:00,t20_3,treatment,conversion,0
2026-01-01T10:03:00+00:00,t20_3,treatment,error_rate,1
2026-01-01T10:04:00+00:00,t20_4,treatment,conversion,0
2026-01-01T10:04:00+00:00,t20_4,treatment,error_rate,0
2026-01-01T10:05:00+00:00,t20_5,treatment,conversion,0
2026-01-01T10:05:00+00:00,t20_5,treatment,error_rate,1
2026-01-01T10:06:00+00:00,t20_6,treatment,conversion,0
2026-01-01T10:06:00+00:00,t20_6,treatment,error_rate,0
2026-01-01T10:07:00+00:00,t20_7,treatment,conversion,0
2026-01-01T10:07:00+00:00,t20_7,treatment,error_rate,0
2026-01-01T10:08:00+00:00,t20_8,treatment,conversion,0
2026-01-01T10:08:00+00:00,t20_8,treatment,error_rate,0
2026-01-01T10:09:00+00:00,t20_9,treatment,conversion,0
2026-01-01T10:09:00+00:00,t20_9,treatment,error_rate,0
2026-01-01T10:10:00+00:00,t20_10,treatment,conversion,0
2026-01-01T10:10:00+00:00,t20_10,treatment,error_rate,0
2026-01-01T10:11:00+00:00,t20_11,treatment,conversion,1
2026-01-01T10:11:00+00:00,t20_11,treatment,error_rate,0
2026-01-01T10:12:00+00:00,t20_12,treatment,conversion,0
2026-01-01T10:12:00+00:00,t20_12,treatment,error_rate,0
2026-01-01T10:13:00+00:00,t20_13,treatment,conversion,0
2026-01-01T10:13:00+00:00,t20_13,treatment,error_rate,0
2026-01-01T10:14:00+00:00,t20_14,treatment,conversion,0
2026-01-01T10:14:00+00:00,t20_14,treatment,error_rate,0
2026-01-01T10:15:00+00:00,t20_15,treatment,conversion,0
2026-01-01T10:15:00+00:00,t20_15,treatment,error_rate,0
2026-01-01T10:16:00+00:00,t20_16,treatment,conversion,0
2026-01-01T10:16:00+00:00,t20_16,treatment,error_rate,0
2026-01-01T10:17:00+00:00,t20_17,treatment,conversion,0
2026-01-01T10:17:00+00:00,t20_17,treatment,error_rate,1
2026-01-01T10:18:00+00:00,t20_18,treatment,conversion,0
2026-01-01T10:18:00+00:00,t20_18,treatment,error_rate,0
2026-01-01T10:19:00+00:00,t20_19,treatment,conversion,0
2026-01-01T10:19:00+00:00,t20_19,treatment,error_rate,0
2026-01-01T10:20:00+00:00,t20_20,treatment,conversion,0
2026-01-01T10:20:00+00:00,t20_20,treatment,error_rate,0
2026-01-01T10:21:00+00:00,t20_21,treatment,conversion,0
2026-01-01T10:21:00+00:00,t20_21,treatment,error_rate,0
2026-01-01T10:22:00+00:00,t20_22,treatment,conversion,0
2026-01-01T10:22:00+00:00,t20_22,treatment,error_rate,0
2026-01-01T10:23:00+00:00,t20_23,treatment,conversion,0
2026-01-01T10:23:00+00:00,t20_23,treatment,error_rate,0
2026-01-01T10:24:00+00:00,t20_24,treatment,conversion,1
2026-01-01T10:24:00+00:00,t20_24,treatment,error_rate,0
2026-01-01T10:25:00+00:00,t20_25,treatment,conversion,0
2026-01-01T10:25:00+00:00,t20_25,treatment,error_rate,0
2026-01-01T10:26:00+00:00,t20_26,treatment,conversion,0
2026-01-01T10:26:00+00:00,t20_26,treatment,error_rate,0
2026-01-01T10:27:00+00:00,t20_27,treatment,conversion,0
2026-01-01T10:27:00+00:00,t20_27,treatment,error_rate,0
2026-01-01T10:28:00+00:00,t20_28,treatment,conversion,0
2026-01-01T10:28:00+00:00,t20_28,treatment,error_rate,0
2026-01-01T10:29:00+00:00,t20_29,treatment,conversion,0
2026-01-01T10:29:00+00:00,t20_29,treatment,error_rate,0
2026-01-01T10:30:00+00:00,c21_0,control,conversion,0
2026-01-01T10:30:00+00:00,c21_0,control,error_rate,0
2026-01-01T10:31:00+00:00,c21_1,control,conversion,0
2026-01-01T10:31:00+00:00,c21_1,control,error_rate,0
2026-01-01T10:32:00+00:00,c21_2,control,conversion,0
2026-01-01T10:32:00+00:00,c21_2,control,error_rate,0
2026-01-01T10:33:00+00:00,c21_3,control,conversion,0
2026-01-01T10:33:00+00:00,c21_3,control,error_rate,1
2026-01-01T10:34:00+00:00,c21_4,control,conversion,0
2026-01-01T10:34:00+00:00,c21_4,control,error_rate,0
2026-01-01T10:35:00+00:00,c21_5,control,conversion,0
2026-01-01T10:35:00+00:00,c21_5,control,error_rate,0
2026-01-01T10:36:00+00:00,c21_6,control,conversion,0
2026-01-01T10:36:00+00:00,c21_6,control,error_rate,1
2026-01-01T10:37:00+00:00,c21_7,control,conversion,0
2026-01-01T10:37:00+00:00,c21_7,control,error_rate,0
2026-01-01T10:38:00+00:00,c21_8,control,conversion,0
2026-01-01T10:38:00+00:00,c21_8,control,error_rate,0
2026-01-01T10:39:00+00:00,c21_9,control,conversion,0
2026-01-01T10:39:00+00:00,c21_9,control,error_rate,0
2026-01-01T10:40:00+00:00,c21_10,control,conversion,0
2026-01-01T10:40:00+00:00,c21_10,control,error_rate,0
2026-01-01T10:41:00+00:00,c21_11,control,conversion,0
2026-01-01T10:41:00+00:00,c21_11,control,error_rate,0
2026-01-01T10:42:00+00:00,c21_12,control,conversion,1
2026-01-01T10:42:00+00:00,c21_12,control,error_rate,0
2026-01-01T10:43:00+00:00,c21_13,control,conversion,0
2026-01-01T10:43:00+00:00,c21_13,control,error_rate,0
2026-01-01T10:44:00+00:00,c21_14,control,conversion,1
2026-01-01T10:44:00+00:00,c21_14,control,error_rate,0
2026-01-01T10:45:00+00:00,c21_15,control,conversion,0
2026-01-01T10:45:00+00:00,c21_15,control,error_rate,0
2026-01-01T10:46:00+00:00,c21_16,control,conversion,0
2026-01-01T10:46:00+00:00,c21_16,control,error_rate,0
2026-01-01T10:47:00+00:00,c21_17,control,conversion,0
2026-01-01T10:47:00+00:00,c21_17,control,error_rate,0
2026-01-01T10:48:00+00:00,c21_18,control,conversion,0
2026-01-01T10:48:00+00:00,c21_18,control,error_rate,0
2026-01-01T10:49:00+00:00,c21_19,control,conversion,0
2026-01-01T10:49:00+00:00,c21_19,control,error_rate,0
2026-01-01T10:50:00+00:00,c21_20,control,conversion,0
2026-01-01T10:50:00+00:00,c21_20,control,error_rate,0
2026-01-01T10:51:00+00:00,c21_21,control,conversion,0
2026-01-01T10:51:00+00:00,c21_21,control,error_rate,0
2026-01-01T10:52:00+00:00,c21_22,control,conversion,0
2026-01-01T10:52:00+00:00,c21_22,control,error_rate,0
2026-01-01T10:53:00+00:00,c21_23,control,conversion,0
2026-01-01T10:53:00+00:00,c21_23,control,error_rate,0
2026-01-01T10:54:00+00:00,c21_24,control,conversion,0
2026-01-01T10:54:00+00:00,c21_24,control,error_rate,0
2026-01-01T10:55:00+00:00,c21_25,control,conversion,0
2026-01-01T10:55:00+00:00,c21_25,control,error_rate,0
2026-01-01T10:56:00+00:00,c21_26,control,conversion,0
2026-01-01T10:56:00+00:00,c21_26,control,error_rate,0
2026-01-01T10:57:00+00:00,c21_27,control,conversion,0
2026-01-01T10:57:00+00:00,c21_27,control,error_rate,0
2026-01-01T10:58:00+00:00,c21_28,control,conversion,0
2026-01-01T10:58:00+00:00,c21_28,control,error_rate,0
2026-01-01T10:59:00+00:00,c21_29,control,conversion,0
2026-01-01T10:59:00+00:00,c21_29,control,error_rate,0
2026-01-01T10:30:00+00:00,t21_0,treatment,conversion,0
2026-01-01T10:30:00+00:00,t21_0,treatment,error_rate,0
2026-01-01T10:31:00+00:00,t21_1,treatment,conversion,0
2026-01-01T10:31:00+00:00,t21_1,treatment,error_rate,0
2026-01-01T10:32:00+00:00,t21_2,treatment,conversion,0
2026-01-01T10:32:00+00:00,t21_2,treatment,error_rate,0
2026-01-01T10:33:00+00:00,t21_3,treatment,conversion,0
2026-01-01T10:33:00+00:00,t21_3,treatment,error_rate,0
2026-01-01T10:34:00+00:00,t21_4,treatment,conversion,0
2026-01-01T10:34:00+00:00,t21_4,treatment,error_rate,0
2026-01-01T10:35:00+00:00,t21_5,treatment,conversion,0
2026-01-01T10:35:00+00:00,t21_5,treatment,error_rate,0
2026-01-01T10:36:00+00:00,t21_6,treatment,conversion,0
2026-01-01T10:36:00+00:00,t21_6,treatment,error_rate,0
2026-01-01T10:37:00+00:00,t21_7,treatment,conversion,0
2026-01-01T10:37:00+00:00,t21_7,treatment,error_rate,0
2026-01-01T10:38:00+00:00,t21_8,treatment,conversion,0
2026-01-01T10:38:00+00:00,t21_8,treatment,error_rate,0
2026-01-01T10:39:00+00:00,t21_9,treatment,conversion,1
2026-01-01T10:39:00+00:00,t21_9,treatment,error_rate,1
2026-01-01T10:40:00+00:00,t21_10,treatment,conversion,0
2026-01-01T10:40:00+00:00,t21_10,treatment,error_rate,0
2026-01-01T10:41:00+00:00,t21_11,treatment,conversion,0
2026-01-01T10:41:00+00:00,t21_11,treatment,error_rate,0
2026-01-01T10:42:00+00:00,t21_12,treatment,conversion,0
2026-01-01T10:42:00+00:00,t21_12,treatment,error_rate,0
2026-01-01T10:43:00+00:00,t21_13,treatment,conversion,0
2026-01-01T10:43:00+00:00,t21_13,treatment,error_rate,0
2026-01-01T10:44:00+00:00,t21_14,treatment,conversion,1
2026-01-01T10:44:00+00:00,t21_14,treatment,error_rate,0
2026-01-01T10:45:00+00:00,t21_15,treatment,conversion,0
2026-01-01T10:45:00+00:00,t21_15,treatment,error_rate,0
2026-01-01T10:46:00+00:00,t21_16,treatment,conversion,0
2026-01-01T10:46:00+00:00,t21_16,treatment,error_rate,0
2026-01-01T10:47:00+00:00,t21_17,treatment,conversion,1
2026-01-01T10:47:00+00:00,t21_17,treatment,error_rate,0
2026-01-01T10:48:00+00:00,t21_18,treatment,conversion,0
2026-01-01T10:48:00+00:00,t21_18,treatment,error_rate,0
2026-01-01T10:49:00+00:00,t21_19,treatment,conversion,0
2026-01-01T10:49:00+00:00,t21_19,treatment,error_rate,0
2026-01-01T10:50:00+00:00,t21_20,treatment,conversion,0
2026-01-01T10:50:00+00:00,t21_20,treatment,error_rate,0
2026-01-01T10:51:00+00:00,t21_21,treatment,conversion,0
2026-01-01T10:51:00+00:00,t21_21,treatment,error_rate,0
2026-01-01T10:52:00+00:00,t21_22,treatment,conversion,0
2026-01-01T10:52:00+00:00,t21_22,treatment,error_rate,0
2026-01-01T10:53:00+00:00,t21_23,treatment,conversion,0
2026-01-01T10:53:00+00:00,t21_23,treatment,error_rate,1
2026-01-01T10:54:00+00:00,t21_24,treatment,conversion,1
2026-01-01T10:54:00+00:00,t21_24,treatment,error_rate,0
2026-01-01T10:55:00+00:00,t21_25,treatment,conversion,0
2026-01-01T10:55:00+00:00,t21_25,treatment,error_rate,0
2026-01-01T10:56:00+00:00,t21_26,treatment,conversion,0
2026-01-01T10:56:00+00:00,t21_26,treatment,error_rate,0
2026-01-01T10:57:00+00:00,t21_27,treatment,conversion,0
2026-01-01T10:57:00+00:00,t21_27,treatment,error_rate,1
2026-01-01T10:58:00+00:00,t21_28,treatment,conversion,0
2026-01-01T10:58:00+00:00,t21_28,treatment,error_rate,0
2026-01-01T10:59:00+00:00,t21_29,treatment,conversion,0
2026-01-01T10:59:00+00:00,t21_29,treatment,error_rate,0
2026-01-01T11:00:00+00:00,c22_0,control,conversion,0
2026-01-01T11:00:00+00:00,c22_0,control,error_rate,0
2026-01-01T11:01:00+00:00,c22_1,control,conversion,1
2026-01-01T11:01:00+00:00,c22_1,control,error_rate,0
2026-01-01T11:02:00+00:00,c22_2,control,conversion,0
2026-01-01T11:02:00+00:00,c22_2,control,error_rate,0
2026-01-01T11:03:00+00:00,c22_3,control,conversion,0
2026-01-01T11:03:00+00:00,c22_3,control,error_rate,0
2026-01-01T11:04:00+00:00,c22_4,control,conversion,0
2026-01-01T11:04:00+00:00,c22_4,control,error_rate,1
2026-01-01T11:05:00+00:00,c22_5,control,conversion,0
2026-01-01T11:05:00+00:00,c22_5,control,error_rate,0
2026-01-01T11:06:00+00:00,c22_6,control,conversion,1
2026-01-01T11:06:00+00:00,c22_6,control,error_rate,0
2026-01-01T11:07:00+00:00,c22_7,control,conversion,0
2026-01-01T11:07:00+00:00,c22_7,control,error_rate,0
2026-01-01T11:08:00+00:00,c22_8,control,conversion,0
2026-01-01T11:08:00+00:00,c22_8,control,error_rate,0
2026-01-01T11:09:00+00:00,c22_9,control,conversion,0
2026-01-01T11:09:00+00:00,c22_9,control,error_rate,0
2026-01-01T11:10:00+00:00,c22_10,control,conversion,0
2026-01-01T11:10:00+00:00,c22_10,control,error_rate,1
2026-01-01T11:11:00+00:00,c22_11,control,conversion,1
2026-01-01T11:11:00+00:00,c22_11,control,error_rate,0
2026-01-01T11:12:00+00:00,c22_12,control,conversion,0
2026-01-01T11:12:00+00:00,c22_12,control,error_rate,0
2026-01-01T11:13:00+00:00,c22_13,control,conversion,0
2026-01-01T11:13:00+00:00,c22_13,control,error_rate,0
2026-01-01T11:14:00+00:00,c22_14,control,conversion,0
2026-01-01T11:14:00+00:00,c22_14,control,error_rate,0
2026-01-01T11:15:00+00:00,c22_15,control,conversion,0
2026-01-01T11:15:00+00:00,c22_15,control,error_rate,0
2026-01-01T11:16:00+00:00,c22_16,control,conversion,1
2026-01-01T11:16:00+00:00,c22_16,control,error_rate,0
2026-01-01T11:17:00+00:00,c22_17,control,conversion,0
2026-01-01T11:17:00+00:00,c22_17,control,error_rate,0
2026-01-01T11:18:00+00:00,c22_18,control,conversion,0
2026-01-01T11:18:00+00:00,c22_18,control,error_rate,0
2026-01-01T11:19:00+00:00,c22_19,control,conversion,0
2026-01-01T11:19:00+00:00,c22_19,control,error_rate,0
2026-01-01T11:20:00+00:00,c22_20,control,conversion,0
2026-01-01T11:20:00+00:00,c22_20,control,error_rate,0
2026-01-01T11:21:00+00:00,c22_21,control,conversion,0
2026-01-01T11:21:00+00:00,c22_21,control,error_rate,0
2026-01-01T11:22:00+00:00,c22_22,control,conversion,0
2026-01-01T11:22:00+00:00,c22_22,control,error_rate,0
2026-01-01T11:23:00+00:00,c22_23,control,conversion,0
2026-01-01T11:23:00+00:00,c22_23,control,error_rate,0
2026-01-01T11:24:00+00:00,c22_24,control,conversion,0
2026-01-01T11:24:00+00:00,c22_24,control,error_rate,0
2026-01-01T11:25:00+00:00,c22_25,control,conversion,1
2026-01-01T11:25:00+00:00,c22_25,control,error_rate,0
2026-01-01T11:26:00+00:00,c22_26,control,conversion,0
2026-01-01T11:26:00+00:00,c22_26,control,error_rate,0
2026-01-01T11:27:00+00:00,c22_27,control,conversion,0
2026-01-01T11:27:00+00:00,c22_27,control,error_rate,0
2026-01-01T11:28:00+00:00,c22_28,control,conversion,1
2026-01-01T11:28:00+00:00,c22_28,control,error_rate,0
2026-01-01T11:29:00+00:00,c22_29,control,conversion,0
2026-01-01T11:29:00+00:00,c22_29,control,error_rate,0
2026-01-01T11:00:00+00:00,t22_0,treatment,conversion,0
2026-01-01T11:00:00+00:00,t22_0,treatment,error_rate,0
2026-01-01T11:01:00+00:00,t22_1,treatment,conversion,0
2026-01-01T11:01:00+00:00,t22_1,treatment,error_rate,0
2026-01-01T11:02:00+00:00,t22_2,treatment,conversion,0
2026-01-01T11:02:00+00:00,t22_2,treatment,error_rate,1
2026-01-01T11:03:00+00:00,t22_3,treatment,conversion,0
2026-01-01T11:03:00+00:00,t22_3,treatment,error_rate,0
2026-01-01T11:04:00+00:00,t22_4,treatment,conversion,1
2026-01-01T11:04:00+00:00,t22_4,treatment,error_rate,0
2026-01-01T11:05:00+00:00,t22_5,treatment,conversion,0
2026-01-01T11:05:00+00:00,t22_5,treatment,error_rate,0
2026-01-01T11:06:00+00:00,t22_6,treatment,conversion,0
2026-01-01T11:06:00+00:00,t22_6,treatment,error_rate,0
2026-01-01T11:07:00+00:00,t22_7,treatment,conversion,0
2026-01-01T11:07:00+00:00,t22_7,treatment,error_rate,0
2026-01-01T11:08:00+00:00,t22_8,treatment,conversion,0
2026-01-01T11:08:00+00:00,t22_8,treatment,error_rate,0
2026-01-01T11:09:00+00:00,t22_9,treatment,conversion,0
2026-01-01T11:09:00+00:00,t22_9,treatment,error_rate,0
2026-01-01T11:10:00+00:00,t22_10,treatment,conversion,0
2026-01-01T11:10:00+00:00,t22_10,treatment,error_rate,0
2026-01-01T11:11:00+00:00,t22_11,treatment,conversion,0
2026-01-01T11:11:00+00:00,t22_11,treatment,error_rate,0
2026-01-01T11:12:00+00:00,t22_12,treatment,conversion,0
2026-01-01T11:12:00+00:00,t22_12,treatment,error_rate,0
2026-01-01T11:13:00+00:00,t22_13,treatment,conversion,0
2026-01-01T11:13:00+00:00,t22_13,treatment,error_rate,1
2026-01-01T11:14:00+00:00,t22_14,treatment,conversion,0
2026-01-01T11:14:00+00:00,t22_14,treatment,error_rate,0
2026-01-01T11:15:00+00:00,t22_15,treatment,conversion,1
2026-01-01T11:15:00+00:00,t22_15,treatment,error_rate,0
2026-01-01T11:16:00+00:00,t22_16,treatment,conversion,0
2026-01-01T11:16:00+00:00,t22_16,treatment,error_rate,0
2026-01-01T11:17:00+00:00,t22_17,treatment,conversion,0
2026-01-01T11:17:00+00:00,t22_17,treatment,error_rate,0
2026-01-01T11:18:00+00:00,t22_18,treatment,conversion,0
2026-01-01T11:18:00+00:00,t22_18,treatment,error_rate,0
2026-01-01T11:19:00+00:00,t22_19,treatment,conversion,0
2026-01-01T11:19:00+00:00,t22_19,treatment,error_rate,0
2026-01-01T11:20:00+00:00,t22_20,treatment,conversion,0
2026-01-01T11:20:00+00:00,t22_20,treatment,error_rate,0
2026-01-01T11:21:00+00:00,t22_21,treatment,conversion,0
2026-01-01T11:21:00+00:00,t22_21,treatment,error_rate,0
2026-01-01T11:22:00+00:00,t22_22,treatment,conversion,1
2026-01-01T11:22:00+00:00,t22_22,treatment,error_rate,0
2026-01-01T11:23:00+00:00,t22_23,treatment,conversion,0
2026-01-01T11:23:00+00:00,t22_23,treatment,error_rate,1
2026-01-01T11:24:00+00:00,t22_24,treatment,conversion,1
2026-01-01T11:24:00+00:00,t22_24,treatment,error_rate,1
2026-01-01T11:25:00+00:00,t22_25,treatment,conversion,0
2026-01-01T11:25:00+00:00,t22_25,treatment,error_rate,1
2026-01-01T11:26:00+00:00,t22_26,treatment,conversion,0
2026-01-01T11:26:00+00:00,t22_26,treatment,error_rate,0
2026-01-01T11:27:00+00:00,t22_27,treatment,conversion,1
2026-01-01T11:27:00+00:00,t22_27,treatment,error_rate,0
2026-01-01T11:28:00+00:00,t22_28,treatment,conversion,0
2026-01-01T11:28:00+00:00,t22_28,treatment,error_rate,1
2026-01-01T11:29:00+00:00,t22_29,treatment,conversion,0
2026-01-01T11:29:00+00:00,t22_29,treatment,error_rate,0
2026-01-01T11:30:00+00:00,c23_0,control,conversion,0
2026-01-01T11:30:00+00:00,c23_0,control,error_rate,0
2026-01-01T11:31:00+00:00,c23_1,control,conversion,0
2026-01-01T11:31:00+00:00,c23_1,control,error_rate,0
2026-01-01T11:32:00+00:00,c23_2,control,conversion,0
2026-01-01T11:32:00+00:00,c23_2,control,error_rate,0
2026-01-01T11:33:00+00:00,c23_3,control,conversion,0
2026-01-01T11:33:00+00:00,c23_3,control,error_rate,0
2026-01-01T11:34:00+00:00,c23_4,control,conversion,0
2026-01-01T11:34:00+00:00,c23_4,control,error_rate,0
2026-01-01T11:35:00+00:00,c23_5,control,conversion,0
2026-01-01T11:35:00+00:00,c23_5,control,error_rate,0
2026-01-01T11:36:00+00:00,c23_6,control,conversion,0
2026-01-01T11:36:00+00:00,c23_6,control,error_rate,0
2026-01-01T11:37:00+00:00,c23_7,control,conversion,0
2026-01-01T11:37:00+00:00,c23_7,control,error_rate,0
2026-01-01T11:38:00+00:00,c23_8,control,conversion,0
2026-01-01T11:38:00+00:00,c23_8,control,error_rate,0
2026-01-01T11:39:00+00:00,c23_9,control,conversion,0
2026-01-01T11:39:00+00:00,c23_9,control,error_rate,0
2026-01-01T11:40:00+00:00,c23_10,control,conversion,0
2026-01-01T11:40:00+00:00,c23_10,control,error_rate,0
2026-01-01T11:41:00+00:00,c23_11,control,conversion,0
2026-01-01T11:41:00+00:00,c23_11,control,error_rate,0
2026-01-01T11:42:00+00:00,c23_12,control,conversion,0
2026-01-01T11:42:00+00:00,c23_12,control,error_rate,0
2026-01-01T11:43:00+00:00,c23_13,control,conversion,0
2026-01-01T11:43:00+00:00,c23_13,control,error_rate,0
2026-01-01T11:44:00+00:00,c23_14,control,conversion,0
2026-01-01T11:44:00+00:00,c23_14,control,error_rate,1
2026-01-01T11:45:00+00:00,c23_15,control,conversion,1
2026-01-01T11:45:00+00:00,c23_15,control,error_rate,0
2026-01-01T11:46:00+00:00,c23_16,control,conversion,0
2026-01-01T11:46:00+00:00,c23_16,control,error_rate,0
2026-01-01T11:47:00+00:00,c23_17,control,conversion,1
2026-01-01T11:47:00+00:00,c23_17,control,error_rate,1
2026-01-01T11:48:00+00:00,c23_18,control,conversion,0
2026-01-01T11:48:00+00:00,c23_18,control,error_rate,0
2026-01-01T11:49:00+00:00,c23_19,control,conversion,0
2026-01-01T11:49:00+00:00,c23_19,control,error_rate,0
2026-01-01T11:50:00+00:00,c23_20,control,conversion,0
2026-01-01T11:50:00+00:00,c23_20,control,error_rate,0
2026-01-01T11:51:00+00:00,c23_21,control,conversion,0
2026-01-01T11:51:00+00:00,c23_21,control,error_rate,1
2026-01-01T11:52:00+00:00,c23_22,control,conversion,0
2026-01-01T11:52:00+00:00,c23_22,control,error_rate,0
2026-01-01T11:53:00+00:00,c23_23,control,conversion,0
2026-01-01T11:53:00+00:00,c23_23,control,error_rate,1
2026-01-01T11:54:00+00:00,c23_24,control,conversion,0
2026-01-01T11:54:00+00:00,c23_24,control,error_rate,0
2026-01-01T11:55:00+00:00,c23_25,control,conversion,0
2026-01-01T11:55:00+00:00,c23_25,control,error_rate,0
2026-01-01T11:56:00+00:00,c23_26,control,conversion,0
2026-01-01T11:56:00+00:00,c23_26,control,error_rate,0
2026-01-01T11:57:00+00:00,c23_27,control,conversion,0
2026-01-01T11:57:00+00:00,c23_27,control,error_rate,0
2026-01-01T11:58:00+00:00,c23_28,control,conversion,0
2026-01-01T11:58:00+00:00,c23_28,control,error_rate,0
2026-01-01T11:59:00+00:00,c23_29,control,conversion,0
2026-01-01T11:59:00+00:00,c23_29,control,error_rate,0
2026-01-01T11:30:00+00:00,t23_0,treatment,conversion,0
2026-01-01T11:30:00+00:00,t23_0,treatment,error_rate,0
2026-01-01T11:31:00+00:00,t23_1,treatment,conversion,0
2026-01-01T11:31:00+00:00,t23_1,treatment,error_rate,0
2026-01-01T11:32:00+00:00,t23_2,treatment,conversion,0
2026-01-01T11:32:00+00:00,t23_2,treatment,error_rate,0
2026-01-01T11:33:00+00:00,t23_3,treatment,conversion,0
2026-01-01T11:33:00+00:00,t23_3,treatment,error_rate,0
2026-01-01T11:34:00+00:00,t23_4,treatment,conversion,1
2026-01-01T11:34:00+00:00,t23_4,treatment,error_rate,0
2026-01-01T11:35:00+00:00,t23_5,treatment,conversion,1
2026-01-01T11:35:00+00:00,t23_5,treatment,error_rate,0
2026-01-01T11:36:00+00:00,t23_6,treatment,conversion,0
2026-01-01T11:36:00+00:00,t23_6,treatment,error_rate,0
2026-01-01T11:37:00+00:00,t23_7,treatment,conversion,0
2026-01-01T11:37:00+00:00,t23_7,treatment,error_rate,0
2026-01-01T11:38:00+00:00,t23_8,treatment,conversion,1
2026-01-01T11:38:00+00:00,t23_8,treatment,error_rate,0
2026-01-01T11:39:00+00:00,t23_9,treatment,conversion,0
2026-01-01T11:39:00+00:00,t23_9,treatment,error_rate,0
2026-01-01T11:40:00+00:00,t23_10,treatment,conversion,0
2026-01-01T11:40:00+00:00,t23_10,treatment,error_rate,0
2026-01-01T11:41:00+00:00,t23_11,treatment,conversion,0
2026-01-01T11:41:00+00:00,t23_11,treatment,error_rate,0
2026-01-01T11:42:00+00:00,t23_12,treatment,conversion,0
2026-01-01T11:42:00+00:00,t23_12,treatment,error_rate,0
2026-01-01T11:43:00+00:00,t23_13,treatment,conversion,0
2026-01-01T11:43:00+00:00,t23_13,treatment,error_rate,0
2026-01-01T11:44:00+00:00,t23_14,treatment,conversion,0
2026-01-01T11:44:00+00:00,t23_14,treatment,error_rate,0
2026-01-01T11:45:00+00:00,t23_15,treatment,conversion,1
2026-01-01T11:45:00+00:00,t23_15,treatment,error_rate,0
2026-01-01T11:46:00+00:00,t23_16,treatment,conversion,0
2026-01-01T11:46:00+00:00,t23_16,treatment,error_rate,0
2026-01-01T11:47:00+00:00,t23_17,treatment,conversion,0
2026-01-01T11:47:00+00:00,t23_17,treatment,error_rate,1
2026-01-01T11:48:00+00:00,t23_18,treatment,conversion,0
2026-01-01T11:48:00+00:00,t23_18,treatment,error_rate,0
2026-01-01T11:49:00+00:00,t23_19,treatment,conversion,1
2026-01-01T11:49:00+00:00,t23_19,treatment,error_rate,0
2026-01-01T11:50:00+00:00,t23_20,treatment,conversion,0
2026-01-01T11:50:00+00:00,t23_20,treatment,error_rate,0
2026-01-01T11:51:00+00:00,t23_21,treatment,conversion,0
2026-01-01T11:51:00+00:00,t23_21,treatment,error_rate,0
2026-01-01T11:52:00+00:00,t23_22,treatment,conversion,0
2026-01-01T11:52:00+00:00,t23_22,treatment,error_rate,0
2026-01-01T11:53:00+00:00,t23_23,treatment,conversion,1
2026-01-01T11:53:00+00:00,t23_23,treatment,error_rate,0
2026-01-01T11:54:00+00:00,t23_24,treatment,conversion,0
2026-01-01T11:54:00+00:00,t23_24,treatment,error_rate,0
2026-01-01T11:55:00+00:00,t23_25,treatment,conversion,0
2026-01-01T11:55:00+00:00,t23_25,treatment,error_rate,0
2026-01-01T11:56:00+00:00,t23_26,treatment,conversion,0
2026-01-01T11:56:00+00:00,t23_26,treatment,error_rate,0
2026-01-01T11:57:00+00:00,t23_27,treatment,conversion,0
2026-01-01T11:57:00+00:00,t23_27,treatment,error_rate,0
2026-01-01T11:58:00+00:00,t23_28,treatment,conversion,1
2026-01-01T11:58:00+00:00,t23_28,treatment,error_rate,0
2026-01-01T11:59:00+00:00,t23_29,treatment,conversion,0
2026-01-01T11:59:00+00:00,t23_29,treatment,error_rate,0
2026-01-01T12:00:00+00:00,c24_0,control,conversion,1
2026-01-01T12:00:00+00:00,c24_0,control,error_rate,0
2026-01-01T12:01:00+00:00,c24_1,control,conversion,0
2026-01-01T12:01:00+00:00,c24_1,control,error_rate,0
2026-01-01T12:02:00+00:00,c24_2,control,conversion,0
2026-01-01T12:02:00+00:00,c24_2,control,error_rate,1
2026-01-01T12:03:00+00:00,c24_3,control,conversion,0
2026-01-01T12:03:00+00:00,c24_3,control,error_rate,0
2026-01-01T12:04:00+00:00,c24_4,control,conversion,0
2026-01-01T12:04:00+00:00,c24_4,control,error_rate,0
2026-01-01T12:05:00+00:00,c24_5,control,conversion,0
2026-01-01T12:05:00+00:00,c24_5,control,error_rate,0
2026-01-01T12:06:00+00:00,c24_6,control,conversion,1
2026-01-01T12:06:00+00:00,c24_6,control,error_rate,0
2026-01-01T12:07:00+00:00,c24_7,control,conversion,0
2026-01-01T12:07:00+00:00,c24_7,control,error_rate,0
2026-01-01T12:08:00+00:00,c24_8,control,conversion,0
2026-01-01T12:08:00+00:00,c24_8,control,error_rate,0
2026-01-01T12:09:00+00:00,c24_9,control,conversion,1
2026-01-01T12:09:00+00:00,c24_9,control,error_rate,0
2026-01-01T12:10:00+00:00,c24_10,control,conversion,0
2026-01-01T12:10:00+00:00,c24_10,control,error_rate,0
2026-01-01T12:11:00+00:00,c24_11,control,conversion,0
2026-01-01T12:11:00+00:00,c24_11,control,error_rate,0
2026-01-01T12:12:00+00:00,c24_12,control,conversion,0
2026-01-01T12:12:00+00:00,c24_12,control,error_rate,0
2026-01-01T12:13:00+00:00,c24_13,control,conversion,1
2026-01-01T12:13:00+00:00,c24_13,control,error_rate,0
2026-01-01T12:14:00+00:00,c24_14,control,conversion,0
2026-01-01T12:14:00+00:00,c24_14,control,error_rate,0
2026-01-01T12:15:00+00:00,c24_15,control,conversion,0
2026-01-01T12:15:00+00:00,c24_15,control,error_rate,0
2026-01-01T12:16:00+00:00,c24_16,control,conversion,0
2026-01-01T12:16:00+00:00,c24_16,control,error_rate,0
2026-01-01T12:17:00+00:00,c24_17,control,conversion,1
2026-01-01T12:17:00+00:00,c24_17,control,error_rate,1
2026-01-01T12:18:00+00:00,c24_18,control,conversion,0
2026-01-01T12:18:00+00:00,c24_18,control,error_rate,0
2026-01-01T12:19:00+00:00,c24_19,control,conversion,0
2026-01-01T12:19:00+00:00,c24_19,control,error_rate,0
2026-01-01T12:20:00+00:00,c24_20,control,conversion,0
2026-01-01T12:20:00+00:00,c24_20,control,error_rate,0
2026-01-01T12:21:00+00:00,c24_21,control,conversion,0
2026-01-01T12:21:00+00:00,c24_21,control,error_rate,0
2026-01-01T12:22:00+00:00,c24_22,control,conversion,0
2026-01-01T12:22:00+00:00,c24_22,control,error_rate,0
2026-01-01T12:23:00+00:00,c24_23,control,conversion,0
2026-01-01T12:23:00+00:00,c24_23,control,error_rate,0
2026-01-01T12:24:00+00:00,c24_24,control,conversion,0
2026-01-01T12:24:00+00:00,c24_24,control,error_rate,0
2026-01-01T12:25:00+00:00,c24_25,control,conversion,1
2026-01-01T12:25:00+00:00,c24_25,control,error_rate,0
2026-01-01T12:26:00+00:00,c24_26,control,conversion,0
2026-01-01T12:26:00+00:00,c24_26,control,error_rate,0
2026-01-01T12:27:00+00:00,c24_27,control,conversion,0
2026-01-01T12:27:00+00:00,c24_27,control,error_rate,0
2026-01-01T12:28:00+00:00,c24_28,control,conversion,1
2026-01-01T12:28:00+00:00,c24_28,control,error_rate,0
2026-01-01T12:29:00+00:00,c24_29,control,conversion,0
2026-01-01T12:29:00+00:00,c24_29,control,error_rate,0
2026-01-01T12:00:00+00:00,t24_0,treatment,conversion,0
2026-01-01T12:00:00+00:00,t24_0,treatment,error_rate,0
2026-01-01T12:01:00+00:00,t24_1,treatment,conversion,1
2026-01-01T12:01:00+00:00,t24_1,treatment,error_rate,1
2026-01-01T12:02:00+00:00,t24_2,treatment,conversion,0
2026-01-01T12:02:00+00:00,t24_2,treatment,error_rate,0
2026-01-01T12:03:00+00:00,t24_3,treatment,conversion,0
2026-01-01T12:03:00+00:00,t24_3,treatment,error_rate,0
2026-01-01T12:04:00+00:00,t24_4,treatment,conversion,1
2026-01-01T12:04:00+00:00,t24_4,treatment,error_rate,0
2026-01-01T12:05:00+00:00,t24_5,treatment,conversion,0
2026-01-01T12:05:00+00:00,t24_5,treatment,error_rate,1
2026-01-01T12:06:00+00:00,t24_6,treatment,conversion,0
2026-01-01T12:06:00+00:00,t24_6,treatment,error_rate,0
2026-01-01T12:07:00+00:00,t24_7,treatment,conversion,0
2026-01-01T12:07:00+00:00,t24_7,treatment,error_rate,0
2026-01-01T12:08:00+00:00,t24_8,treatment,conversion,0
2026-01-01T12:08:00+00:00,t24_8,treatment,error_rate,0
2026-01-01T12:09:00+00:00,t24_9,treatment,conversion,0
2026-01-01T12:09:00+00:00,t24_9,treatment,error_rate,0
2026-01-01T12:10:00+00:00,t24_10,treatment,conversion,0
2026-01-01T12:10:00+00:00,t24_10,treatment,error_rate,0
2026-01-01T12:11:00+00:00,t24_11,treatment,conversion,0
2026-01-01T12:11:00+00:00,t24_11,treatment,error_rate,0
2026-01-01T12:12:00+00:00,t24_12,treatment,conversion,0
2026-01-01T12:12:00+00:00,t24_12,treatment,error_rate,1
2026-01-01T12:13:00+00:00,t24_13,treatment,conversion,0
2026-01-01T12:13:00+00:00,t24_13,treatment,error_rate,0
2026-01-01T12:14:00+00:00,t24_14,treatment,conversion,0
2026-01-01T12:14:00+00:00,t24_14,treatment,error_rate,1
2026-01-01T12:15:00+00:00,t24_15,treatment,conversion,0
2026-01-01T12:15:00+00:00,t24_15,treatment,error_rate,0
2026-01-01T12:16:00+00:00,t24_16,treatment,conversion,1
2026-01-01T12:16:00+00:00,t24_16,treatment,error_rate,0
2026-01-01T12:17:00+00:00,t24_17,treatment,conversion,1
2026-01-01T12:17:00+00:00,t24_17,treatment,error_rate,0
2026-01-01T12:18:00+00:00,t24_18,treatment,conversion,1
2026-01-01T12:18:00+00:00,t24_18,treatment,error_rate,0
2026-01-01T12:19:00+00:00,t24_19,treatment,conversion,1
2026-01-01T12:19:00+00:00,t24_19,treatment,error_rate,0
2026-01-01T12:20:00+00:00,t24_20,treatment,conversion,0
2026-01-01T12:20:00+00:00,t24_20,treatment,error_rate,0
2026-01-01T12:21:00+00:00,t24_21,treatment,conversion,0
2026-01-01T12:21:00+00:00,t24_21,treatment,error_rate,0
2026-01-01T12:22:00+00:00,t24_22,treatment,conversion,1
2026-01-01T12:22:00+00:00,t24_22,treatment,error_rate,0
2026-01-01T12:23:00+00:00,t24_23,treatment,conversion,0
2026-01-01T12:23:00+00:00,t24_23,treatment,error_rate,0
2026-01-01T12:24:00+00:00,t24_24,treatment,conversion,0
2026-01-01T12:24:00+00:00,t24_24,treatment,error_rate,0
2026-01-01T12:25:00+00:00,t24_25,treatment,conversion,0
2026-01-01T12:25:00+00:00,t24_25,treatment,error_rate,0
2026-01-01T12:26:00+00:00,t24_26,treatment,conversion,0
2026-01-01T12:26:00+00:00,t24_26,treatment,error_rate,0
2026-01-01T12:27:00+00:00,t24_27,treatment,conversion,0
2026-01-01T12:27:00+00:00,t24_27,treatment,error_rate,1
2026-01-01T12:28:00+00:00,t24_28,treatment,conversion,0
2026-01-01T12:28:00+00:00,t24_28,treatment,error_rate,0
2026-01-01T12:29:00+00:00,t24_29,treatment,conversion,0
2026-01-01T12:29:00+00:00,t24_29,treatment,error_rate,0
2026-01-01T12:30:00+00:00,c25_0,control,conversion,0
2026-01-01T12:30:00+00:00,c25_0,control,error_rate,0
2026-01-01T12:31:00+00:00,c25_1,control,conversion,0
2026-01-01T12:31:00+00:00,c25_1,control,error_rate,0
2026-01-01T12:32:00+00:00,c25_2,control,conversion,0
2026-01-01T12:32:00+00:00,c25_2,control,error_rate,0
2026-01-01T12:33:00+00:00,c25_3,control,conversion,0
2026-01-01T12:33:00+00:00,c25_3,control,error_rate,0
2026-01-01T12:34:00+00:00,c25_4,control,conversion,0
2026-01-01T12:34:00+00:00,c25_4,control,error_rate,0
2026-01-01T12:35:00+00:00,c25_5,control,conversion,0
2026-01-01T12:35:00+00:00,c25_5,control,error_rate,0
2026-01-01T12:36:00+00:00,c25_6,control,conversion,1
2026-01-01T12:36:00+00:00,c25_6,control,error_rate,0
2026-01-01T12:37:00+00:00,c25_7,control,conversion,0
2026-01-01T12:37:00+00:00,c25_7,control,error_rate,0
2026-01-01T12:38:00+00:00,c25_8,control,conversion,0
2026-01-01T12:38:00+00:00,c25_8,control,error_rate,0
2026-01-01T12:39:00+00:00,c25_9,control,conversion,0
2026-01-01T12:39:00+00:00,c25_9,control,error_rate,0
2026-01-01T12:40:00+00:00,c25_10,control,conversion,0
2026-01-01T12:40:00+00:00,c25_10,control,error_rate,0
2026-01-01T12:41:00+00:00,c25_11,control,conversion,0
2026-01-01T12:41:00+00:00,c25_11,control,error_rate,0
2026-01-01T12:42:00+00:00,c25_12,control,conversion,0
2026-01-01T12:42:00+00:00,c25_12,control,error_rate,0
2026-01-01T12:43:00+00:00,c25_13,control,conversion,0
2026-01-01T12:43:00+00:00,c25_13,control,error_rate,0
2026-01-01T12:44:00+00:00,c25_14,control,conversion,0
2026-01-01T12:44:00+00:00,c25_14,control,error_rate,0
2026-01-01T12:45:00+00:00,c25_15,control,conversion,0
2026-01-01T12:45:00+00:00,c25_15,control,error_rate,0
2026-01-01T12:46:00+00:00,c25_16,control,conversion,0
2026-01-01T12:46:00+00:00,c25_16,control,error_rate,0
2026-01-01T12:47:00+00:00,c25_17,control,conversion,0
2026-01-01T12:47:00+00:00,c25_17,control,error_rate,1
2026-01-01T12:48:00+00:00,c25_18,control,conversion,0
2026-01-01T12:48:00+00:00,c25_18,control,error_rate,0
2026-01-01T12:49:00+00:00,c25_19,control,conversion,0
2026-01-01T12:49:00+00:00,c25_19,control,error_rate,0
2026-01-01T12:50:00+00:00,c25_20,control,conversion,0
2026-01-01T12:50:00+00:00,c25_20,control,error_rate,0
2026-01-01T12:51:00+00:00,c25_21,control,conversion,0
2026-01-01T12:51:00+00:00,c25_21,control,error_rate,0
2026-01-01T12:52:00+00:00,c25_22,control,conversion,0
2026-01-01T12:52:00+00:00,c25_22,control,error_rate,1
2026-01-01T12:53:00+00:00,c25_23,control,conversion,0
2026-01-01T12:53:00+00:00,c25_23,control,error_rate,0
2026-01-01T12:54:00+00:00,c25_24,control,conversion,0
2026-01-01T12:54:00+00:00,c25_24,control,error_rate,0
2026-01-01T12:55:00+00:00,c25_25,control,conversion,0
2026-01-01T12:55:00+00:00,c25_25,control,error_rate,0
2026-01-01T12:56:00+00:00,c25_26,control,conversion,0
2026-01-01T12:56:00+00:00,c25_26,control,error_rate,0
2026-01-01T12:57:00+00:00,c25_27,control,conversion,0
2026-01-01T12:57:00+00:00,c25_27,control,error_rate,1
2026-01-01T12:58:00+00:00,c25_28,control,conversion,0
2026-01-01T12:58:00+00:00,c25_28,control,error_rate,0
2026-01-01T12:59:00+00:00,c25_29,control,conversion,0
2026-01-01T12:59:00+00:00,c25_29,control,error_rate,0
2026-01-01T12:30:00+00:00,t25_0,treatment,conversion,0
2026-01-01T12:30:00+00:00,t25_0,treatment,error_rate,0
2026-01-01T12:31:00+00:00,t25_1,treatment,conversion,0
2026-01-01T12:31:00+00:00,t25_1,treatment,error_rate,0
2026-01-01T12:32:00+00:00,t25_2,treatment,conversion,0
2026-01-01T12:32:00+00:00,t25_2,treatment,error_rate,0
2026-01-01T12:33:00+00:00,t25_3,treatment,conversion,1
2026-01-01T12:33:00+00:00,t25_3,treatment,error_rate,0
2026-01-01T12:34:00+00:00,t25_4,treatment,conversion,0
2026-01-01T12:34:00+00:00,t25_4,treatment,error_rate,0
2026-01-01T12:35:00+00:00,t25_5,treatment,conversion,1
2026-01-01T12:35:00+00:00,t25_5,treatment,error_rate,0
2026-01-01T12:36:00+00:00,t25_6,treatment,conversion,0
2026-01-01T12:36:00+00:00,t25_6,treatment,error_rate,0
2026-01-01T12:37:00+00:00,t25_7,treatment,conversion,0
2026-01-01T12:37:00+00:00,t25_7,treatment,error_rate,0
2026-01-01T12:38:00+00:00,t25_8,treatment,conversion,0
2026-01-01T12:38:00+00:00,t25_8,treatment,error_rate,0
2026-01-01T12:39:00+00:00,t25_9,treatment,conversion,0
2026-01-01T12:39:00+00:00,t25_9,treatment,error_rate,0
2026-01-01T12:40:00+00:00,t25_10,treatment,conversion,0
2026-01-01T12:40:00+00:00,t25_10,treatment,error_rate,0
2026-01-01T12:41:00+00:00,t25_11,treatment,conversion,0
2026-01-01T12:41:00+00:00,t25_11,treatment,error_rate,0
2026-01-01T12:42:00+00:00,t25_12,treatment,conversion,0
2026-01-01T12:42:00+00:00,t25_12,treatment,error_rate,0
2026-01-01T12:43:00+00:00,t25_13,treatment,conversion,0
2026-01-01T12:43:00+00:00,t25_13,treatment,error_rate,0
2026-01-01T12:44:00+00:00,t25_14,treatment,conversion,0
2026-01-01T12:44:00+00:00,t25_14,treatment,error_rate,0
2026-01-01T12:45:00+00:00,t25_15,treatment,conversion,0
2026-01-01T12:45:00+00:00,t25_15,treatment,error_rate,0
2026-01-01T12:46:00+00:00,t25_16,treatment,conversion,0
2026-01-01T12:46:00+00:00,t25_16,treatment,error_rate,0
2026-01-01T12:47:00+00:00,t25_17,treatment,conversion,0
2026-01-01T12:47:00+00:00,t25_17,treatment,error_rate,0
2026-01-01T12:48:00+00:00,t25_18,treatment,conversion,0
2026-01-01T12:48:00+00:00,t25_18,treatment,error_rate,1
2026-01-01T12:49:00+00:00,t25_19,treatment,conversion,1
2026-01-01T12:49:00+00:00,t25_19,treatment,error_rate,0
2026-01-01T12:50:00+00:00,t25_20,treatment,conversion,1
2026-01-01T12:50:00+00:00,t25_20,treatment,error_rate,1
2026-01-01T12:51:00+00:00,t25_21,treatment,conversion,1
2026-01-01T12:51:00+00:00,t25_21,treatment,error_rate,0
2026-01-01T12:52:00+00:00,t25_22,treatment,conversion,0
2026-01-01T12:52:00+00:00,t25_22,treatment,error_rate,0
2026-01-01T12:53:00+00:00,t25_23,treatment,conversion,0
2026-01-01T12:53:00+00:00,t25_23,treatment,error_rate,0
2026-01-01T12:54:00+00:00,t25_24,treatment,conversion,0
2026-01-01T12:54:00+00:00,t25_24,treatment,error_rate,0
2026-01-01T12:55:00+00:00,t25_25,treatment,conversion,0
2026-01-01T12:55:00+00:00,t25_25,treatment,error_rate,0
2026-01-01T12:56:00+00:00,t25_26,treatment,conversion,1
2026-01-01T12:56:00+00:00,t25_26,treatment,error_rate,0
2026-01-01T12:57:00+00:00,t25_27,treatment,conversion,0
2026-01-01T12:57:00+00:00,t25_27,treatment,error_rate,0
2026-01-01T12:58:00+00:00,t25_28,treatment,conversion,0
2026-01-01T12:58:00+00:00,t25_28,treatment,error_rate,0
2026-01-01T12:59:00+00:00,t25_29,treatment,conversion,1
2026-01-01T12:59:00+00:00,t25_29,treatment,error_rate,0
2026-01-01T13:00:00+00:00,c26_0,control,conversion,0
2026-01-01T13:00:00+00:00,c26_0,control,error_rate,1
2026-01-01T13:01:00+00:00,c26_1,control,conversion,0
2026-01-01T13:01:00+00:00,c26_1,control,error_rate,0
2026-01-01T13:02:00+00:00,c26_2,control,conversion,0
2026-01-01T13:02:00+00:00,c26_2,control,error_rate,0
2026-01-01T13:03:00+00:00,c26_3,control,conversion,0
2026-01-01T13:03:00+00:00,c26_3,control,error_rate,0
2026-01-01T13:04:00+00:00,c26_4,control,conversion,0
2026-01-01T13:04:00+00:00,c26_4,control,error_rate,1
2026-01-01T13:05:00+00:00,c26_5,control,conversion,0
2026-01-01T13:05:00+00:00,c26_5,control,error_rate,0
2026-01-01T13:06:00+00:00,c26_6,control,conversion,0
2026-01-01T13:06:00+00:00,c26_6,control,error_rate,0
2026-01-01T13:07:00+00:00,c26_7,control,conversion,0
2026-01-01T13:07:00+00:00,c26_7,control,error_rate,0
2026-01-01T13:08:00+00:00,c26_8,control,conversion,0
2026-01-01T13:08:00+00:00,c26_8,control,error_rate,1
2026-01-01T13:09:00+00:00,c26_9,control,conversion,1
2026-01-01T13:09:00+00:00,c26_9,control,error_rate,0
2026-01-01T13:10:00+00:00,c26_10,control,conversion,1
2026-01-01T13:10:00+00:00,c26_10,control,error_rate,1
2026-01-01T13:11:00+00:00,c26_11,control,conversion,0
2026-01-01T13:11:00+00:00,c26_11,control,error_rate,0
2026-01-01T13:12:00+00:00,c26_12,control,conversion,1
2026-01-01T13:12:00+00:00,c26_12,control,error_rate,0
2026-01-01T13:13:00+00:00,c26_13,control,conversion,0
2026-01-01T13:13:00+00:00,c26_13,control,error_rate,0
2026-01-01T13:14:00+00:00,c26_14,control,conversion,0
2026-01-01T13:14:00+00:00,c26_14,control,error_rate,0
2026-01-01T13:15:00+00:00,c26_15,control,conversion,0
2026-01-01T13:15:00+00:00,c26_15,control,error_rate,0
2026-01-01T13:16:00+00:00,c26_16,control,conversion,0
2026-01-01T13:16:00+00:00,c26_16,control,error_rate,0
2026-01-01T13:17:00+00:00,c26_17,control,conversion,0
2026-01-01T13:17:00+00:00,c26_17,control,error_rate,0
2026-01-01T13:18:00+00:00,c26_18,control,conversion,0
2026-01-01T13:18:00+00:00,c26_18,control,error_rate,0
2026-01-01T13:19:00+00:00,c26_19,control,conversion,0
2026-01-01T13:19:00+00:00,c26_19,control,error_rate,0
2026-01-01T13:20:00+00:00,c26_20,control,conversion,0
2026-01-01T13:20:00+00:00,c26_20,control,error_rate,0
2026-01-01T13:21:00+00:00,c26_21,control,conversion,0
2026-01-01T13:21:00+00:00,c26_21,control,error_rate,0
2026-01-01T13:22:00+00:00,c26_22,control,conversion,0
2026-01-01T13:22:00+00:00,c26_22,control,error_rate,0
2026-01-01T13:23:00+00:00,c26_23,control,conversion,0
2026-01-01T13:23:00+00:00,c26_23,control,error_rate,0
2026-01-01T13:24:00+00:00,c26_24,control,conversion,0
2026-01-01T13:24:00+00:00,c26_24,control,error_rate,0
2026-01-01T13:25:00+00:00,c26_25,control,conversion,0
2026-01-01T13:25:00+00:00,c26_25,control,error_rate,0
2026-01-01T13:26:00+00:00,c26_26,control,conversion,0
2026-01-01T13:26:00+00:00,c26_26,control,error_rate,0
2026-01-01T13:27:00+00:00,c26_27,control,conversion,0
2026-01-01T13:27:00+00:00,c26_27,control,error_rate,0
2026-01-01T13:28:00+00:00,c26_28,control,conversion,0
2026-01-01T13:28:00+00:00,c26_28,control,error_rate,0
2026-01-01T13:29:00+00:00,c26_29,control,conversion,0
2026-01-01T13:29:00+00:00,c26_29,control,error_rate,0
2026-01-01T13:00:00+00:00,t26_0,treatment,conversion,0
2026-01-01T13:00:00+00:00,t26_0,treatment,error_rate,0
2026-01-01T13:01:00+00:00,t26_1,treatment,conversion,1
2026-01-01T13:01:00+00:00,t26_1,treatment,error_rate,0
2026-01-01T13:02:00+00:00,t26_2,treatment,conversion,1
2026-01-01T13:02:00+00:00,t26_2,treatment,error_rate,0
2026-01-01T13:03:00+00:00,t26_3,treatment,conversion,1
2026-01-01T13:03:00+00:00,t26_3,treatment,error_rate,0
2026-01-01T13:04:00+00:00,t26_4,treatment,conversion,0
2026-01-01T13:04:00+00:00,t26_4,treatment,error_rate,0
2026-01-01T13:05:00+00:00,t26_5,treatment,conversion,0
2026-01-01T13:05:00+00:00,t26_5,treatment,error_rate,0
2026-01-01T13:06:00+00:00,t26_6,treatment,conversion,0
2026-01-01T13:06:00+00:00,t26_6,treatment,error_rate,0
2026-01-01T13:07:00+00:00,t26_7,treatment,conversion,0
2026-01-01T13:07:00+00:00,t26_7,treatment,error_rate,0
2026-01-01T13:08:00+00:00,t26_8,treatment,conversion,0
2026-01-01T13:08:00+00:00,t26_8,treatment,error_rate,0
2026-01-01T13:09:00+00:00,t26_9,treatment,conversion,0
2026-01-01T13:09:00+00:00,t26_9,treatment,error_rate,0
2026-01-01T13:10:00+00:00,t26_10,treatment,conversion,0
2026-01-01T13:10:00+00:00,t26_10,treatment,error_rate,0
2026-01-01T13:11:00+00:00,t26_11,treatment,conversion,0
2026-01-01T13:11:00+00:00,t26_11,treatment,error_rate,0
2026-01-01T13:12:00+00:00,t26_12,treatment,conversion,0
2026-01-01T13:12:00+00:00,t26_12,treatment,error_rate,0
2026-01-01T13:13:00+00:00,t26_13,treatment,conversion,0
2026-01-01T13:13:00+00:00,t26_13,treatment,error_rate,0
2026-01-01T13:14:00+00:00,t26_14,treatment,conversion,0
2026-01-01T13:14:00+00:00,t26_14,treatment,error_rate,0
2026-01-01T13:15:00+00:00,t26_15,treatment,conversion,0
2026-01-01T13:15:00+00:00,t26_15,treatment,error_rate,0
2026-01-01T13:16:00+00:00,t26_16,treatment,conversion,0
2026-01-01T13:16:00+00:00,t26_16,treatment,error_rate,0
2026-01-01T13:17:00+00:00,t26_17,treatment,conversion,0
2026-01-01T13:17:00+00:00,t26_17,treatment,error_rate,1
2026-01-01T13:18:00+00:00,t26_18,treatment,conversion,0
2026-01-01T13:18:00+00:00,t26_18,treatment,error_rate,0
2026-01-01T13:19:00+00:00,t26_19,treatment,conversion,1
2026-01-01T13:19:00+00:00,t26_19,treatment,error_rate,0
2026-01-01T13:20:00+00:00,t26_20,treatment,conversion,0
2026-01-01T13:20:00+00:00,t26_20,treatment,error_rate,1
2026-01-01T13:21:00+00:00,t26_21,treatment,conversion,0
2026-01-01T13:21:00+00:00,t26_21,treatment,error_rate,0
2026-01-01T13:22:00+00:00,t26_22,treatment,conversion,0
2026-01-01T13:22:00+00:00,t26_22,treatment,error_rate,0
2026-01-01T13:23:00+00:00,t26_23,treatment,conversion,0
2026-01-01T13:23:00+00:00,t26_23,treatment,error_rate,0
2026-01-01T13:24:00+00:00,t26_24,treatment,conversion,0
2026-01-01T13:24:00+00:00,t26_24,treatment,error_rate,0
2026-01-01T13:25:00+00:00,t26_25,treatment,conversion,1
2026-01-01T13:25:00+00:00,t26_25,treatment,error_rate,0
2026-01-01T13:26:00+00:00,t26_26,treatment,conversion,0
2026-01-01T13:26:00+00:00,t26_26,treatment,error_rate,0
2026-01-01T13:27:00+00:00,t26_27,treatment,conversion,0
2026-01-01T13:27:00+00:00,t26_27,treatment,error_rate,0
2026-01-01T13:28:00+00:00,t26_28,treatment,conversion,0
2026-01-01T13:28:00+00:00,t26_28,treatment,error_rate,0
2026-01-01T13:29:00+00:00,t26_29,treatment,conversion,0
2026-01-01T13:29:00+00:00,t26_29,treatment,error_rate,0
2026-01-01T13:30:00+00:00,c27_0,control,conversion,0
2026-01-01T13:30:00+00:00,c27_0,control,error_rate,0
2026-01-01T13:31:00+00:00,c27_1,control,conversion,1
2026-01-01T13:31:00+00:00,c27_1,control,error_rate,0
2026-01-01T13:32:00+00:00,c27_2,control,conversion,0
2026-01-01T13:32:00+00:00,c27_2,control,error_rate,0
2026-01-01T13:33:00+00:00,c27_3,control,conversion,0
2026-01-01T13:33:00+00:00,c27_3,control,error_rate,0
2026-01-01T13:34:00+00:00,c27_4,control,conversion,0
2026-01-01T13:34:00+00:00,c27_4,control,error_rate,0
2026-01-01T13:35:00+00:00,c27_5,control,conversion,0
2026-01-01T13:35:00+00:00,c27_5,control,error_rate,0
2026-01-01T13:36:00+00:00,c27_6,control,conversion,0
2026-01-01T13:36:00+00:00,c27_6,control,error_rate,0
2026-01-01T13:37:00+00:00,c27_7,control,conversion,1
2026-01-01T13:37:00+00:00,c27_7,control,error_rate,1
2026-01-01T13:38:00+00:00,c27_8,control,conversion,0
2026-01-01T13:38:00+00:00,c27_8,control,error_rate,0
2026-01-01T13:39:00+00:00,c27_9,control,conversion,0
2026-01-01T13:39:00+00:00,c27_9,control,error_rate,0
2026-01-01T13:40:00+00:00,c27_10,control,conversion,0
2026-01-01T13:40:00+00:00,c27_10,control,error_rate,0
2026-01-01T13:41:00+00:00,c27_11,control,conversion,0
2026-01-01T13:41:00+00:00,c27_11,control,error_rate,0
2026-01-01T13:42:00+00:00,c27_12,control,conversion,0
2026-01-01T13:42:00+00:00,c27_12,control,error_rate,0
2026-01-01T13:43:00+00:00,c27_13,control,conversion,0
2026-01-01T13:43:00+00:00,c27_13,control,error_rate,0
2026-01-01T13:44:00+00:00,c27_14,control,conversion,0
2026-01-01T13:44:00+00:00,c27_14,control,error_rate,0
2026-01-01T13:45:00+00:00,c27_15,control,conversion,0
2026-01-01T13:45:00+00:00,c27_15,control,error_rate,0
2026-01-01T13:46:00+00:00,c27_16,control,conversion,0
2026-01-01T13:46:00+00:00,c27_16,control,error_rate,0
2026-01-01T13:47:00+00:00,c27_17,control,conversion,0
2026-01-01T13:47:00+00:00,c27_17,control,error_rate,1
2026-01-01T13:48:00+00:00,c27_18,control,conversion,1
2026-01-01T13:48:00+00:00,c27_18,control,error_rate,0
2026-01-01T13:49:00+00:00,c27_19,control,conversion,0
2026-01-01T13:49:00+00:00,c27_19,control,error_rate,0
2026-01-01T13:50:00+00:00,c27_20,control,conversion,0
2026-01-01T13:50:00+00:00,c27_20,control,error_rate,0
2026-01-01T13:51:00+00:00,c27_21,control,conversion,0
2026-01-01T13:51:00+00:00,c27_21,control,error_rate,0
2026-01-01T13:52:00+00:00,c27_22,control,conversion,0
2026-01-01T13:52:00+00:00,c27_22,control,error_rate,0
2026-01-01T13:53:00+00:00,c27_23,control,conversion,0
2026-01-01T13:53:00+00:00,c27_23,control,error_rate,0
2026-01-01T13:54:00+00:00,c27_24,control,conversion,0
2026-01-01T13:54:00+00:00,c27_24,control,error_rate,0
2026-01-01T13:55:00+00:00,c27_25,control,conversion,1
2026-01-01T13:55:00+00:00,c27_25,control,error_rate,0
2026-01-01T13:56:00+00:00,c27_26,control,conversion,0
2026-01-01T13:56:00+00:00,c27_26,control,error_rate,0
2026-01-01T13:57:00+00:00,c27_27,control,conversion,0
2026-01-01T13:57:00+00:00,c27_27,control,error_rate,0
2026-01-01T13:58:00+00:00,c27_28,control,conversion,0
2026-01-01T13:58:00+00:00,c27_28,control,error_rate,0
2026-01-01T13:59:00+00:00,c27_29,control,conversion,0
2026-01-01T13:59:00+00:00,c27_29,control,error_rate,0
2026-01-01T13:30:00+00:00,t27_0,treatment,conversion,0
2026-01-01T13:30:00+00:00,t27_0,treatment,error_rate,0
2026-01-01T13:31:00+00:00,t27_1,treatment,conversion,1
2026-01-01T13:31:00+00:00,t27_1,treatment,error_rate,0
2026-01-01T13:32:00+00:00,t27_2,treatment,conversion,0
2026-01-01T13:32:00+00:00,t27_2,treatment,error_rate,0
2026-01-01T13:33:00+00:00,t27_3,treatment,conversion,0
2026-01-01T13:33:00+00:00,t27_3,treatment,error_rate,0
2026-01-01T13:34:00+00:00,t27_4,treatment,conversion,0
2026-01-01T13:34:00+00:00,t27_4,treatment,error_rate,0
2026-01-01T13:35:00+00:00,t27_5,treatment,conversion,0
2026-01-01T13:35:00+00:00,t27_5,treatment,error_rate,1
2026-01-01T13:36:00+00:00,t27_6,treatment,conversion,0
2026-01-01T13:36:00+00:00,t27_6,treatment,error_rate,0
2026-01-01T13:37:00+00:00,t27_7,treatment,conversion,0
2026-01-01T13:37:00+00:00,t27_7,treatment,error_rate,0
2026-01-01T13:38:00+00:00,t27_8,treatment,conversion,0
2026-01-01T13:38:00+00:00,t27_8,treatment,error_rate,1
2026-01-01T13:39:00+00:00,t27_9,treatment,conversion,0
2026-01-01T13:39:00+00:00,t27_9,treatment,error_rate,1
2026-01-01T13:40:00+00:00,t27_10,treatment,conversion,0
2026-01-01T13:40:00+00:00,t27_10,treatment,error_rate,0
2026-01-01T13:41:00+00:00,t27_11,treatment,conversion,0
2026-01-01T13:41:00+00:00,t27_11,treatment,error_rate,0
2026-01-01T13:42:00+00:00,t27_12,treatment,conversion,0
2026-01-01T13:42:00+00:00,t27_12,treatment,error_rate,0
2026-01-01T13:43:00+00:00,t27_13,treatment,conversion,0
2026-01-01T13:43:00+00:00,t27_13,treatment,error_rate,1
2026-01-01T13:44:00+00:00,t27_14,treatment,conversion,0
2026-01-01T13:44:00+00:00,t27_14,treatment,error_rate,0
2026-01-01T13:45:00+00:00,t27_15,treatment,conversion,0
2026-01-01T13:45:00+00:00,t27_15,treatment,error_rate,0
2026-01-01T13:46:00+00:00,t27_16,treatment,conversion,1
2026-01-01T13:46:00+00:00,t27_16,treatment,error_rate,0
2026-01-01T13:47:00+00:00,t27_17,treatment,conversion,0
2026-01-01T13:47:00+00:00,t27_17,treatment,error_rate,0
2026-01-01T13:48:00+00:00,t27_18,treatment,conversion,0
2026-01-01T13:48:00+00:00,t27_18,treatment,error_rate,0
2026-01-01T13:49:00+00:00,t27_19,treatment,conversion,1
2026-01-01T13:49:00+00:00,t27_19,treatment,error_rate,0
2026-01-01T13:50:00+00:00,t27_20,treatment,conversion,0
2026-01-01T13:50:00+00:00,t27_20,treatment,error_rate,0
2026-01-01T13:51:00+00:00,t27_21,treatment,conversion,1
2026-01-01T13:51:00+00:00,t27_21,treatment,error_rate,0
2026-01-01T13:52:00+00:00,t27_22,treatment,conversion,0
2026-01-01T13:52:00+00:00,t27_22,treatment,error_rate,0
2026-01-01T13:53:00+00:00,t27_23,treatment,conversion,0
2026-01-01T13:53:00+00:00,t27_23,treatment,error_rate,0
2026-01-01T13:54:00+00:00,t27_24,treatment,conversion,0
2026-01-01T13:54:00+00:00,t27_24,treatment,error_rate,0
2026-01-01T13:55:00+00:00,t27_25,treatment,conversion,0
2026-01-01T13:55:00+00:00,t27_25,treatment,error_rate,0
2026-01-01T13:56:00+00:00,t27_26,treatment,conversion,1
2026-01-01T13:56:00+00:00,t27_26,treatment,error_rate,0
2026-01-01T13:57:00+00:00,t27_27,treatment,conversion,1
2026-01-01T13:57:00+00:00,t27_27,treatment,error_rate,0
2026-01-01T13:58:00+00:00,t27_28,treatment,conversion,0
2026-01-01T13:58:00+00:00,t27_28,treatment,error_rate,0
2026-01-01T13:59:00+00:00,t27_29,treatment,conversion,0
2026-01-01T13:59:00+00:00,t27_29,treatment,error_rate,0
2026-01-01T14:00:00+00:00,c28_0,control,conversion,0
2026-01-01T14:00:00+00:00,c28_0,control,error_rate,0
2026-01-01T14:01:00+00:00,c28_1,control,conversion,0
2026-01-01T14:01:00+00:00,c28_1,control,error_rate,0
2026-01-01T14:02:00+00:00,c28_2,control,conversion,0
2026-01-01T14:02:00+00:00,c28_2,control,error_rate,0
2026-01-01T14:03:00+00:00,c28_3,control,conversion,1
2026-01-01T14:03:00+00:00,c28_3,control,error_rate,0
2026-01-01T14:04:00+00:00,c28_4,control,conversion,0
2026-01-01T14:04:00+00:00,c28_4,control,error_rate,0
2026-01-01T14:05:00+00:00,c28_5,control,conversion,0
2026-01-01T14:05:00+00:00,c28_5,control,error_rate,0
2026-01-01T14:06:00+00:00,c28_6,control,conversion,0
2026-01-01T14:06:00+00:00,c28_6,control,error_rate,0
2026-01-01T14:07:00+00:00,c28_7,control,conversion,0
2026-01-01T14:07:00+00:00,c28_7,control,error_rate,0
2026-01-01T14:08:00+00:00,c28_8,control,conversion,0
2026-01-01T14:08:00+00:00,c28_8,control,error_rate,0
2026-01-01T14:09:00+00:00,c28_9,control,conversion,0
2026-01-01T14:09:00+00:00,c28_9,control,error_rate,0
2026-01-01T14:10:00+00:00,c28_10,control,conversion,0
2026-01-01T14:10:00+00:00,c28_10,control,error_rate,0
2026-01-01T14:11:00+00:00,c28_11,control,conversion,0
2026-01-01T14:11:00+00:00,c28_11,control,error_rate,0
2026-01-01T14:12:00+00:00,c28_12,control,conversion,0
2026-01-01T14:12:00+00:00,c28_12,control,error_rate,0
2026-01-01T14:13:00+00:00,c28_13,control,conversion,0
2026-01-01T14:13:00+00:00,c28_13,control,error_rate,0
2026-01-01T14:14:00+00:00,c28_14,control,conversion,1
2026-01-01T14:14:00+00:00,c28_14,control,error_rate,1
2026-01-01T14:15:00+00:00,c28_15,control,conversion,0
2026-01-01T14:15:00+00:00,c28_15,control,error_rate,0
2026-01-01T14:16:00+00:00,c28_16,control,conversion,0
2026-01-01T14:16:00+00:00,c28_16,control,error_rate,0
2026-01-01T14:17:00+00:00,c28_17,control,conversion,0
2026-01-01T14:17:00+00:00,c28_17,control,error_rate,0
2026-01-01T14:18:00+00:00,c28_18,control,conversion,1
2026-01-01T14:18:00+00:00,c28_18,control,error_rate,1
2026-01-01T14:19:00+00:00,c28_19,control,conversion,0
2026-01-01T14:19:00+00:00,c28_19,control,error_rate,0
2026-01-01T14:20:00+00:00,c28_20,control,conversion,0
2026-01-01T14:20:00+00:00,c28_20,control,error_rate,0
2026-01-01T14:21:00+00:00,c28_21,control,conversion,0
2026-01-01T14:21:00+00:00,c28_21,control,error_rate,0
2026-01-01T14:22:00+00:00,c28_22,control,conversion,0
2026-01-01T14:22:00+00:00,c28_22,control,error_rate,0
2026-01-01T14:23:00+00:00,c28_23,control,conversion,0
2026-01-01T14:23:00+00:00,c28_23,control,error_rate,0
2026-01-01T14:24:00+00:00,c28_24,control,conversion,0
2026-01-01T14:24:00+00:00,c28_24,control,error_rate,0
2026-01-01T14:25:00+00:00,c28_25,control,conversion,1
2026-01-01T14:25:00+00:00,c28_25,control,error_rate,0
2026-01-01T14:26:00+00:00,c28_26,control,conversion,0
2026-01-01T14:26:00+00:00,c28_26,control,error_rate,0
2026-01-01T14:27:00+00:00,c28_27,control,conversion,0
2026-01-01T14:27:00+00:00,c28_27,control,error_rate,0
2026-01-01T14:28:00+00:00,c28_28,control,conversion,0
2026-01-01T14:28:00+00:00,c28_28,control,error_rate,0
2026-01-01T14:29:00+00:00,c28_29,control,conversion,1
2026-01-01T14:29:00+00:00,c28_29,control,error_rate,1
2026-01-01T14:00:00+00:00,t28_0,treatment,conversion,0
2026-01-01T14:00:00+00:00,t28_0,treatment,error_rate,0
2026-01-01T14:01:00+00:00,t28_1,treatment,conversion,0
2026-01-01T14:01:00+00:00,t28_1,treatment,error_rate,0
2026-01-01T14:02:00+00:00,t28_2,treatment,conversion,1
2026-01-01T14:02:00+00:00,t28_2,treatment,error_rate,0
2026-01-01T14:03:00+00:00,t28_3,treatment,conversion,0
2026-01-01T14:03:00+00:00,t28_3,treatment,error_rate,0
2026-01-01T14:04:00+00:00,t28_4,treatment,conversion,0
2026-01-01T14:04:00+00:00,t28_4,treatment,error_rate,0
2026-01-01T14:05:00+00:00,t28_5,treatment,conversion,0
2026-01-01T14:05:00+00:00,t28_5,treatment,error_rate,0
2026-01-01T14:06:00+00:00,t28_6,treatment,conversion,0
2026-01-01T14:06:00+00:00,t28_6,treatment,error_rate,0
2026-01-01T14:07:00+00:00,t28_7,treatment,conversion,0
2026-01-01T14:07:00+00:00,t28_7,treatment,error_rate,0
2026-01-01T14:08:00+00:00,t28_8,treatment,conversion,0
2026-01-01T14:08:00+00:00,t28_8,treatment,error_rate,0
2026-01-01T14:09:00+00:00,t28_9,treatment,conversion,0
2026-01-01T14:09:00+00:00,t28_9,treatment,error_rate,0
2026-01-01T14:10:00+00:00,t28_10,treatment,conversion,0
2026-01-01T14:10:00+00:00,t28_10,treatment,error_rate,0
2026-01-01T14:11:00+00:00,t28_11,treatment,conversion,0
2026-01-01T14:11:00+00:00,t28_11,treatment,error_rate,0
2026-01-01T14:12:00+00:00,t28_12,treatment,conversion,0
2026-01-01T14:12:00+00:00,t28_12,treatment,error_rate,0
2026-01-01T14:13:00+00:00,t28_13,treatment,conversion,1
2026-01-01T14:13:00+00:00,t28_13,treatment,error_rate,0
2026-01-01T14:14:00+00:00,t28_14,treatment,conversion,0
2026-01-01T14:14:00+00:00,t28_14,treatment,error_rate,0
2026-01-01T14:15:00+00:00,t28_15,treatment,conversion,0
2026-01-01T14:15:00+00:00,t28_15,treatment,error_rate,1
2026-01-01T14:16:00+00:00,t28_16,treatment,conversion,0
2026-01-01T14:16:00+00:00,t28_16,treatment,error_rate,0
2026-01-01T14:17:00+00:00,t28_17,treatment,conversion,0
2026-01-01T14:17:00+00:00,t28_17,treatment,error_rate,0
2026-01-01T14:18:00+00:00,t28_18,treatment,conversion,0
2026-01-01T14:18:00+00:00,t28_18,treatment,error_rate,0
2026-01-01T14:19:00+00:00,t28_19,treatment,conversion,0
2026-01-01T14:19:00+00:00,t28_19,treatment,error_rate,0
2026-01-01T14:20:00+00:00,t28_20,treatment,conversion,1
2026-01-01T14:20:00+00:00,t28_20,treatment,error_rate,0
2026-01-01T14:21:00+00:00,t28_21,treatment,conversion,0
2026-01-01T14:21:00+00:00,t28_21,treatment,error_rate,0
2026-01-01T14:22:00+00:00,t28_22,treatment,conversion,0
2026-01-01T14:22:00+00:00,t28_22,treatment,error_rate,1
2026-01-01T14:23:00+00:00,t28_23,treatment,conversion,1
2026-01-01T14:23:00+00:00,t28_23,treatment,error_rate,0
2026-01-01T14:24:00+00:00,t28_24,treatment,conversion,0
2026-01-01T14:24:00+00:00,t28_24,treatment,error_rate,0
2026-01-01T14:25:00+00:00,t28_25,treatment,conversion,0
2026-01-01T14:25:00+00:00,t28_25,treatment,error_rate,0
2026-01-01T14:26:00+00:00,t28_26,treatment,conversion,0
2026-01-01T14:26:00+00:00,t28_26,treatment,error_rate,0
2026-01-01T14:27:00+00:00,t28_27,treatment,conversion,0
2026-01-01T14:27:00+00:00,t28_27,treatment,error_rate,0
2026-01-01T14:28:00+00:00,t28_28,treatment,conversion,0
2026-01-01T14:28:00+00:00,t28_28,treatment,error_rate,0
2026-01-01T14:29:00+00:00,t28_29,treatment,conversion,0
2026-01-01T14:29:00+00:00,t28_29,treatment,error_rate,0
2026-01-01T14:30:00+00:00,c29_0,control,conversion,0
2026-01-01T14:30:00+00:00,c29_0,control,error_rate,0
2026-01-01T14:31:00+00:00,c29_1,control,conversion,0
2026-01-01T14:31:00+00:00,c29_1,control,error_rate,0
2026-01-01T14:32:00+00:00,c29_2,control,conversion,0
2026-01-01T14:32:00+00:00,c29_2,control,error_rate,0
2026-01-01T14:33:00+00:00,c29_3,control,conversion,0
2026-01-01T14:33:00+00:00,c29_3,control,error_rate,0
2026-01-01T14:34:00+00:00,c29_4,control,conversion,0
2026-01-01T14:34:00+00:00,c29_4,control,error_rate,0
2026-01-01T14:35:00+00:00,c29_5,control,conversion,0
2026-01-01T14:35:00+00:00,c29_5,control,error_rate,0
2026-01-01T14:36:00+00:00,c29_6,control,conversion,0
2026-01-01T14:36:00+00:00,c29_6,control,error_rate,1
2026-01-01T14:37:00+00:00,c29_7,control,conversion,0
2026-01-01T14:37:00+00:00,c29_7,control,error_rate,0
2026-01-01T14:38:00+00:00,c29_8,control,conversion,0
2026-01-01T14:38:00+00:00,c29_8,control,error_rate,1
2026-01-01T14:39:00+00:00,c29_9,control,conversion,0
2026-01-01T14:39:00+00:00,c29_9,control,error_rate,0
2026-01-01T14:40:00+00:00,c29_10,control,conversion,0
2026-01-01T14:40:00+00:00,c29_10,control,error_rate,0
2026-01-01T14:41:00+00:00,c29_11,control,conversion,0
2026-01-01T14:41:00+00:00,c29_11,control,error_rate,0
2026-01-01T14:42:00+00:00,c29_12,control,conversion,0
2026-01-01T14:42:00+00:00,c29_12,control,error_rate,0
2026-01-01T14:43:00+00:00,c29_13,control,conversion,0
2026-01-01T14:43:00+00:00,c29_13,control,error_rate,0
2026-01-01T14:44:00+00:00,c29_14,control,conversion,0
2026-01-01T14:44:00+00:00,c29_14,control,error_rate,0
2026-01-01T14:45:00+00:00,c29_15,control,conversion,0
2026-01-01T14:45:00+00:00,c29_15,control,error_rate,0
2026-01-01T14:46:00+00:00,c29_16,control,conversion,0
2026-01-01T14:46:00+00:00,c29_16,control,error_rate,0
2026-01-01T14:47:00+00:00,c29_17,control,conversion,0
2026-01-01T14:47:00+00:00,c29_17,control,error_rate,0
2026-01-01T14:48:00+00:00,c29_18,control,conversion,0
2026-01-01T14:48:00+00:00,c29_18,control,error_rate,0
2026-01-01T14:49:00+00:00,c29_19,control,conversion,0
2026-01-01T14:49:00+00:00,c29_19,control,error_rate,0
2026-01-01T14:50:00+00:00,c29_20,control,conversion,0
2026-01-01T14:50:00+00:00,c29_20,control,error_rate,1
2026-01-01T14:51:00+00:00,c29_21,control,conversion,0
2026-01-01T14:51:00+00:00,c29_21,control,error_rate,0
2026-01-01T14:52:00+00:00,c29_22,control,conversion,0
2026-01-01T14:52:00+00:00,c29_22,control,error_rate,0
2026-01-01T14:53:00+00:00,c29_23,control,conversion,0
2026-01-01T14:53:00+00:00,c29_23,control,error_rate,0
2026-01-01T14:54:00+00:00,c29_24,control,conversion,0
2026-01-01T14:54:00+00:00,c29_24,control,error_rate,0
2026-01-01T14:55:00+00:00,c29_25,control,conversion,1
2026-01-01T14:55:00+00:00,c29_25,control,error_rate,0
2026-01-01T14:56:00+00:00,c29_26,control,conversion,0
2026-01-01T14:56:00+00:00,c29_26,control,error_rate,0
2026-01-01T14:57:00+00:00,c29_27,control,conversion,1
2026-01-01T14:57:00+00:00,c29_27,control,error_rate,0
2026-01-01T14:58:00+00:00,c29_28,control,conversion,0
2026-01-01T14:58:00+00:00,c29_28,control,error_rate,0
2026-01-01T14:59:00+00:00,c29_29,control,conversion,1
2026-01-01T14:59:00+00:00,c29_29,control,error_rate,0
2026-01-01T14:30:00+00:00,t29_0,treatment,conversion,0
2026-01-01T14:30:00+00:00,t29_0,treatment,error_rate,0
2026-01-01T14:31:00+00:00,t29_1,treatment,conversion,0
2026-01-01T14:31:00+00:00,t29_1,treatment,error_rate,0
2026-01-01T14:32:00+00:00,t29_2,treatment,conversion,0
2026-01-01T14:32:00+00:00,t29_2,treatment,error_rate,0
2026-01-01T14:33:00+00:00,t29_3,treatment,conversion,0
2026-01-01T14:33:00+00:00,t29_3,treatment,error_rate,0
2026-01-01T14:34:00+00:00,t29_4,treatment,conversion,0
2026-01-01T14:34:00+00:00,t29_4,treatment,error_rate,0
2026-01-01T14:35:00+00:00,t29_5,treatment,conversion,1
2026-01-01T14:35:00+00:00,t29_5,treatment,error_rate,0
2026-01-01T14:36:00+00:00,t29_6,treatment,conversion,0
2026-01-01T14:36:00+00:00,t29_6,treatment,error_rate,0
2026-01-01T14:37:00+00:00,t29_7,treatment,conversion,0
2026-01-01T14:37:00+00:00,t29_7,treatment,error_rate,0
2026-01-01T14:38:00+00:00,t29_8,treatment,conversion,0
2026-01-01T14:38:00+00:00,t29_8,treatment,error_rate,0
2026-01-01T14:39:00+00:00,t29_9,treatment,conversion,0
2026-01-01T14:39:00+00:00,t29_9,treatment,error_rate,0
2026-01-01T14:40:00+00:00,t29_10,treatment,conversion,0
2026-01-01T14:40:00+00:00,t29_10,treatment,error_rate,0
2026-01-01T14:41:00+00:00,t29_11,treatment,conversion,0
2026-01-01T14:41:00+00:00,t29_11,treatment,error_rate,0
2026-01-01T14:42:00+00:00,t29_12,treatment,conversion,0
2026-01-01T14:42:00+00:00,t29_12,treatment,error_rate,0
2026-01-01T14:43:00+00:00,t29_13,treatment,conversion,0
2026-01-01T14:43:00+00:00,t29_13,treatment,error_rate,1
2026-01-01T14:44:00+00:00,t29_14,treatment,conversion,0
2026-01-01T14:44:00+00:00,t29_14,treatment,error_rate,0
2026-01-01T14:45:00+00:00,t29_15,treatment,conversion,0
2026-01-01T14:45:00+00:00,t29_15,treatment,error_rate,0
2026-01-01T14:46:00+00:00,t29_16,treatment,conversion,0
2026-01-01T14:46:00+00:00,t29_16,treatment,error_rate,0
2026-01-01T14:47:00+00:00,t29_17,treatment,conversion,0
2026-01-01T14:47:00+00:00,t29_17,treatment,error_rate,0
2026-01-01T14:48:00+00:00,t29_18,treatment,conversion,0
2026-01-01T14:48:00+00:00,t29_18,treatment,error_rate,0
2026-01-01T14:49:00+00:00,t29_19,treatment,conversion,0
2026-01-01T14:49:00+00:00,t29_19,treatment,error_rate,0
2026-01-01T14:50:00+00:00,t29_20,treatment,conversion,0
2026-01-01T14:50:00+00:00,t29_20,treatment,error_rate,1
2026-01-01T14:51:00+00:00,t29_21,treatment,conversion,0
2026-01-01T14:51:00+00:00,t29_21,treatment,error_rate,0
2026-01-01T14:52:00+00:00,t29_22,treatment,conversion,0
2026-01-01T14:52:00+00:00,t29_22,treatment,error_rate,0
2026-01-01T14:53:00+00:00,t29_23,treatment,conversion,1
2026-01-01T14:53:00+00:00,t29_23,treatment,error_rate,0
2026-01-01T14:54:00+00:00,t29_24,treatment,conversion,0
2026-01-01T14:54:00+00:00,t29_24,treatment,error_rate,0
2026-01-01T14:55:00+00:00,t29_25,treatment,conversion,1
2026-01-01T14:55:00+00:00,t29_25,treatment,error_rate,0
2026-01-01T14:56:00+00:00,t29_26,treatment,conversion,0
2026-01-01T14:56:00+00:00,t29_26,treatment,error_rate,1
2026-01-01T14:57:00+00:00,t29_27,treatment,conversion,0
2026-01-01T14:57:00+00:00,t29_27,treatment,error_rate,0
2026-01-01T14:58:00+00:00,t29_28,treatment,conversion,0
2026-01-01T14:58:00+00:00,t29_28,treatment,error_rate,0
2026-01-01T14:59:00+00:00,t29_29,treatment,conversion,0
2026-01-01T14:59:00+00:00,t29_29,treatment,error_rate,0
2026-01-01T15:00:00+00:00,c30_0,control,conversion,0
2026-01-01T15:00:00+00:00,c30_0,control,error_rate,0
2026-01-01T15:01:00+00:00,c30_1,control,conversion,0
2026-01-01T15:01:00+00:00,c30_1,control,error_rate,0
2026-01-01T15:02:00+00:00,c30_2,control,conversion,0
2026-01-01T15:02:00+00:00,c30_2,control,error_rate,0
2026-01-01T15:03:00+00:00,c30_3,control,conversion,0
2026-01-01T15:03:00+00:00,c30_3,control,error_rate,0
2026-01-01T15:04:00+00:00,c30_4,control,conversion,0
2026-01-01T15:04:00+00:00,c30_4,control,error_rate,0
2026-01-01T15:05:00+00:00,c30_5,control,conversion,0
2026-01-01T15:05:00+00:00,c30_5,control,error_rate,0
2026-01-01T15:06:00+00:00,c30_6,control,conversion,0
2026-01-01T15:06:00+00:00,c30_6,control,error_rate,0
2026-01-01T15:07:00+00:00,c30_7,control,conversion,0
2026-01-01T15:07:00+00:00,c30_7,control,error_rate,0
2026-01-01T15:08:00+00:00,c30_8,control,conversion,0
2026-01-01T15:08:00+00:00,c30_8,control,error_rate,0
2026-01-01T15:09:00+00:00,c30_9,control,conversion,0
2026-01-01T15:09:00+00:00,c30_9,control,error_rate,0
2026-01-01T15:10:00+00:00,c30_10,control,conversion,0
2026-01-01T15:10:00+00:00,c30_10,control,error_rate,0
2026-01-01T15:11:00+00:00,c30_11,control,conversion,0
2026-01-01T15:11:00+00:00,c30_11,control,error_rate,0
2026-01-01T15:12:00+00:00,c30_12,control,conversion,0
2026-01-01T15:12:00+00:00,c30_12,control,error_rate,0
2026-01-01T15:13:00+00:00,c30_13,control,conversion,0
2026-01-01T15:13:00+00:00,c30_13,control,error_rate,0
2026-01-01T15:14:00+00:00,c30_14,control,conversion,0
2026-01-01T15:14:00+00:00,c30_14,control,error_rate,0
2026-01-01T15:15:00+00:00,c30_15,control,conversion,0
2026-01-01T15:15:00+00:00,c30_15,control,error_rate,0
2026-01-01T15:16:00+00:00,c30_16,control,conversion,0
2026-01-01T15:16:00+00:00,c30_16,control,error_rate,0
2026-01-01T15:17:00+00:00,c30_17,control,conversion,0
2026-01-01T15:17:00+00:00,c30_17,control,error_rate,0
2026-01-01T15:18:00+00:00,c30_18,control,conversion,0
2026-01-01T15:18:00+00:00,c30_18,control,error_rate,0
2026-01-01T15:19:00+00:00,c30_19,control,conversion,0
2026-01-01T15:19:00+00:00,c30_19,control,error_rate,0
2026-01-01T15:20:00+00:00,c30_20,control,conversion,0
2026-01-01T15:20:00+00:00,c30_20,control,error_rate,0
2026-01-01T15:21:00+00:00,c30_21,control,conversion,0
2026-01-01T15:21:00+00:00,c30_21,control,error_rate,1
2026-01-01T15:22:00+00:00,c30_22,control,conversion,0
2026-01-01T15:22:00+00:00,c30_22,control,error_rate,0
2026-01-01T15:23:00+00:00,c30_23,control,conversion,0
2026-01-01T15:23:00+00:00,c30_23,control,error_rate,0
2026-01-01T15:24:00+00:00,c30_24,control,conversion,1
2026-01-01T15:24:00+00:00,c30_24,control,error_rate,0
2026-01-01T15:25:00+00:00,c30_25,control,conversion,0
2026-01-01T15:25:00+00:00,c30_25,control,error_rate,0
2026-01-01T15:26:00+00:00,c30_26,control,conversion,0
2026-01-01T15:26:00+00:00,c30_26,control,error_rate,0
2026-01-01T15:27:00+00:00,c30_27,control,conversion,0
2026-01-01T15:27:00+00:00,c30_27,control,error_rate,0
2026-01-01T15:28:00+00:00,c30_28,control,conversion,0
2026-01-01T15:28:00+00:00,c30_28,control,error_rate,0
2026-01-01T15:29:00+00:00,c30_29,control,conversion,0
2026-01-01T15:29:00+00:00,c30_29,control,error_rate,0
2026-01-01T15:00:00+00:00,t30_0,treatment,conversion,0
2026-01-01T15:00:00+00:00,t30_0,treatment,error_rate,1
2026-01-01T15:01:00+00:00,t30_1,treatment,conversion,0
2026-01-01T15:01:00+00:00,t30_1,treatment,error_rate,0
2026-01-01T15:02:00+00:00,t30_2,treatment,conversion,0
2026-01-01T15:02:00+00:00,t30_2,treatment,error_rate,0
2026-01-01T15:03:00+00:00,t30_3,treatment,conversion,0
2026-01-01T15:03:00+00:00,t30_3,treatment,error_rate,0
2026-01-01T15:04:00+00:00,t30_4,treatment,conversion,0
2026-01-01T15:04:00+00:00,t30_4,treatment,error_rate,0
2026-01-01T15:05:00+00:00,t30_5,treatment,conversion,0
2026-01-01T15:05:00+00:00,t30_5,treatment,error_rate,0
2026-01-01T15:06:00+00:00,t30_6,treatment,conversion,0
2026-01-01T15:06:00+00:00,t30_6,treatment,error_rate,0
2026-01-01T15:07:00+00:00,t30_7,treatment,conversion,0
2026-01-01T15:07:00+00:00,t30_7,treatment,error_rate,0
2026-01-01T15:08:00+00:00,t30_8,treatment,conversion,0
2026-01-01T15:08:00+00:00,t30_8,treatment,error_rate,0
2026-01-01T15:09:00+00:00,t30_9,treatment,conversion,0
2026-01-01T15:09:00+00:00,t30_9,treatment,error_rate,0
2026-01-01T15:10:00+00:00,t30_10,treatment,conversion,0
2026-01-01T15:10:00+00:00,t30_10,treatment,error_rate,0
2026-01-01T15:11:00+00:00,t30_11,treatment,conversion,0
2026-01-01T15:11:00+00:00,t30_11,treatment,error_rate,0
2026-01-01T15:12:00+00:00,t30_12,treatment,conversion,0
2026-01-01T15:12:00+00:00,t30_12,treatment,error_rate,0
2026-01-01T15:13:00+00:00,t30_13,treatment,conversion,0
2026-01-01T15:13:00+00:00,t30_13,treatment,error_rate,0
2026-01-01T15:14:00+00:00,t30_14,treatment,conversion,0
2026-01-01T15:14:00+00:00,t30_14,treatment,error_rate,0
2026-01-01T15:15:00+00:00,t30_15,treatment,conversion,0
2026-01-01T15:15:00+00:00,t30_15,treatment,error_rate,0
2026-01-01T15:16:00+00:00,t30_16,treatment,conversion,0
2026-01-01T15:16:00+00:00,t30_16,treatment,error_rate,0
2026-01-01T15:17:00+00:00,t30_17,treatment,conversion,1
2026-01-01T15:17:00+00:00,t30_17,treatment,error_rate,0
2026-01-01T15:18:00+00:00,t30_18,treatment,conversion,0
2026-01-01T15:18:00+00:00,t30_18,treatment,error_rate,0
2026-01-01T15:19:00+00:00,t30_19,treatment,conversion,1
2026-01-01T15:19:00+00:00,t30_19,treatment,error_rate,0
2026-01-01T15:20:00+00:00,t30_20,treatment,conversion,0
2026-01-01T15:20:00+00:00,t30_20,treatment,error_rate,0
2026-01-01T15:21:00+00:00,t30_21,treatment,conversion,0
2026-01-01T15:21:00+00:00,t30_21,treatment,error_rate,0
2026-01-01T15:22:00+00:00,t30_22,treatment,conversion,0
2026-01-01T15:22:00+00:00,t30_22,treatment,error_rate,0
2026-01-01T15:23:00+00:00,t30_23,treatment,conversion,1
2026-01-01T15:23:00+00:00,t30_23,treatment,error_rate,1
2026-01-01T15:24:00+00:00,t30_24,treatment,conversion,0
2026-01-01T15:24:00+00:00,t30_24,treatment,error_rate,0
2026-01-01T15:25:00+00:00,t30_25,treatment,conversion,0
2026-01-01T15:25:00+00:00,t30_25,treatment,error_rate,0
2026-01-01T15:26:00+00:00,t30_26,treatment,conversion,0
2026-01-01T15:26:00+00:00,t30_26,treatment,error_rate,0
2026-01-01T15:27:00+00:00,t30_27,treatment,conversion,1
2026-01-01T15:27:00+00:00,t30_27,treatment,error_rate,1
2026-01-01T15:28:00+00:00,t30_28,treatment,conversion,0
2026-01-01T15:28:00+00:00,t30_28,treatment,error_rate,0
2026-01-01T15:29:00+00:00,t30_29,treatment,conversion,0
2026-01-01T15:29:00+00:00,t30_29,treatment,error_rate,0
2026-01-01T15:30:00+00:00,c31_0,control,conversion,0
2026-01-01T15:30:00+00:00,c31_0,control,error_rate,0
2026-01-01T15:31:00+00:00,c31_1,control,conversion,0
2026-01-01T15:31:00+00:00,c31_1,control,error_rate,0
2026-01-01T15:32:00+00:00,c31_2,control,conversion,0
2026-01-01T15:32:00+00:00,c31_2,control,error_rate,0
2026-01-01T15:33:00+00:00,c31_3,control,conversion,1
2026-01-01T15:33:00+00:00,c31_3,control,error_rate,0
2026-01-01T15:34:00+00:00,c31_4,control,conversion,0
2026-01-01T15:34:00+00:00,c31_4,control,error_rate,0
2026-01-01T15:35:00+00:00,c31_5,control,conversion,1
2026-01-01T15:35:00+00:00,c31_5,control,error_rate,1
2026-01-01T15:36:00+00:00,c31_6,control,conversion,1
2026-01-01T15:36:00+00:00,c31_6,control,error_rate,0
2026-01-01T15:37:00+00:00,c31_7,control,conversion,0
2026-01-01T15:37:00+00:00,c31_7,control,error_rate,0
2026-01-01T15:38:00+00:00,c31_8,control,conversion,0
2026-01-01T15:38:00+00:00,c31_8,control,error_rate,1
2026-01-01T15:39:00+00:00,c31_9,control,conversion,0
2026-01-01T15:39:00+00:00,c31_9,control,error_rate,0
2026-01-01T15:40:00+00:00,c31_10,control,conversion,0
2026-01-01T15:40:00+00:00,c31_10,control,error_rate,0
2026-01-01T15:41:00+00:00,c31_11,control,conversion,1
2026-01-01T15:41:00+00:00,c31_11,control,error_rate,0
2026-01-01T15:42:00+00:00,c31_12,control,conversion,0
2026-01-01T15:42:00+00:00,c31_12,control,error_rate,0
2026-01-01T15:43:00+00:00,c31_13,control,conversion,0
2026-01-01T15:43:00+00:00,c31_13,control,error_rate,0
2026-01-01T15:44:00+00:00,c31_14,control,conversion,0
2026-01-01T15:44:00+00:00,c31_14,control,error_rate,0
2026-01-01T15:45:00+00:00,c31_15,control,conversion,0
2026-01-01T15:45:00+00:00,c31_15,control,error_rate,0
2026-01-01T15:46:00+00:00,c31_16,control,conversion,0
2026-01-01T15:46:00+00:00,c31_16,control,error_rate,0
2026-01-01T15:47:00+00:00,c31_17,control,conversion,0
2026-01-01T15:47:00+00:00,c31_17,control,error_rate,0
2026-01-01T15:48:00+00:00,c31_18,control,conversion,0
2026-01-01T15:48:00+00:00,c31_18,control,error_rate,0
2026-01-01T15:49:00+00:00,c31_19,control,conversion,0
2026-01-01T15:49:00+00:00,c31_19,control,error_rate,0
2026-01-01T15:50:00+00:00,c31_20,control,conversion,1
2026-01-01T15:50:00+00:00,c31_20,control,error_rate,0
2026-01-01T15:51:00+00:00,c31_21,control,conversion,0
2026-01-01T15:51:00+00:00,c31_21,control,error_rate,0
2026-01-01T15:52:00+00:00,c31_22,control,conversion,0
2026-01-01T15:52:00+00:00,c31_22,control,error_rate,0
2026-01-01T15:53:00+00:00,c31_23,control,conversion,0
2026-01-01T15:53:00+00:00,c31_23,control,error_rate,0
2026-01-01T15:54:00+00:00,c31_24,control,conversion,0
2026-01-01T15:54:00+00:00,c31_24,control,error_rate,0
2026-01-01T15:55:00+00:00,c31_25,control,conversion,0
2026-01-01T15:55:00+00:00,c31_25,control,error_rate,0
2026-01-01T15:56:00+00:00,c31_26,control,conversion,0
2026-01-01T15:56:00+00:00,c31_26,control,error_rate,0
2026-01-01T15:57:00+00:00,c31_27,control,conversion,0
2026-01-01T15:57:00+00:00,c31_27,control,error_rate,0
2026-01-01T15:58:00+00:00,c31_28,control,conversion,0
2026-01-01T15:58:00+00:00,c31_28,control,error_rate,0
2026-01-01T15:59:00+00:00,c31_29,control,conversion,0
2026-01-01T15:59:00+00:00,c31_29,control,error_rate,0
2026-01-01T15:30:00+00:00,t31_0,treatment,conversion,0
2026-01-01T15:30:00+00:00,t31_0,treatment,error_rate,0
2026-01-01T15:31:00+00:00,t31_1,treatment,conversion,1
2026-01-01T15:31:00+00:00,t31_1,treatment,error_rate,0
2026-01-01T15:32:00+00:00,t31_2,treatment,conversion,0
2026-01-01T15:32:00+00:00,t31_2,treatment,error_rate,0
2026-01-01T15:33:00+00:00,t31_3,treatment,conversion,0
2026-01-01T15:33:00+00:00,t31_3,treatment,error_rate,0
2026-01-01T15:34:00+00:00,t31_4,treatment,conversion,0
2026-01-01T15:34:00+00:00,t31_4,treatment,error_rate,0
2026-01-01T15:35:00+00:00,t31_5,treatment,conversion,1
2026-01-01T15:35:00+00:00,t31_5,treatment,error_rate,1
2026-01-01T15:36:00+00:00,t31_6,treatment,conversion,1
2026-01-01T15:36:00+00:00,t31_6,treatment,error_rate,0
2026-01-01T15:37:00+00:00,t31_7,treatment,conversion,0
2026-01-01T15:37:00+00:00,t31_7,treatment,error_rate,1
2026-01-01T15:38:00+00:00,t31_8,treatment,conversion,0
2026-01-01T15:38:00+00:00,t31_8,treatment,error_rate,0
2026-01-01T15:39:00+00:00,t31_9,treatment,conversion,0
2026-01-01T15:39:00+00:00,t31_9,treatment,error_rate,0
2026-01-01T15:40:00+00:00,t31_10,treatment,conversion,0
2026-01-01T15:40:00+00:00,t31_10,treatment,error_rate,0
2026-01-01T15:41:00+00:00,t31_11,treatment,conversion,0
2026-01-01T15:41:00+00:00,t31_11,treatment,error_rate,0
2026-01-01T15:42:00+00:00,t31_12,treatment,conversion,0
2026-01-01T15:42:00+00:00,t31_12,treatment,error_rate,0
2026-01-01T15:43:00+00:00,t31_13,treatment,conversion,0
2026-01-01T15:43:00+00:00,t31_13,treatment,error_rate,0
2026-01-01T15:44:00+00:00,t31_14,treatment,conversion,0
2026-01-01T15:44:00+00:00,t31_14,treatment,error_rate,0
2026-01-01T15:45:00+00:00,t31_15,treatment,conversion,0
2026-01-01T15:45:00+00:00,t31_15,treatment,error_rate,0
2026-01-01T15:46:00+00:00,t31_16,treatment,conversion,0
2026-01-01T15:46:00+00:00,t31_16,treatment,error_rate,0
2026-01-01T15:47:00+00:00,t31_17,treatment,conversion,1
2026-01-01T15:47:00+00:00,t31_17,treatment,error_rate,0
2026-01-01T15:48:00+00:00,t31_18,treatment,conversion,0
2026-01-01T15:48:00+00:00,t31_18,treatment,error_rate,0
2026-01-01T15:49:00+00:00,t31_19,treatment,conversion,0
2026-01-01T15:49:00+00:00,t31_19,treatment,error_rate,0
2026-01-01T15:50:00+00:00,t31_20,treatment,conversion,1
2026-01-01T15:50:00+00:00,t31_20,treatment,error_rate,0
2026-01-01T15:51:00+00:00,t31_21,treatment,conversion,0
2026-01-01T15:51:00+00:00,t31_21,treatment,error_rate,0
2026-01-01T15:52:00+00:00,t31_22,treatment,conversion,0
2026-01-01T15:52:00+00:00,t31_22,treatment,error_rate,0
2026-01-01T15:53:00+00:00,t31_23,treatment,conversion,0
2026-01-01T15:53:00+00:00,t31_23,treatment,error_rate,0
2026-01-01T15:54:00+00:00,t31_24,treatment,conversion,0
2026-01-01T15:54:00+00:00,t31_24,treatment,error_rate,0
2026-01-01T15:55:00+00:00,t31_25,treatment,conversion,0
2026-01-01T15:55:00+00:00,t31_25,treatment,error_rate,0
2026-01-01T15:56:00+00:00,t31_26,treatment,conversion,0
2026-01-01T15:56:00+00:00,t31_26,treatment,error_rate,0
2026-01-01T15:57:00+00:00,t31_27,treatment,conversion,0
2026-01-01T15:57:00+00:00,t31_27,treatment,error_rate,0
2026-01-01T15:58:00+00:00,t31_28,treatment,conversion,0
2026-01-01T15:58:00+00:00,t31_28,treatment,error_rate,0
2026-01-01T15:59:00+00:00,t31_29,treatment,conversion,0
2026-01-01T15:59:00+00:00,t31_29,treatment,error_rate,0
2026-01-01T16:00:00+00:00,c32_0,control,conversion,0
2026-01-01T16:00:00+00:00,c32_0,control,error_rate,0
2026-01-01T16:01:00+00:00,c32_1,control,conversion,0
2026-01-01T16:01:00+00:00,c32_1,control,error_rate,0
2026-01-01T16:02:00+00:00,c32_2,control,conversion,0
2026-01-01T16:02:00+00:00,c32_2,control,error_rate,0
2026-01-01T16:03:00+00:00,c32_3,control,conversion,0
2026-01-01T16:03:00+00:00,c32_3,control,error_rate,0
2026-01-01T16:04:00+00:00,c32_4,control,conversion,0
2026-01-01T16:04:00+00:00,c32_4,control,error_rate,0
2026-01-01T16:05:00+00:00,c32_5,control,conversion,0
2026-01-01T16:05:00+00:00,c32_5,control,error_rate,1
2026-01-01T16:06:00+00:00,c32_6,control,conversion,0
2026-01-01T16:06:00+00:00,c32_6,control,error_rate,0
2026-01-01T16:07:00+00:00,c32_7,control,conversion,1
2026-01-01T16:07:00+00:00,c32_7,control,error_rate,0
2026-01-01T16:08:00+00:00,c32_8,control,conversion,1
2026-01-01T16:08:00+00:00,c32_8,control,error_rate,0
2026-01-01T16:09:00+00:00,c32_9,control,conversion,0
2026-01-01T16:09:00+00:00,c32_9,control,error_rate,0
2026-01-01T16:10:00+00:00,c32_10,control,conversion,0
2026-01-01T16:10:00+00:00,c32_10,control,error_rate,0
2026-01-01T16:11:00+00:00,c32_11,control,conversion,0
2026-01-01T16:11:00+00:00,c32_11,control,error_rate,1
2026-01-01T16:12:00+00:00,c32_12,control,conversion,0
2026-01-01T16:12:00+00:00,c32_12,control,error_rate,0
2026-01-01T16:13:00+00:00,c32_13,control,conversion,0
2026-01-01T16:13:00+00:00,c32_13,control,error_rate,0
2026-01-01T16:14:00+00:00,c32_14,control,conversion,0
2026-01-01T16:14:00+00:00,c32_14,control,error_rate,0
2026-01-01T16:15:00+00:00,c32_15,control,conversion,0
2026-01-01T16:15:00+00:00,c32_15,control,error_rate,0
2026-01-01T16:16:00+00:00,c32_16,control,conversion,0
2026-01-01T16:16:00+00:00,c32_16,control,error_rate,0
2026-01-01T16:17:00+00:00,c32_17,control,conversion,0
2026-01-01T16:17:00+00:00,c32_17,control,error_rate,0
2026-01-01T16:18:00+00:00,c32_18,control,conversion,1
2026-01-01T16:18:00+00:00,c32_18,control,error_rate,0
2026-01-01T16:19:00+00:00,c32_19,control,conversion,1
2026-01-01T16:19:00+00:00,c32_19,control,error_rate,0
2026-01-01T16:20:00+00:00,c32_20,control,conversion,1
2026-01-01T16:20:00+00:00,c32_20,control,error_rate,0
2026-01-01T16:21:00+00:00,c32_21,control,conversion,0
2026-01-01T16:21:00+00:00,c32_21,control,error_rate,0
2026-01-01T16:22:00+00:00,c32_22,control,conversion,1
2026-01-01T16:22:00+00:00,c32_22,control,error_rate,0
2026-01-01T16:23:00+00:00,c32_23,control,conversion,0
2026-01-01T16:23:00+00:00,c32_23,control,error_rate,0
2026-01-01T16:24:00+00:00,c32_24,control,conversion,0
2026-01-01T16:24:00+00:00,c32_24,control,error_rate,0
2026-01-01T16:25:00+00:00,c32_25,control,conversion,0
2026-01-01T16:25:00+00:00,c32_25,control,error_rate,0
2026-01-01T16:26:00+00:00,c32_26,control,conversion,1
2026-01-01T16:26:00+00:00,c32_26,control,error_rate,0
2026-01-01T16:27:00+00:00,c32_27,control,conversion,1
2026-01-01T16:27:00+00:00,c32_27,control,error_rate,0
2026-01-01T16:28:00+00:00,c32_28,control,conversion,1
2026-01-01T16:28:00+00:00,c32_28,control,error_rate,0
2026-01-01T16:29:00+00:00,c32_29,control,conversion,0
2026-01-01T16:29:00+00:00,c32_29,control,error_rate,0
2026-01-01T16:00:00+00:00,t32_0,treatment,conversion,0
2026-01-01T16:00:00+00:00,t32_0,treatment,error_rate,0
2026-01-01T16:01:00+00:00,t32_1,treatment,conversion,0
2026-01-01T16:01:00+00:00,t32_1,treatment,error_rate,0
2026-01-01T16:02:00+00:00,t32_2,treatment,conversion,0
2026-01-01T16:02:00+00:00,t32_2,treatment,error_rate,0
2026-01-01T16:03:00+00:00,t32_3,treatment,conversion,0
2026-01-01T16:03:00+00:00,t32_3,treatment,error_rate,0
2026-01-01T16:04:00+00:00,t32_4,treatment,conversion,0
2026-01-01T16:04:00+00:00,t32_4,treatment,error_rate,0
2026-01-01T16:05:00+00:00,t32_5,treatment,conversion,1
2026-01-01T16:05:00+00:00,t32_5,treatment,error_rate,1
2026-01-01T16:06:00+00:00,t32_6,treatment,conversion,0
2026-01-01T16:06:00+00:00,t32_6,treatment,error_rate,0
2026-01-01T16:07:00+00:00,t32_7,treatment,conversion,1
2026-01-01T16:07:00+00:00,t32_7,treatment,error_rate,1
2026-01-01T16:08:00+00:00,t32_8,treatment,conversion,1
2026-01-01T16:08:00+00:00,t32_8,treatment,error_rate,0
2026-01-01T16:09:00+00:00,t32_9,treatment,conversion,1
2026-01-01T16:09:00+00:00,t32_9,treatment,error_rate,0
2026-01-01T16:10:00+00:00,t32_10,treatment,conversion,0
2026-01-01T16:10:00+00:00,t32_10,treatment,error_rate,1
2026-01-01T16:11:00+00:00,t32_11,treatment,conversion,0
2026-01-01T16:11:00+00:00,t32_11,treatment,error_rate,0
2026-01-01T16:12:00+00:00,t32_12,treatment,conversion,0
2026-01-01T16:12:00+00:00,t32_12,treatment,error_rate,0
2026-01-01T16:13:00+00:00,t32_13,treatment,conversion,0
2026-01-01T16:13:00+00:00,t32_13,treatment,error_rate,0
2026-01-01T16:14:00+00:00,t32_14,treatment,conversion,1
2026-01-01T16:14:00+00:00,t32_14,treatment,error_rate,0
2026-01-01T16:15:00+00:00,t32_15,treatment,conversion,0
2026-01-01T16:15:00+00:00,t32_15,treatment,error_rate,0
2026-01-01T16:16:00+00:00,t32_16,treatment,conversion,1
2026-01-01T16:16:00+00:00,t32_16,treatment,error_rate,0
2026-01-01T16:17:00+00:00,t32_17,treatment,conversion,0
2026-01-01T16:17:00+00:00,t32_17,treatment,error_rate,0
2026-01-01T16:18:00+00:00,t32_18,treatment,conversion,1
2026-01-01T16:18:00+00:00,t32_18,treatment,error_rate,0
2026-01-01T16:19:00+00:00,t32_19,treatment,conversion,0
2026-01-01T16:19:00+00:00,t32_19,treatment,error_rate,0
2026-01-01T16:20:00+00:00,t32_20,treatment,conversion,1
2026-01-01T16:20:00+00:00,t32_20,treatment,error_rate,0
2026-01-01T16:21:00+00:00,t32_21,treatment,conversion,0
2026-01-01T16:21:00+00:00,t32_21,treatment,error_rate,0
2026-01-01T16:22:00+00:00,t32_22,treatment,conversion,0
2026-01-01T16:22:00+00:00,t32_22,treatment,error_rate,0
2026-01-01T16:23:00+00:00,t32_23,treatment,conversion,0
2026-01-01T16:23:00+00:00,t32_23,treatment,error_rate,0
2026-01-01T16:24:00+00:00,t32_24,treatment,conversion,0
2026-01-01T16:24:00+00:00,t32_24,treatment,error_rate,0
2026-01-01T16:25:00+00:00,t32_25,treatment,conversion,0
2026-01-01T16:25:00+00:00,t32_25,treatment,error_rate,0
2026-01-01T16:26:00+00:00,t32_26,treatment,conversion,0
2026-01-01T16:26:00+00:00,t32_26,treatment,error_rate,1
2026-01-01T16:27:00+00:00,t32_27,treatment,conversion,0
2026-01-01T16:27:00+00:00,t32_27,treatment,error_rate,0
2026-01-01T16:28:00+00:00,t32_28,treatment,conversion,1
2026-01-01T16:28:00+00:00,t32_28,treatment,error_rate,0
2026-01-01T16:29:00+00:00,t32_29,treatment,conversion,0
2026-01-01T16:29:00+00:00,t32_29,treatment,error_rate,0
2026-01-01T16:30:00+00:00,c33_0,control,conversion,0
2026-01-01T16:30:00+00:00,c33_0,control,error_rate,0
2026-01-01T16:31:00+00:00,c33_1,control,conversion,0
2026-01-01T16:31:00+00:00,c33_1,control,error_rate,0
2026-01-01T16:32:00+00:00,c33_2,control,conversion,0
2026-01-01T16:32:00+00:00,c33_2,control,error_rate,0
2026-01-01T16:33:00+00:00,c33_3,control,conversion,0
2026-01-01T16:33:00+00:00,c33_3,control,error_rate,0
2026-01-01T16:34:00+00:00,c33_4,control,conversion,0
2026-01-01T16:34:00+00:00,c33_4,control,error_rate,0
2026-01-01T16:35:00+00:00,c33_5,control,conversion,0
2026-01-01T16:35:00+00:00,c33_5,control,error_rate,1
2026-01-01T16:36:00+00:00,c33_6,control,conversion,0
2026-01-01T16:36:00+00:00,c33_6,control,error_rate,0
2026-01-01T16:37:00+00:00,c33_7,control,conversion,0
2026-01-01T16:37:00+00:00,c33_7,control,error_rate,0
2026-01-01T16:38:00+00:00,c33_8,control,conversion,0
2026-01-01T16:38:00+00:00,c33_8,control,error_rate,0
2026-01-01T16:39:00+00:00,c33_9,control,conversion,0
2026-01-01T16:39:00+00:00,c33_9,control,error_rate,0
2026-01-01T16:40:00+00:00,c33_10,control,conversion,0
2026-01-01T16:40:00+00:00,c33_10,control,error_rate,0
2026-01-01T16:41:00+00:00,c33_11,control,conversion,0
2026-01-01T16:41:00+00:00,c33_11,control,error_rate,0
2026-01-01T16:42:00+00:00,c33_12,control,conversion,0
2026-01-01T16:42:00+00:00,c33_12,control,error_rate,0
2026-01-01T16:43:00+00:00,c33_13,control,conversion,0
2026-01-01T16:43:00+00:00,c33_13,control,error_rate,0
2026-01-01T16:44:00+00:00,c33_14,control,conversion,0
2026-01-01T16:44:00+00:00,c33_14,control,error_rate,0
2026-01-01T16:45:00+00:00,c33_15,control,conversion,0
2026-01-01T16:45:00+00:00,c33_15,control,error_rate,0
2026-01-01T16:46:00+00:00,c33_16,control,conversion,0
2026-01-01T16:46:00+00:00,c33_16,control,error_rate,0
2026-01-01T16:47:00+00:00,c33_17,control,conversion,0
2026-01-01T16:47:00+00:00,c33_17,control,error_rate,0
2026-01-01T16:48:00+00:00,c33_18,control,conversion,0
2026-01-01T16:48:00+00:00,c33_18,control,error_rate,0
2026-01-01T16:49:00+00:00,c33_19,control,conversion,0
2026-01-01T16:49:00+00:00,c33_19,control,error_rate,0
2026-01-01T16:50:00+00:00,c33_20,control,conversion,0
2026-01-01T16:50:00+00:00,c33_20,control,error_rate,0
2026-01-01T16:51:00+00:00,c33_21,control,conversion,0
2026-01-01T16:51:00+00:00,c33_21,control,error_rate,0
2026-01-01T16:52:00+00:00,c33_22,control,conversion,0
2026-01-01T16:52:00+00:00,c33_22,control,error_rate,0
2026-01-01T16:53:00+00:00,c33_23,control,conversion,0
2026-01-01T16:53:00+00:00,c33_23,control,error_rate,0
2026-01-01T16:54:00+00:00,c33_24,control,conversion,0
2026-01-01T16:54:00+00:00,c33_24,control,error_rate,0
2026-01-01T16:55:00+00:00,c33_25,control,conversion,0
2026-01-01T16:55:00+00:00,c33_25,control,error_rate,0
2026-01-01T16:56:00+00:00,c33_26,control,conversion,0
2026-01-01T16:56:00+00:00,c33_26,control,error_rate,0
2026-01-01T16:57:00+00:00,c33_27,control,conversion,0
2026-01-01T16:57:00+00:00,c33_27,control,error_rate,0
2026-01-01T16:58:00+00:00,c33_28,control,conversion,0
2026-01-01T16:58:00+00:00,c33_28,control,error_rate,0
2026-01-01T16:59:00+00:00,c33_29,control,conversion,0
2026-01-01T16:59:00+00:00,c33_29,control,error_rate,0
2026-01-01T16:30:00+00:00,t33_0,treatment,conversion,1
2026-01-01T16:30:00+00:00,t33_0,treatment,error_rate,0
2026-01-01T16:31:00+00:00,t33_1,treatment,conversion,0
2026-01-01T16:31:00+00:00,t33_1,treatment,error_rate,0
2026-01-01T16:32:00+00:00,t33_2,treatment,conversion,0
2026-01-01T16:32:00+00:00,t33_2,treatment,error_rate,0
2026-01-01T16:33:00+00:00,t33_3,treatment,conversion,0
2026-01-01T16:33:00+00:00,t33_3,treatment,error_rate,0
2026-01-01T16:34:00+00:00,t33_4,treatment,conversion,0
2026-01-01T16:34:00+00:00,t33_4,treatment,error_rate,0
2026-01-01T16:35:00+00:00,t33_5,treatment,conversion,0
2026-01-01T16:35:00+00:00,t33_5,treatment,error_rate,0
2026-01-01T16:36:00+00:00,t33_6,treatment,conversion,0
2026-01-01T16:36:00+00:00,t33_6,treatment,error_rate,0
2026-01-01T16:37:00+00:00,t33_7,treatment,conversion,0
2026-01-01T16:37:00+00:00,t33_7,treatment,error_rate,0
2026-01-01T16:38:00+00:00,t33_8,treatment,conversion,0
2026-01-01T16:38:00+00:00,t33_8,treatment,error_rate,0
2026-01-01T16:39:00+00:00,t33_9,treatment,conversion,1
2026-01-01T16:39:00+00:00,t33_9,treatment,error_rate,0
2026-01-01T16:40:00+00:00,t33_10,treatment,conversion,0
2026-01-01T16:40:00+00:00,t33_10,treatment,error_rate,0
2026-01-01T16:41:00+00:00,t33_11,treatment,conversion,1
2026-01-01T16:41:00+00:00,t33_11,treatment,error_rate,0
2026-01-01T16:42:00+00:00,t33_12,treatment,conversion,0
2026-01-01T16:42:00+00:00,t33_12,treatment,error_rate,0
2026-01-01T16:43:00+00:00,t33_13,treatment,conversion,0
2026-01-01T16:43:00+00:00,t33_13,treatment,error_rate,0
2026-01-01T16:44:00+00:00,t33_14,treatment,conversion,0
2026-01-01T16:44:00+00:00,t33_14,treatment,error_rate,0
2026-01-01T16:45:00+00:00,t33_15,treatment,conversion,1
2026-01-01T16:45:00+00:00,t33_15,treatment,error_rate,0
2026-01-01T16:46:00+00:00,t33_16,treatment,conversion,1
2026-01-01T16:46:00+00:00,t33_16,treatment,error_rate,0
2026-01-01T16:47:00+00:00,t33_17,treatment,conversion,1
2026-01-01T16:47:00+00:00,t33_17,treatment,error_rate,0
2026-01-01T16:48:00+00:00,t33_18,treatment,conversion,0
2026-01-01T16:48:00+00:00,t33_18,treatment,error_rate,0
2026-01-01T16:49:00+00:00,t33_19,treatment,conversion,0
2026-01-01T16:49:00+00:00,t33_19,treatment,error_rate,0
2026-01-01T16:50:00+00:00,t33_20,treatment,conversion,1
2026-01-01T16:50:00+00:00,t33_20,treatment,error_rate,0
2026-01-01T16:51:00+00:00,t33_21,treatment,conversion,0
2026-01-01T16:51:00+00:00,t33_21,treatment,error_rate,0
2026-01-01T16:52:00+00:00,t33_22,treatment,conversion,0
2026-01-01T16:52:00+00:00,t33_22,treatment,error_rate,0
2026-01-01T16:53:00+00:00,t33_23,treatment,conversion,0
2026-01-01T16:53:00+00:00,t33_23,treatment,error_rate,0
2026-01-01T16:54:00+00:00,t33_24,treatment,conversion,1
2026-01-01T16:54:00+00:00,t33_24,treatment,error_rate,0
2026-01-01T16:55:00+00:00,t33_25,treatment,conversion,0
2026-01-01T16:55:00+00:00,t33_25,treatment,error_rate,0
2026-01-01T16:56:00+00:00,t33_26,treatment,conversion,0
2026-01-01T16:56:00+00:00,t33_26,treatment,error_rate,0
2026-01-01T16:57:00+00:00,t33_27,treatment,conversion,0
2026-01-01T16:57:00+00:00,t33_27,treatment,error_rate,0
2026-01-01T16:58:00+00:00,t33_28,treatment,conversion,0
2026-01-01T16:58:00+00:00,t33_28,treatment,error_rate,0
2026-01-01T16:59:00+00:00,t33_29,treatment,conversion,0
2026-01-01T16:59:00+00:00,t33_29,treatment,error_rate,0
2026-01-01T17:00:00+00:00,c34_0,control,conversion,1
2026-01-01T17:00:00+00:00,c34_0,control,error_rate,0
2026-01-01T17:01:00+00:00,c34_1,control,conversion,0
2026-01-01T17:01:00+00:00,c34_1,control,error_rate,0
2026-01-01T17:02:00+00:00,c34_2,control,conversion,0
2026-01-01T17:02:00+00:00,c34_2,control,error_rate,0
2026-01-01T17:03:00+00:00,c34_3,control,conversion,0
2026-01-01T17:03:00+00:00,c34_3,control,error_rate,0
2026-01-01T17:04:00+00:00,c34_4,control,conversion,0
2026-01-01T17:04:00+00:00,c34_4,control,error_rate,0
2026-01-01T17:05:00+00:00,c34_5,control,conversion,1
2026-01-01T17:05:00+00:00,c34_5,control,error_rate,0
2026-01-01T17:06:00+00:00,c34_6,control,conversion,0
2026-01-01T17:06:00+00:00,c34_6,control,error_rate,0
2026-01-01T17:07:00+00:00,c34_7,control,conversion,0
2026-01-01T17:07:00+00:00,c34_7,control,error_rate,1
2026-01-01T17:08:00+00:00,c34_8,control,conversion,1
2026-01-01T17:08:00+00:00,c34_8,control,error_rate,0
2026-01-01T17:09:00+00:00,c34_9,control,conversion,0
2026-01-01T17:09:00+00:00,c34_9,control,error_rate,0
2026-01-01T17:10:00+00:00,c34_10,control,conversion,1
2026-01-01T17:10:00+00:00,c34_10,control,error_rate,0
2026-01-01T17:11:00+00:00,c34_11,control,conversion,0
2026-01-01T17:11:00+00:00,c34_11,control,error_rate,0
2026-01-01T17:12:00+00:00,c34_12,control,conversion,0
2026-01-01T17:12:00+00:00,c34_12,control,error_rate,0
2026-01-01T17:13:00+00:00,c34_13,control,conversion,0
2026-01-01T17:13:00+00:00,c34_13,control,error_rate,1
2026-01-01T17:14:00+00:00,c34_14,control,conversion,0
2026-01-01T17:14:00+00:00,c34_14,control,error_rate,1
2026-01-01T17:15:00+00:00,c34_15,control,conversion,0
2026-01-01T17:15:00+00:00,c34_15,control,error_rate,0
2026-01-01T17:16:00+00:00,c34_16,control,conversion,0
2026-01-01T17:16:00+00:00,c34_16,control,error_rate,0
2026-01-01T17:17:00+00:00,c34_17,control,conversion,0
2026-01-01T17:17:00+00:00,c34_17,control,error_rate,0
2026-01-01T17:18:00+00:00,c34_18,control,conversion,0
2026-01-01T17:18:00+00:00,c34_18,control,error_rate,0
2026-01-01T17:19:00+00:00,c34_19,control,conversion,0
2026-01-01T17:19:00+00:00,c34_19,control,error_rate,0
2026-01-01T17:20:00+00:00,c34_20,control,conversion,0
2026-01-01T17:20:00+00:00,c34_20,control,error_rate,0
2026-01-01T17:21:00+00:00,c34_21,control,conversion,0
2026-01-01T17:21:00+00:00,c34_21,control,error_rate,0
2026-01-01T17:22:00+00:00,c34_22,control,conversion,0
2026-01-01T17:22:00+00:00,c34_22,control,error_rate,0
2026-01-01T17:23:00+00:00,c34_23,control,conversion,0
2026-01-01T17:23:00+00:00,c34_23,control,error_rate,1
2026-01-01T17:24:00+00:00,c34_24,control,conversion,0
2026-01-01T17:24:00+00:00,c34_24,control,error_rate,0
2026-01-01T17:25:00+00:00,c34_25,control,conversion,1
2026-01-01T17:25:00+00:00,c34_25,control,error_rate,0
2026-01-01T17:26:00+00:00,c34_26,control,conversion,0
2026-01-01T17:26:00+00:00,c34_26,control,error_rate,0
2026-01-01T17:27:00+00:00,c34_27,control,conversion,0
2026-01-01T17:27:00+00:00,c34_27,control,error_rate,0
2026-01-01T17:28:00+00:00,c34_28,control,conversion,0
2026-01-01T17:28:00+00:00,c34_28,control,error_rate,0
2026-01-01T17:29:00+00:00,c34_29,control,conversion,0
2026-01-01T17:29:00+00:00,c34_29,control,error_rate,0
2026-01-01T17:00:00+00:00,t34_0,treatment,conversion,0
2026-01-01T17:00:00+00:00,t34_0,treatment,error_rate,0
2026-01-01T17:01:00+00:00,t34_1,treatment,conversion,1
2026-01-01T17:01:00+00:00,t34_1,treatment,error_rate,1
2026-01-01T17:02:00+00:00,t34_2,treatment,conversion,0
2026-01-01T17:02:00+00:00,t34_2,treatment,error_rate,0
2026-01-01T17:03:00+00:00,t34_3,treatment,conversion,0
2026-01-01T17:03:00+00:00,t34_3,treatment,error_rate,0
2026-01-01T17:04:00+00:00,t34_4,treatment,conversion,0
2026-01-01T17:04:00+00:00,t34_4,treatment,error_rate,0
2026-01-01T17:05:00+00:00,t34_5,treatment,conversion,0
2026-01-01T17:05:00+00:00,t34_5,treatment,error_rate,0
2026-01-01T17:06:00+00:00,t34_6,treatment,conversion,0
2026-01-01T17:06:00+00:00,t34_6,treatment,error_rate,1
2026-01-01T17:07:00+00:00,t34_7,treatment,conversion,0
2026-01-01T17:07:00+00:00,t34_7,treatment,error_rate,0
2026-01-01T17:08:00+00:00,t34_8,treatment,conversion,1
2026-01-01T17:08:00+00:00,t34_8,treatment,error_rate,0
2026-01-01T17:09:00+00:00,t34_9,treatment,conversion,0
2026-01-01T17:09:00+00:00,t34_9,treatment,error_rate,0
2026-01-01T17:10:00+00:00,t34_10,treatment,conversion,1
2026-01-01T17:10:00+00:00,t34_10,treatment,error_rate,0
2026-01-01T17:11:00+00:00,t34_11,treatment,conversion,0
2026-01-01T17:11:00+00:00,t34_11,treatment,error_rate,0
2026-01-01T17:12:00+00:00,t34_12,treatment,conversion,1
2026-01-01T17:12:00+00:00,t34_12,treatment,error_rate,0
2026-01-01T17:13:00+00:00,t34_13,treatment,conversion,0
2026-01-01T17:13:00+00:00,t34_13,treatment,error_rate,0
2026-01-01T17:14:00+00:00,t34_14,treatment,conversion,0
2026-01-01T17:14:00+00:00,t34_14,treatment,error_rate,0
2026-01-01T17:15:00+00:00,t34_15,treatment,conversion,0
2026-01-01T17:15:00+00:00,t34_15,treatment,error_rate,0
2026-01-01T17:16:00+00:00,t34_16,treatment,conversion,0
2026-01-01T17:16:00+00:00,t34_16,treatment,error_rate,0
2026-01-01T17:17:00+00:00,t34_17,treatment,conversion,0
2026-01-01T17:17:00+00:00,t34_17,treatment,error_rate,0
2026-01-01T17:18:00+00:00,t34_18,treatment,conversion,0
2026-01-01T17:18:00+00:00,t34_18,treatment,error_rate,0
2026-01-01T17:19:00+00:00,t34_19,treatment,conversion,0
2026-01-01T17:19:00+00:00,t34_19,treatment,error_rate,0
2026-01-01T17:20:00+00:00,t34_20,treatment,conversion,0
2026-01-01T17:20:00+00:00,t34_20,treatment,error_rate,0
2026-01-01T17:21:00+00:00,t34_21,treatment,conversion,1
2026-01-01T17:21:00+00:00,t34_21,treatment,error_rate,0
2026-01-01T17:22:00+00:00,t34_22,treatment,conversion,0
2026-01-01T17:22:00+00:00,t34_22,treatment,error_rate,0
2026-01-01T17:23:00+00:00,t34_23,treatment,conversion,0
2026-01-01T17:23:00+00:00,t34_23,treatment,error_rate,0
2026-01-01T17:24:00+00:00,t34_24,treatment,conversion,1
2026-01-01T17:24:00+00:00,t34_24,treatment,error_rate,0
2026-01-01T17:25:00+00:00,t34_25,treatment,conversion,0
2026-01-01T17:25:00+00:00,t34_25,treatment,error_rate,0
2026-01-01T17:26:00+00:00,t34_26,treatment,conversion,0
2026-01-01T17:26:00+00:00,t34_26,treatment,error_rate,0
2026-01-01T17:27:00+00:00,t34_27,treatment,conversion,1
2026-01-01T17:27:00+00:00,t34_27,treatment,error_rate,1
2026-01-01T17:28:00+00:00,t34_28,treatment,conversion,0
2026-01-01T17:28:00+00:00,t34_28,treatment,error_rate,0
2026-01-01T17:29:00+00:00,t34_29,treatment,conversion,0
2026-01-01T17:29:00+00:00,t34_29,treatment,error_rate,0
2026-01-01T17:30:00+00:00,c35_0,control,conversion,0
2026-01-01T17:30:00+00:00,c35_0,control,error_rate,0
2026-01-01T17:31:00+00:00,c35_1,control,conversion,0
2026-01-01T17:31:00+00:00,c35_1,control,error_rate,0
2026-01-01T17:32:00+00:00,c35_2,control,conversion,0
2026-01-01T17:32:00+00:00,c35_2,control,error_rate,1
2026-01-01T17:33:00+00:00,c35_3,control,conversion,0
2026-01-01T17:33:00+00:00,c35_3,control,error_rate,0
2026-01-01T17:34:00+00:00,c35_4,control,conversion,0
2026-01-01T17:34:00+00:00,c35_4,control,error_rate,0
2026-01-01T17:35:00+00:00,c35_5,control,conversion,0
2026-01-01T17:35:00+00:00,c35_5,control,error_rate,0
2026-01-01T17:36:00+00:00,c35_6,control,conversion,0
2026-01-01T17:36:00+00:00,c35_6,control,error_rate,0
2026-01-01T17:37:00+00:00,c35_7,control,conversion,0
2026-01-01T17:37:00+00:00,c35_7,control,error_rate,0
2026-01-01T17:38:00+00:00,c35_8,control,conversion,0
2026-01-01T17:38:00+00:00,c35_8,control,error_rate,0
2026-01-01T17:39:00+00:00,c35_9,control,conversion,0
2026-01-01T17:39:00+00:00,c35_9,control,error_rate,1
2026-01-01T17:40:00+00:00,c35_10,control,conversion,0
2026-01-01T17:40:00+00:00,c35_10,control,error_rate,1
2026-01-01T17:41:00+00:00,c35_11,control,conversion,1
2026-01-01T17:41:00+00:00,c35_11,control,error_rate,0
2026-01-01T17:42:00+00:00,c35_12,control,conversion,0
2026-01-01T17:42:00+00:00,c35_12,control,error_rate,0
2026-01-01T17:43:00+00:00,c35_13,control,conversion,0
2026-01-01T17:43:00+00:00,c35_13,control,error_rate,0
2026-01-01T17:44:00+00:00,c35_14,control,conversion,0
2026-01-01T17:44:00+00:00,c35_14,control,error_rate,1
2026-01-01T17:45:00+00:00,c35_15,control,conversion,0
2026-01-01T17:45:00+00:00,c35_15,control,error_rate,0
2026-01-01T17:46:00+00:00,c35_16,control,conversion,0
2026-01-01T17:46:00+00:00,c35_16,control,error_rate,0
2026-01-01T17:47:00+00:00,c35_17,control,conversion,1
2026-01-01T17:47:00+00:00,c35_17,control,error_rate,0
2026-01-01T17:48:00+00:00,c35_18,control,conversion,0
2026-01-01T17:48:00+00:00,c35_18,control,error_rate,0
2026-01-01T17:49:00+00:00,c35_19,control,conversion,0
2026-01-01T17:49:00+00:00,c35_19,control,error_rate,1
2026-01-01T17:50:00+00:00,c35_20,control,conversion,0
2026-01-01T17:50:00+00:00,c35_20,control,error_rate,0
2026-01-01T17:51:00+00:00,c35_21,control,conversion,0
2026-01-01T17:51:00+00:00,c35_21,control,error_rate,1
2026-01-01T17:52:00+00:00,c35_22,control,conversion,0
2026-01-01T17:52:00+00:00,c35_22,control,error_rate,0
2026-01-01T17:53:00+00:00,c35_23,control,conversion,1
2026-01-01T17:53:00+00:00,c35_23,control,error_rate,0
2026-01-01T17:54:00+00:00,c35_24,control,conversion,0
2026-01-01T17:54:00+00:00,c35_24,control,error_rate,1
2026-01-01T17:55:00+00:00,c35_25,control,conversion,0
2026-01-01T17:55:00+00:00,c35_25,control,error_rate,0
2026-01-01T17:56:00+00:00,c35_26,control,conversion,0
2026-01-01T17:56:00+00:00,c35_26,control,error_rate,0
2026-01-01T17:57:00+00:00,c35_27,control,conversion,0
2026-01-01T17:57:00+00:00,c35_27,control,error_rate,0
2026-01-01T17:58:00+00:00,c35_28,control,conversion,0
2026-01-01T17:58:00+00:00,c35_28,control,error_rate,0
2026-01-01T17:59:00+00:00,c35_29,control,conversion,0
2026-01-01T17:59:00+00:00,c35_29,control,error_rate,0
2026-01-01T17:30:00+00:00,t35_0,treatment,conversion,0
2026-01-01T17:30:00+00:00,t35_0,treatment,error_rate,1
2026-01-01T17:31:00+00:00,t35_1,treatment,conversion,0
2026-01-01T17:31:00+00:00,t35_1,treatment,error_rate,0
2026-01-01T17:32:00+00:00,t35_2,treatment,conversion,0
2026-01-01T17:32:00+00:00,t35_2,treatment,error_rate,0
2026-01-01T17:33:00+00:00,t35_3,treatment,conversion,0
2026-01-01T17:33:00+00:00,t35_3,treatment,error_rate,0
2026-01-01T17:34:00+00:00,t35_4,treatment,conversion,0
2026-01-01T17:34:00+00:00,t35_4,treatment,error_rate,0
2026-01-01T17:35:00+00:00,t35_5,treatment,conversion,0
2026-01-01T17:35:00+00:00,t35_5,treatment,error_rate,0
2026-01-01T17:36:00+00:00,t35_6,treatment,conversion,0
2026-01-01T17:36:00+00:00,t35_6,treatment,error_rate,0
2026-01-01T17:37:00+00:00,t35_7,treatment,conversion,1
2026-01-01T17:37:00+00:00,t35_7,treatment,error_rate,0
2026-01-01T17:38:00+00:00,t35_8,treatment,conversion,0
2026-01-01T17:38:00+00:00,t35_8,treatment,error_rate,0
2026-01-01T17:39:00+00:00,t35_9,treatment,conversion,1
2026-01-01T17:39:00+00:00,t35_9,treatment,error_rate,0
2026-01-01T17:40:00+00:00,t35_10,treatment,conversion,0
2026-01-01T17:40:00+00:00,t35_10,treatment,error_rate,0
2026-01-01T17:41:00+00:00,t35_11,treatment,conversion,0
2026-01-01T17:41:00+00:00,t35_11,treatment,error_rate,0
2026-01-01T17:42:00+00:00,t35_12,treatment,conversion,0
2026-01-01T17:42:00+00:00,t35_12,treatment,error_rate,0
2026-01-01T17:43:00+00:00,t35_13,treatment,conversion,0
2026-01-01T17:43:00+00:00,t35_13,treatment,error_rate,0
2026-01-01T17:44:00+00:00,t35_14,treatment,conversion,0
2026-01-01T17:44:00+00:00,t35_14,treatment,error_rate,0
2026-01-01T17:45:00+00:00,t35_15,treatment,conversion,0
2026-01-01T17:45:00+00:00,t35_15,treatment,error_rate,1
2026-01-01T17:46:00+00:00,t35_16,treatment,conversion,0
2026-01-01T17:46:00+00:00,t35_16,treatment,error_rate,0
2026-01-01T17:47:00+00:00,t35_17,treatment,conversion,0
2026-01-01T17:47:00+00:00,t35_17,treatment,error_rate,0
2026-01-01T17:48:00+00:00,t35_18,treatment,conversion,1
2026-01-01T17:48:00+00:00,t35_18,treatment,error_rate,0
2026-01-01T17:49:00+00:00,t35_19,treatment,conversion,0
2026-01-01T17:49:00+00:00,t35_19,treatment,error_rate,0
2026-01-01T17:50:00+00:00,t35_20,treatment,conversion,0
2026-01-01T17:50:00+00:00,t35_20,treatment,error_rate,0
2026-01-01T17:51:00+00:00,t35_21,treatment,conversion,1
2026-01-01T17:51:00+00:00,t35_21,treatment,error_rate,0
2026-01-01T17:52:00+00:00,t35_22,treatment,conversion,0
2026-01-01T17:52:00+00:00,t35_22,treatment,error_rate,0
2026-01-01T17:53:00+00:00,t35_23,treatment,conversion,0
2026-01-01T17:53:00+00:00,t35_23,treatment,error_rate,0
2026-01-01T17:54:00+00:00,t35_24,treatment,conversion,0
2026-01-01T17:54:00+00:00,t35_24,treatment,error_rate,0
2026-01-01T17:55:00+00:00,t35_25,treatment,conversion,0
2026-01-01T17:55:00+00:00,t35_25,treatment,error_rate,0
2026-01-01T17:56:00+00:00,t35_26,treatment,conversion,0
2026-01-01T17:56:00+00:00,t35_26,treatment,error_rate,0
2026-01-01T17:57:00+00:00,t35_27,treatment,conversion,1
2026-01-01T17:57:00+00:00,t35_27,treatment,error_rate,0
2026-01-01T17:58:00+00:00,t35_28,treatment,conversion,0
2026-01-01T17:58:00+00:00,t35_28,treatment,error_rate,0
2026-01-01T17:59:00+00:00,t35_29,treatment,conversion,0
2026-01-01T17:59:00+00:00,t35_29,treatment,error_rate,0
2026-01-01T18:00:00+00:00,c36_0,control,conversion,0
2026-01-01T18:00:00+00:00,c36_0,control,error_rate,0
2026-01-01T18:01:00+00:00,c36_1,control,conversion,1
2026-01-01T18:01:00+00:00,c36_1,control,error_rate,0
2026-01-01T18:02:00+00:00,c36_2,control,conversion,0
2026-01-01T18:02:00+00:00,c36_2,control,error_rate,0
2026-01-01T18:03:00+00:00,c36_3,control,conversion,0
2026-01-01T18:03:00+00:00,c36_3,control,error_rate,0
2026-01-01T18:04:00+00:00,c36_4,control,conversion,0
2026-01-01T18:04:00+00:00,c36_4,control,error_rate,0
2026-01-01T18:05:00+00:00,c36_5,control,conversion,0
2026-01-01T18:05:00+00:00,c36_5,control,error_rate,0
2026-01-01T18:06:00+00:00,c36_6,control,conversion,0
2026-01-01T18:06:00+00:00,c36_6,control,error_rate,0
2026-01-01T18:07:00+00:00,c36_7,control,conversion,0
2026-01-01T18:07:00+00:00,c36_7,control,error_rate,0
2026-01-01T18:08:00+00:00,c36_8,control,conversion,0
2026-01-01T18:08:00+00:00,c36_8,control,error_rate,0
2026-01-01T18:09:00+00:00,c36_9,control,conversion,1
2026-01-01T18:09:00+00:00,c36_9,control,error_rate,0
2026-01-01T18:10:00+00:00,c36_10,control,conversion,0
2026-01-01T18:10:00+00:00,c36_10,control,error_rate,0
2026-01-01T18:11:00+00:00,c36_11,control,conversion,0
2026-01-01T18:11:00+00:00,c36_11,control,error_rate,0
2026-01-01T18:12:00+00:00,c36_12,control,conversion,0
2026-01-01T18:12:00+00:00,c36_12,control,error_rate,1
2026-01-01T18:13:00+00:00,c36_13,control,conversion,0
2026-01-01T18:13:00+00:00,c36_13,control,error_rate,0
2026-01-01T18:14:00+00:00,c36_14,control,conversion,0
2026-01-01T18:14:00+00:00,c36_14,control,error_rate,0
2026-01-01T18:15:00+00:00,c36_15,control,conversion,0
2026-01-01T18:15:00+00:00,c36_15,control,error_rate,1
2026-01-01T18:16:00+00:00,c36_16,control,conversion,1
2026-01-01T18:16:00+00:00,c36_16,control,error_rate,0
2026-01-01T18:17:00+00:00,c36_17,control,conversion,1
2026-01-01T18:17:00+00:00,c36_17,control,error_rate,0
2026-01-01T18:18:00+00:00,c36_18,control,conversion,0
2026-01-01T18:18:00+00:00,c36_18,control,error_rate,0
2026-01-01T18:19:00+00:00,c36_19,control,conversion,0
2026-01-01T18:19:00+00:00,c36_19,control,error_rate,1
2026-01-01T18:20:00+00:00,c36_20,control,conversion,0
2026-01-01T18:20:00+00:00,c36_20,control,error_rate,0
2026-01-01T18:21:00+00:00,c36_21,control,conversion,0
2026-01-01T18:21:00+00:00,c36_21,control,error_rate,1
2026-01-01T18:22:00+00:00,c36_22,control,conversion,0
2026-01-01T18:22:00+00:00,c36_22,control,error_rate,0
2026-01-01T18:23:00+00:00,c36_23,control,conversion,0
2026-01-01T18:23:00+00:00,c36_23,control,error_rate,0
2026-01-01T18:24:00+00:00,c36_24,control,conversion,0
2026-01-01T18:24:00+00:00,c36_24,control,error_rate,0
2026-01-01T18:25:00+00:00,c36_25,control,conversion,0
2026-01-01T18:25:00+00:00,c36_25,control,error_rate,0
2026-01-01T18:26:00+00:00,c36_26,control,conversion,0
2026-01-01T18:26:00+00:00,c36_26,control,error_rate,0
2026-01-01T18:27:00+00:00,c36_27,control,conversion,0
2026-01-01T18:27:00+00:00,c36_27,control,error_rate,1
2026-01-01T18:28:00+00:00,c36_28,control,conversion,0
2026-01-01T18:28:00+00:00,c36_28,control,error_rate,0
2026-01-01T18:29:00+00:00,c36_29,control,conversion,0
2026-01-01T18:29:00+00:00,c36_29,control,error_rate,0
2026-01-01T18:00:00+00:00,t36_0,treatment,conversion,0
2026-01-01T18:00:00+00:00,t36_0,treatment,error_rate,0
2026-01-01T18:01:00+00:00,t36_1,treatment,conversion,0
2026-01-01T18:01:00+00:00,t36_1,treatment,error_rate,0
2026-01-01T18:02:00+00:00,t36_2,treatment,conversion,0
2026-01-01T18:02:00+00:00,t36_2,treatment,error_rate,0
2026-01-01T18:03:00+00:00,t36_3,treatment,conversion,0
2026-01-01T18:03:00+00:00,t36_3,treatment,error_rate,0
2026-01-01T18:04:00+00:00,t36_4,treatment,conversion,1
2026-01-01T18:04:00+00:00,t36_4,treatment,error_rate,0
2026-01-01T18:05:00+00:00,t36_5,treatment,conversion,1
2026-01-01T18:05:00+00:00,t36_5,treatment,error_rate,0
2026-01-01T18:06:00+00:00,t36_6,treatment,conversion,1
2026-01-01T18:06:00+00:00,t36_6,treatment,error_rate,0
2026-01-01T18:07:00+00:00,t36_7,treatment,conversion,0
2026-01-01T18:07:00+00:00,t36_7,treatment,error_rate,0
2026-01-01T18:08:00+00:00,t36_8,treatment,conversion,0
2026-01-01T18:08:00+00:00,t36_8,treatment,error_rate,0
2026-01-01T18:09:00+00:00,t36_9,treatment,conversion,1
2026-01-01T18:09:00+00:00,t36_9,treatment,error_rate,0
2026-01-01T18:10:00+00:00,t36_10,treatment,conversion,0
2026-01-01T18:10:00+00:00,t36_10,treatment,error_rate,0
2026-01-01T18:11:00+00:00,t36_11,treatment,conversion,1
2026-01-01T18:11:00+00:00,t36_11,treatment,error_rate,1
2026-01-01T18:12:00+00:00,t36_12,treatment,conversion,0
2026-01-01T18:12:00+00:00,t36_12,treatment,error_rate,0
2026-01-01T18:13:00+00:00,t36_13,treatment,conversion,0
2026-01-01T18:13:00+00:00,t36_13,treatment,error_rate,0
2026-01-01T18:14:00+00:00,t36_14,treatment,conversion,0
2026-01-01T18:14:00+00:00,t36_14,treatment,error_rate,0
2026-01-01T18:15:00+00:00,t36_15,treatment,conversion,1
2026-01-01T18:15:00+00:00,t36_15,treatment,error_rate,0
2026-01-01T18:16:00+00:00,t36_16,treatment,conversion,0
2026-01-01T18:16:00+00:00,t36_16,treatment,error_rate,0
2026-01-01T18:17:00+00:00,t36_17,treatment,conversion,1
2026-01-01T18:17:00+00:00,t36_17,treatment,error_rate,0
2026-01-01T18:18:00+00:00,t36_18,treatment,conversion,0
2026-01-01T18:18:00+00:00,t36_18,treatment,error_rate,0
2026-01-01T18:19:00+00:00,t36_19,treatment,conversion,0
2026-01-01T18:19:00+00:00,t36_19,treatment,error_rate,0
2026-01-01T18:20:00+00:00,t36_20,treatment,conversion,1
2026-01-01T18:20:00+00:00,t36_20,treatment,error_rate,0
2026-01-01T18:21:00+00:00,t36_21,treatment,conversion,0
2026-01-01T18:21:00+00:00,t36_21,treatment,error_rate,0
2026-01-01T18:22:00+00:00,t36_22,treatment,conversion,1
2026-01-01T18:22:00+00:00,t36_22,treatment,error_rate,1
2026-01-01T18:23:00+00:00,t36_23,treatment,conversion,1
2026-01-01T18:23:00+00:00,t36_23,treatment,error_rate,0
2026-01-01T18:24:00+00:00,t36_24,treatment,conversion,0
2026-01-01T18:24:00+00:00,t36_24,treatment,error_rate,1
2026-01-01T18:25:00+00:00,t36_25,treatment,conversion,0
2026-01-01T18:25:00+00:00,t36_25,treatment,error_rate,0
2026-01-01T18:26:00+00:00,t36_26,treatment,conversion,0
2026-01-01T18:26:00+00:00,t36_26,treatment,error_rate,0
2026-01-01T18:27:00+00:00,t36_27,treatment,conversion,0
2026-01-01T18:27:00+00:00,t36_27,treatment,error_rate,0
2026-01-01T18:28:00+00:00,t36_28,treatment,conversion,0
2026-01-01T18:28:00+00:00,t36_28,treatment,error_rate,0
2026-01-01T18:29:00+00:00,t36_29,treatment,conversion,0
2026-01-01T18:29:00+00:00,t36_29,treatment,error_rate,0
2026-01-01T18:30:00+00:00,c37_0,control,conversion,1
2026-01-01T18:30:00+00:00,c37_0,control,error_rate,0
2026-01-01T18:31:00+00:00,c37_1,control,conversion,0
2026-01-01T18:31:00+00:00,c37_1,control,error_rate,0
2026-01-01T18:32:00+00:00,c37_2,control,conversion,0
2026-01-01T18:32:00+00:00,c37_2,control,error_rate,0
2026-01-01T18:33:00+00:00,c37_3,control,conversion,0
2026-01-01T18:33:00+00:00,c37_3,control,error_rate,0
2026-01-01T18:34:00+00:00,c37_4,control,conversion,0
2026-01-01T18:34:00+00:00,c37_4,control,error_rate,0
2026-01-01T18:35:00+00:00,c37_5,control,conversion,0
2026-01-01T18:35:00+00:00,c37_5,control,error_rate,0
2026-01-01T18:36:00+00:00,c37_6,control,conversion,0
2026-01-01T18:36:00+00:00,c37_6,control,error_rate,0
2026-01-01T18:37:00+00:00,c37_7,control,conversion,0
2026-01-01T18:37:00+00:00,c37_7,control,error_rate,1
2026-01-01T18:38:00+00:00,c37_8,control,conversion,0
2026-01-01T18:38:00+00:00,c37_8,control,error_rate,0
2026-01-01T18:39:00+00:00,c37_9,control,conversion,0
2026-01-01T18:39:00+00:00,c37_9,control,error_rate,0
2026-01-01T18:40:00+00:00,c37_10,control,conversion,0
2026-01-01T18:40:00+00:00,c37_10,control,error_rate,0
2026-01-01T18:41:00+00:00,c37_11,control,conversion,0
2026-01-01T18:41:00+00:00,c37_11,control,error_rate,0
2026-01-01T18:42:00+00:00,c37_12,control,conversion,0
2026-01-01T18:42:00+00:00,c37_12,control,error_rate,0
2026-01-01T18:43:00+00:00,c37_13,control,conversion,0
2026-01-01T18:43:00+00:00,c37_13,control,error_rate,0
2026-01-01T18:44:00+00:00,c37_14,control,conversion,0
2026-01-01T18:44:00+00:00,c37_14,control,error_rate,0
2026-01-01T18:45:00+00:00,c37_15,control,conversion,1
2026-01-01T18:45:00+00:00,c37_15,control,error_rate,0
2026-01-01T18:46:00+00:00,c37_16,control,conversion,0
2026-01-01T18:46:00+00:00,c37_16,control,error_rate,1
2026-01-01T18:47:00+00:00,c37_17,control,conversion,1
2026-01-01T18:47:00+00:00,c37_17,control,error_rate,0
2026-01-01T18:48:00+00:00,c37_18,control,conversion,0
2026-01-01T18:48:00+00:00,c37_18,control,error_rate,0
2026-01-01T18:49:00+00:00,c37_19,control,conversion,0
2026-01-01T18:49:00+00:00,c37_19,control,error_rate,0
2026-01-01T18:50:00+00:00,c37_20,control,conversion,0
2026-01-01T18:50:00+00:00,c37_20,control,error_rate,0
2026-01-01T18:51:00+00:00,c37_21,control,conversion,0
2026-01-01T18:51:00+00:00,c37_21,control,error_rate,0
2026-01-01T18:52:00+00:00,c37_22,control,conversion,1
2026-01-01T18:52:00+00:00,c37_22,control,error_rate,0
2026-01-01T18:53:00+00:00,c37_23,control,conversion,0
2026-01-01T18:53:00+00:00,c37_23,control,error_rate,1
2026-01-01T18:54:00+00:00,c37_24,control,conversion,0
2026-01-01T18:54:00+00:00,c37_24,control,error_rate,0
2026-01-01T18:55:00+00:00,c37_25,control,conversion,0
2026-01-01T18:55:00+00:00,c37_25,control,error_rate,0
2026-01-01T18:56:00+00:00,c37_26,control,conversion,0
2026-01-01T18:56:00+00:00,c37_26,control,error_rate,0
2026-01-01T18:57:00+00:00,c37_27,control,conversion,0
2026-01-01T18:57:00+00:00,c37_27,control,error_rate,1
2026-01-01T18:58:00+00:00,c37_28,control,conversion,1
2026-01-01T18:58:00+00:00,c37_28,control,error_rate,0
2026-01-01T18:59:00+00:00,c37_29,control,conversion,1
2026-01-01T18:59:00+00:00,c37_29,control,error_rate,0
2026-01-01T18:30:00+00:00,t37_0,treatment,conversion,0
2026-01-01T18:30:00+00:00,t37_0,treatment,error_rate,0
2026-01-01T18:31:00+00:00,t37_1,treatment,conversion,0
2026-01-01T18:31:00+00:00,t37_1,treatment,error_rate,0
2026-01-01T18:32:00+00:00,t37_2,treatment,conversion,0
2026-01-01T18:32:00+00:00,t37_2,treatment,error_rate,0
2026-01-01T18:33:00+00:00,t37_3,treatment,conversion,0
2026-01-01T18:33:00+00:00,t37_3,treatment,error_rate,0
2026-01-01T18:34:00+00:00,t37_4,treatment,conversion,1
2026-01-01T18:34:00+00:00,t37_4,treatment,error_rate,0
2026-01-01T18:35:00+00:00,t37_5,treatment,conversion,0
2026-01-01T18:35:00+00:00,t37_5,treatment,error_rate,1
2026-01-01T18:36:00+00:00,t37_6,treatment,conversion,0
2026-01-01T18:36:00+00:00,t37_6,treatment,error_rate,0
2026-01-01T18:37:00+00:00,t37_7,treatment,conversion,0
2026-01-01T18:37:00+00:00,t37_7,treatment,error_rate,1
2026-01-01T18:38:00+00:00,t37_8,treatment,conversion,0
2026-01-01T18:38:00+00:00,t37_8,treatment,error_rate,0
2026-01-01T18:39:00+00:00,t37_9,treatment,conversion,1
2026-01-01T18:39:00+00:00,t37_9,treatment,error_rate,0
2026-01-01T18:40:00+00:00,t37_10,treatment,conversion,1
2026-01-01T18:40:00+00:00,t37_10,treatment,error_rate,0
2026-01-01T18:41:00+00:00,t37_11,treatment,conversion,0
2026-01-01T18:41:00+00:00,t37_11,treatment,error_rate,0
2026-01-01T18:42:00+00:00,t37_12,treatment,conversion,0
2026-01-01T18:42:00+00:00,t37_12,treatment,error_rate,0
2026-01-01T18:43:00+00:00,t37_13,treatment,conversion,0
2026-01-01T18:43:00+00:00,t37_13,treatment,error_rate,0
2026-01-01T18:44:00+00:00,t37_14,treatment,conversion,0
2026-01-01T18:44:00+00:00,t37_14,treatment,error_rate,0
2026-01-01T18:45:00+00:00,t37_15,treatment,conversion,0
2026-01-01T18:45:00+00:00,t37_15,treatment,error_rate,0
2026-01-01T18:46:00+00:00,t37_16,treatment,conversion,0
2026-01-01T18:46:00+00:00,t37_16,treatment,error_rate,0
2026-01-01T18:47:00+00:00,t37_17,treatment,conversion,0
2026-01-01T18:47:00+00:00,t37_17,treatment,error_rate,0
2026-01-01T18:48:00+00:00,t37_18,treatment,conversion,0
2026-01-01T18:48:00+00:00,t37_18,treatment,error_rate,0
2026-01-01T18:49:00+00:00,t37_19,treatment,conversion,0
2026-01-01T18:49:00+00:00,t37_19,treatment,error_rate,0
2026-01-01T18:50:00+00:00,t37_20,treatment,conversion,0
2026-01-01T18:50:00+00:00,t37_20,treatment,error_rate,0
2026-01-01T18:51:00+00:00,t37_21,treatment,conversion,0
2026-01-01T18:51:00+00:00,t37_21,treatment,error_rate,0
2026-01-01T18:52:00+00:00,t37_22,treatment,conversion,0
2026-01-01T18:52:00+00:00,t37_22,treatment,error_rate,0
2026-01-01T18:53:00+00:00,t37_23,treatment,conversion,0
2026-01-01T18:53:00+00:00,t37_23,treatment,error_rate,1
2026-01-01T18:54:00+00:00,t37_24,treatment,conversion,1
2026-01-01T18:54:00+00:00,t37_24,treatment,error_rate,0
2026-01-01T18:55:00+00:00,t37_25,treatment,conversion,0
2026-01-01T18:55:00+00:00,t37_25,treatment,error_rate,0
2026-01-01T18:56:00+00:00,t37_26,treatment,conversion,0
2026-01-01T18:56:00+00:00,t37_26,treatment,error_rate,0
2026-01-01T18:57:00+00:00,t37_27,treatment,conversion,0
2026-01-01T18:57:00+00:00,t37_27,treatment,error_rate,0
2026-01-01T18:58:00+00:00,t37_28,treatment,conversion,0
2026-01-01T18:58:00+00:00,t37_28,treatment,error_rate,0
2026-01-01T18:59:00+00:00,t37_29,treatment,conversion,0
2026-01-01T18:59:00+00:00,t37_29,treatment,error_rate,0
2026-01-01T19:00:00+00:00,c38_0,control,conversion,0
2026-01-01T19:00:00+00:00,c38_0,control,error_rate,0
2026-01-01T19:01:00+00:00,c38_1,control,conversion,1
2026-01-01T19:01:00+00:00,c38_1,control,error_rate,0
2026-01-01T19:02:00+00:00,c38_2,control,conversion,0
2026-01-01T19:02:00+00:00,c38_2,control,error_rate,0
2026-01-01T19:03:00+00:00,c38_3,control,conversion,0
2026-01-01T19:03:00+00:00,c38_3,control,error_rate,0
2026-01-01T19:04:00+00:00,c38_4,control,conversion,0
2026-01-01T19:04:00+00:00,c38_4,control,error_rate,0
2026-01-01T19:05:00+00:00,c38_5,control,conversion,0
2026-01-01T19:05:00+00:00,c38_5,control,error_rate,0
2026-01-01T19:06:00+00:00,c38_6,control,conversion,0
2026-01-01T19:06:00+00:00,c38_6,control,error_rate,0
2026-01-01T19:07:00+00:00,c38_7,control,conversion,0
2026-01-01T19:07:00+00:00,c38_7,control,error_rate,0
2026-01-01T19:08:00+00:00,c38_8,control,conversion,0
2026-01-01T19:08:00+00:00,c38_8,control,error_rate,0
2026-01-01T19:09:00+00:00,c38_9,control,conversion,0
2026-01-01T19:09:00+00:00,c38_9,control,error_rate,0
2026-01-01T19:10:00+00:00,c38_10,control,conversion,0
2026-01-01T19:10:00+00:00,c38_10,control,error_rate,0
2026-01-01T19:11:00+00:00,c38_11,control,conversion,0
2026-01-01T19:11:00+00:00,c38_11,control,error_rate,0
2026-01-01T19:12:00+00:00,c38_12,control,conversion,0
2026-01-01T19:12:00+00:00,c38_12,control,error_rate,0
2026-01-01T19:13:00+00:00,c38_13,control,conversion,1
2026-01-01T19:13:00+00:00,c38_13,control,error_rate,1
2026-01-01T19:14:00+00:00,c38_14,control,conversion,0
2026-01-01T19:14:00+00:00,c38_14,control,error_rate,0
2026-01-01T19:15:00+00:00,c38_15,control,conversion,0
2026-01-01T19:15:00+00:00,c38_15,control,error_rate,0
2026-01-01T19:16:00+00:00,c38_16,control,conversion,0
2026-01-01T19:16:00+00:00,c38_16,control,error_rate,0
2026-01-01T19:17:00+00:00,c38_17,control,conversion,0
2026-01-01T19:17:00+00:00,c38_17,control,error_rate,0
2026-01-01T19:18:00+00:00,c38_18,control,conversion,0
2026-01-01T19:18:00+00:00,c38_18,control,error_rate,0
2026-01-01T19:19:00+00:00,c38_19,control,conversion,0
2026-01-01T19:19:00+00:00,c38_19,control,error_rate,0
2026-01-01T19:20:00+00:00,c38_20,control,conversion,0
2026-01-01T19:20:00+00:00,c38_20,control,error_rate,0
2026-01-01T19:21:00+00:00,c38_21,control,conversion,0
2026-01-01T19:21:00+00:00,c38_21,control,error_rate,0
2026-01-01T19:22:00+00:00,c38_22,control,conversion,0
2026-01-01T19:22:00+00:00,c38_22,control,error_rate,0
2026-01-01T19:23:00+00:00,c38_23,control,conversion,0
2026-01-01T19:23:00+00:00,c38_23,control,error_rate,0
2026-01-01T19:24:00+00:00,c38_24,control,conversion,0
2026-01-01T19:24:00+00:00,c38_24,control,error_rate,0
2026-01-01T19:25:00+00:00,c38_25,control,conversion,0
2026-01-01T19:25:00+00:00,c38_25,control,error_rate,1
2026-01-01T19:26:00+00:00,c38_26,control,conversion,0
2026-01-01T19:26:00+00:00,c38_26,control,error_rate,0
2026-01-01T19:27:00+00:00,c38_27,control,conversion,0
2026-01-01T19:27:00+00:00,c38_27,control,error_rate,0
2026-01-01T19:28:00+00:00,c38_28,control,conversion,1
2026-01-01T19:28:00+00:00,c38_28,control,error_rate,0
2026-01-01T19:29:00+00:00,c38_29,control,conversion,0
2026-01-01T19:29:00+00:00,c38_29,control,error_rate,0
2026-01-01T19:00:00+00:00,t38_0,treatment,conversion,0
2026-01-01T19:00:00+00:00,t38_0,treatment,error_rate,0
2026-01-01T19:01:00+00:00,t38_1,treatment,conversion,1
2026-01-01T19:01:00+00:00,t38_1,treatment,error_rate,0
2026-01-01T19:02:00+00:00,t38_2,treatment,conversion,1
2026-01-01T19:02:00+00:00,t38_2,treatment,error_rate,0
2026-01-01T19:03:00+00:00,t38_3,treatment,conversion,0
2026-01-01T19:03:00+00:00,t38_3,treatment,error_rate,0
2026-01-01T19:04:00+00:00,t38_4,treatment,conversion,0
2026-01-01T19:04:00+00:00,t38_4,treatment,error_rate,0
2026-01-01T19:05:00+00:00,t38_5,treatment,conversion,0
2026-01-01T19:05:00+00:00,t38_5,treatment,error_rate,0
2026-01-01T19:06:00+00:00,t38_6,treatment,conversion,0
2026-01-01T19:06:00+00:00,t38_6,treatment,error_rate,0
2026-01-01T19:07:00+00:00,t38_7,treatment,conversion,0
2026-01-01T19:07:00+00:00,t38_7,treatment,error_rate,0
2026-01-01T19:08:00+00:00,t38_8,treatment,conversion,0
2026-01-01T19:08:00+00:00,t38_8,treatment,error_rate,0
2026-01-01T19:09:00+00:00,t38_9,treatment,conversion,0
2026-01-01T19:09:00+00:00,t38_9,treatment,error_rate,0
2026-01-01T19:10:00+00:00,t38_10,treatment,conversion,0
2026-01-01T19:10:00+00:00,t38_10,treatment,error_rate,0
2026-01-01T19:11:00+00:00,t38_11,treatment,conversion,0
2026-01-01T19:11:00+00:00,t38_11,treatment,error_rate,0
2026-01-01T19:12:00+00:00,t38_12,treatment,conversion,0
2026-01-01T19:12:00+00:00,t38_12,treatment,error_rate,1
2026-01-01T19:13:00+00:00,t38_13,treatment,conversion,1
2026-01-01T19:13:00+00:00,t38_13,treatment,error_rate,0
2026-01-01T19:14:00+00:00,t38_14,treatment,conversion,0
2026-01-01T19:14:00+00:00,t38_14,treatment,error_rate,0
2026-01-01T19:15:00+00:00,t38_15,treatment,conversion,1
2026-01-01T19:15:00+00:00,t38_15,treatment,error_rate,0
2026-01-01T19:16:00+00:00,t38_16,treatment,conversion,0
2026-01-01T19:16:00+00:00,t38_16,treatment,error_rate,1
2026-01-01T19:17:00+00:00,t38_17,treatment,conversion,0
2026-01-01T19:17:00+00:00,t38_17,treatment,error_rate,0
2026-01-01T19:18:00+00:00,t38_18,treatment,conversion,0
2026-01-01T19:18:00+00:00,t38_18,treatment,error_rate,0
2026-01-01T19:19:00+00:00,t38_19,treatment,conversion,0
2026-01-01T19:19:00+00:00,t38_19,treatment,error_rate,0
2026-01-01T19:20:00+00:00,t38_20,treatment,conversion,0
2026-01-01T19:20:00+00:00,t38_20,treatment,error_rate,0
2026-01-01T19:21:00+00:00,t38_21,treatment,conversion,0
2026-01-01T19:21:00+00:00,t38_21,treatment,error_rate,0
2026-01-01T19:22:00+00:00,t38_22,treatment,conversion,0
2026-01-01T19:22:00+00:00,t38_22,treatment,error_rate,0
2026-01-01T19:23:00+00:00,t38_23,treatment,conversion,0
2026-01-01T19:23:00+00:00,t38_23,treatment,error_rate,1
2026-01-01T19:24:00+00:00,t38_24,treatment,conversion,0
2026-01-01T19:24:00+00:00,t38_24,treatment,error_rate,1
2026-01-01T19:25:00+00:00,t38_25,treatment,conversion,0
2026-01-01T19:25:00+00:00,t38_25,treatment,error_rate,0
2026-01-01T19:26:00+00:00,t38_26,treatment,conversion,0
2026-01-01T19:26:00+00:00,t38_26,treatment,error_rate,1
2026-01-01T19:27:00+00:00,t38_27,treatment,conversion,0
2026-01-01T19:27:00+00:00,t38_27,treatment,error_rate,0
2026-01-01T19:28:00+00:00,t38_28,treatment,conversion,1
2026-01-01T19:28:00+00:00,t38_28,treatment,error_rate,0
2026-01-01T19:29:00+00:00,t38_29,treatment,conversion,0
2026-01-01T19:29:00+00:00,t38_29,treatment,error_rate,0
2026-01-01T19:30:00+00:00,c39_0,control,conversion,0
2026-01-01T19:30:00+00:00,c39_0,control,error_rate,0
2026-01-01T19:31:00+00:00,c39_1,control,conversion,0
2026-01-01T19:31:00+00:00,c39_1,control,error_rate,0
2026-01-01T19:32:00+00:00,c39_2,control,conversion,0
2026-01-01T19:32:00+00:00,c39_2,control,error_rate,0
2026-01-01T19:33:00+00:00,c39_3,control,conversion,0
2026-01-01T19:33:00+00:00,c39_3,control,error_rate,0
2026-01-01T19:34:00+00:00,c39_4,control,conversion,0
2026-01-01T19:34:00+00:00,c39_4,control,error_rate,0
2026-01-01T19:35:00+00:00,c39_5,control,conversion,0
2026-01-01T19:35:00+00:00,c39_5,control,error_rate,0
2026-01-01T19:36:00+00:00,c39_6,control,conversion,0
2026-01-01T19:36:00+00:00,c39_6,control,error_rate,0
2026-01-01T19:37:00+00:00,c39_7,control,conversion,0
2026-01-01T19:37:00+00:00,c39_7,control,error_rate,0
2026-01-01T19:38:00+00:00,c39_8,control,conversion,0
2026-01-01T19:38:00+00:00,c39_8,control,error_rate,1
2026-01-01T19:39:00+00:00,c39_9,control,conversion,0
2026-01-01T19:39:00+00:00,c39_9,control,error_rate,0
2026-01-01T19:40:00+00:00,c39_10,control,conversion,0
2026-01-01T19:40:00+00:00,c39_10,control,error_rate,1
2026-01-01T19:41:00+00:00,c39_11,control,conversion,0
2026-01-01T19:41:00+00:00,c39_11,control,error_rate,0
2026-01-01T19:42:00+00:00,c39_12,control,conversion,1
2026-01-01T19:42:00+00:00,c39_12,control,error_rate,0
2026-01-01T19:43:00+00:00,c39_13,control,conversion,0
2026-01-01T19:43:00+00:00,c39_13,control,error_rate,0
2026-01-01T19:44:00+00:00,c39_14,control,conversion,0
2026-01-01T19:44:00+00:00,c39_14,control,error_rate,0
2026-01-01T19:45:00+00:00,c39_15,control,conversion,0
2026-01-01T19:45:00+00:00,c39_15,control,error_rate,0
2026-01-01T19:46:00+00:00,c39_16,control,conversion,0
2026-01-01T19:46:00+00:00,c39_16,control,error_rate,0
2026-01-01T19:47:00+00:00,c39_17,control,conversion,0
2026-01-01T19:47:00+00:00,c39_17,control,error_rate,0
2026-01-01T19:48:00+00:00,c39_18,control,conversion,0
2026-01-01T19:48:00+00:00,c39_18,control,error_rate,0
2026-01-01T19:49:00+00:00,c39_19,control,conversion,1
2026-01-01T19:49:00+00:00,c39_19,control,error_rate,1
2026-01-01T19:50:00+00:00,c39_20,control,conversion,0
2026-01-01T19:50:00+00:00,c39_20,control,error_rate,0
2026-01-01T19:51:00+00:00,c39_21,control,conversion,0
2026-01-01T19:51:00+00:00,c39_21,control,error_rate,0
2026-01-01T19:52:00+00:00,c39_22,control,conversion,0
2026-01-01T19:52:00+00:00,c39_22,control,error_rate,0
2026-01-01T19:53:00+00:00,c39_23,control,conversion,0
2026-01-01T19:53:00+00:00,c39_23,control,error_rate,0
2026-01-01T19:54:00+00:00,c39_24,control,conversion,0
2026-01-01T19:54:00+00:00,c39_24,control,error_rate,1
2026-01-01T19:55:00+00:00,c39_25,control,conversion,1
2026-01-01T19:55:00+00:00,c39_25,control,error_rate,1
2026-01-01T19:56:00+00:00,c39_26,control,conversion,0
2026-01-01T19:56:00+00:00,c39_26,control,error_rate,0
2026-01-01T19:57:00+00:00,c39_27,control,conversion,0
2026-01-01T19:57:00+00:00,c39_27,control,error_rate,0
2026-01-01T19:58:00+00:00,c39_28,control,conversion,0
2026-01-01T19:58:00+00:00,c39_28,control,error_rate,1
2026-01-01T19:59:00+00:00,c39_29,control,conversion,0
2026-01-01T19:59:00+00:00,c39_29,control,error_rate,0
2026-01-01T19:30:00+00:00,t39_0,treatment,conversion,1
2026-01-01T19:30:00+00:00,t39_0,treatment,error_rate,0
2026-01-01T19:31:00+00:00,t39_1,treatment,conversion,0
2026-01-01T19:31:00+00:00,t39_1,treatment,error_rate,0
2026-01-01T19:32:00+00:00,t39_2,treatment,conversion,0
2026-01-01T19:32:00+00:00,t39_2,treatment,error_rate,0
2026-01-01T19:33:00+00:00,t39_3,treatment,conversion,0
2026-01-01T19:33:00+00:00,t39_3,treatment,error_rate,0
2026-01-01T19:34:00+00:00,t39_4,treatment,conversion,0
2026-01-01T19:34:00+00:00,t39_4,treatment,error_rate,0
2026-01-01T19:35:00+00:00,t39_5,treatment,conversion,0
2026-01-01T19:35:00+00:00,t39_5,treatment,error_rate,0
2026-01-01T19:36:00+00:00,t39_6,treatment,conversion,0
2026-01-01T19:36:00+00:00,t39_6,treatment,error_rate,0
2026-01-01T19:37:00+00:00,t39_7,treatment,conversion,0
2026-01-01T19:37:00+00:00,t39_7,treatment,error_rate,0
2026-01-01T19:38:00+00:00,t39_8,treatment,conversion,0
2026-01-01T19:38:00+00:00,t39_8,treatment,error_rate,1
2026-01-01T19:39:00+00:00,t39_9,treatment,conversion,0
2026-01-01T19:39:00+00:00,t39_9,treatment,error_rate,0
2026-01-01T19:40:00+00:00,t39_10,treatment,conversion,0
2026-01-01T19:40:00+00:00,t39_10,treatment,error_rate,0
2026-01-01T19:41:00+00:00,t39_11,treatment,conversion,0
2026-01-01T19:41:00+00:00,t39_11,treatment,error_rate,0
2026-01-01T19:42:00+00:00,t39_12,treatment,conversion,1
2026-01-01T19:42:00+00:00,t39_12,treatment,error_rate,0
2026-01-01T19:43:00+00:00,t39_13,treatment,conversion,0
2026-01-01T19:43:00+00:00,t39_13,treatment,error_rate,0
2026-01-01T19:44:00+00:00,t39_14,treatment,conversion,0
2026-01-01T19:44:00+00:00,t39_14,treatment,error_rate,0
2026-01-01T19:45:00+00:00,t39_15,treatment,conversion,0
2026-01-01T19:45:00+00:00,t39_15,treatment,error_rate,0
2026-01-01T19:46:00+00:00,t39_16,treatment,conversion,0
2026-01-01T19:46:00+00:00,t39_16,treatment,error_rate,0
2026-01-01T19:47:00+00:00,t39_17,treatment,conversion,0
2026-01-01T19:47:00+00:00,t39_17,treatment,error_rate,0
2026-01-01T19:48:00+00:00,t39_18,treatment,conversion,0
2026-01-01T19:48:00+00:00,t39_18,treatment,error_rate,0
2026-01-01T19:49:00+00:00,t39_19,treatment,conversion,0
2026-01-01T19:49:00+00:00,t39_19,treatment,error_rate,0
2026-01-01T19:50:00+00:00,t39_20,treatment,conversion,0
2026-01-01T19:50:00+00:00,t39_20,treatment,error_rate,0
2026-01-01T19:51:00+00:00,t39_21,treatment,conversion,1
2026-01-01T19:51:00+00:00,t39_21,treatment,error_rate,0
2026-01-01T19:52:00+00:00,t39_22,treatment,conversion,0
2026-01-01T19:52:00+00:00,t39_22,treatment,error_rate,0
2026-01-01T19:53:00+00:00,t39_23,treatment,conversion,0
2026-01-01T19:53:00+00:00,t39_23,treatment,error_rate,0
2026-01-01T19:54:00+00:00,t39_24,treatment,conversion,0
2026-01-01T19:54:00+00:00,t39_24,treatment,error_rate,0
2026-01-01T19:55:00+00:00,t39_25,treatment,conversion,0
2026-01-01T19:55:00+00:00,t39_25,treatment,error_rate,0
2026-01-01T19:56:00+00:00,t39_26,treatment,conversion,0
2026-01-01T19:56:00+00:00,t39_26,treatment,error_rate,0
2026-01-01T19:57:00+00:00,t39_27,treatment,conversion,0
2026-01-01T19:57:00+00:00,t39_27,treatment,error_rate,0
2026-01-01T19:58:00+00:00,t39_28,treatment,conversion,0
2026-01-01T19:58:00+00:00,t39_28,treatment,error_rate,0
2026-01-01T19:59:00+00:00,t39_29,treatment,conversion,0
2026-01-01T19:59:00+00:00,t39_29,treatment,error_rate,0
2026-01-01T20:00:00+00:00,c40_0,control,conversion,0
2026-01-01T20:00:00+00:00,c40_0,control,error_rate,1
2026-01-01T20:01:00+00:00,c40_1,control,conversion,0
2026-01-01T20:01:00+00:00,c40_1,control,error_rate,0
2026-01-01T20:02:00+00:00,c40_2,control,conversion,0
2026-01-01T20:02:00+00:00,c40_2,control,error_rate,0
2026-01-01T20:03:00+00:00,c40_3,control,conversion,0
2026-01-01T20:03:00+00:00,c40_3,control,error_rate,0
2026-01-01T20:04:00+00:00,c40_4,control,conversion,0
2026-01-01T20:04:00+00:00,c40_4,control,error_rate,0
2026-01-01T20:05:00+00:00,c40_5,control,conversion,0
2026-01-01T20:05:00+00:00,c40_5,control,error_rate,0
2026-01-01T20:06:00+00:00,c40_6,control,conversion,0
2026-01-01T20:06:00+00:00,c40_6,control,error_rate,0
2026-01-01T20:07:00+00:00,c40_7,control,conversion,0
2026-01-01T20:07:00+00:00,c40_7,control,error_rate,0
2026-01-01T20:08:00+00:00,c40_8,control,conversion,0
2026-01-01T20:08:00+00:00,c40_8,control,error_rate,0
2026-01-01T20:09:00+00:00,c40_9,control,conversion,0
2026-01-01T20:09:00+00:00,c40_9,control,error_rate,0
2026-01-01T20:10:00+00:00,c40_10,control,conversion,0
2026-01-01T20:10:00+00:00,c40_10,control,error_rate,0
2026-01-01T20:11:00+00:00,c40_11,control,conversion,0
2026-01-01T20:11:00+00:00,c40_11,control,error_rate,0
2026-01-01T20:12:00+00:00,c40_12,control,conversion,0
2026-01-01T20:12:00+00:00,c40_12,control,error_rate,0
2026-01-01T20:13:00+00:00,c40_13,control,conversion,0
2026-01-01T20:13:00+00:00,c40_13,control,error_rate,0
2026-01-01T20:14:00+00:00,c40_14,control,conversion,1
2026-01-01T20:14:00+00:00,c40_14,control,error_rate,1
2026-01-01T20:15:00+00:00,c40_15,control,conversion,0
2026-01-01T20:15:00+00:00,c40_15,control,error_rate,0
2026-01-01T20:16:00+00:00,c40_16,control,conversion,0
2026-01-01T20:16:00+00:00,c40_16,control,error_rate,0
2026-01-01T20:17:00+00:00,c40_17,control,conversion,1
2026-01-01T20:17:00+00:00,c40_17,control,error_rate,0
2026-01-01T20:18:00+00:00,c40_18,control,conversion,0
2026-01-01T20:18:00+00:00,c40_18,control,error_rate,0
2026-01-01T20:19:00+00:00,c40_19,control,conversion,0
2026-01-01T20:19:00+00:00,c40_19,control,error_rate,0
2026-01-01T20:20:00+00:00,c40_20,control,conversion,0
2026-01-01T20:20:00+00:00,c40_20,control,error_rate,0
2026-01-01T20:21:00+00:00,c40_21,control,conversion,0
2026-01-01T20:21:00+00:00,c40_21,control,error_rate,0
2026-01-01T20:22:00+00:00,c40_22,control,conversion,0
2026-01-01T20:22:00+00:00,c40_22,control,error_rate,0
2026-01-01T20:23:00+00:00,c40_23,control,conversion,0
2026-01-01T20:23:00+00:00,c40_23,control,error_rate,0
2026-01-01T20:24:00+00:00,c40_24,control,conversion,0
2026-01-01T20:24:00+00:00,c40_24,control,error_rate,0
2026-01-01T20:25:00+00:00,c40_25,control,conversion,0
2026-01-01T20:25:00+00:00,c40_25,control,error_rate,0
2026-01-01T20:26:00+00:00,c40_26,control,conversion,0
2026-01-01T20:26:00+00:00,c40_26,control,error_rate,0
2026-01-01T20:27:00+00:00,c40_27,control,conversion,0
2026-01-01T20:27:00+00:00,c40_27,control,error_rate,1
2026-01-01T20:28:00+00:00,c40_28,control,conversion,0
2026-01-01T20:28:00+00:00,c40_28,control,error_rate,0
2026-01-01T20:29:00+00:00,c40_29,control,conversion,0
2026-01-01T20:29:00+00:00,c40_29,control,error_rate,0
2026-01-01T20:00:00+00:00,t40_0,treatment,conversion,0
2026-01-01T20:00:00+00:00,t40_0,treatment,error_rate,0
2026-01-01T20:01:00+00:00,t40_1,treatment,conversion,0
2026-01-01T20:01:00+00:00,t40_1,treatment,error_rate,0
2026-01-01T20:02:00+00:00,t40_2,treatment,conversion,0
2026-01-01T20:02:00+00:00,t40_2,treatment,error_rate,0
2026-01-01T20:03:00+00:00,t40_3,treatment,conversion,1
2026-01-01T20:03:00+00:00,t40_3,treatment,error_rate,0
2026-01-01T20:04:00+00:00,t40_4,treatment,conversion,0
2026-01-01T20:04:00+00:00,t40_4,treatment,error_rate,1
2026-01-01T20:05:00+00:00,t40_5,treatment,conversion,0
2026-01-01T20:05:00+00:00,t40_5,treatment,error_rate,0
2026-01-01T20:06:00+00:00,t40_6,treatment,conversion,0
2026-01-01T20:06:00+00:00,t40_6,treatment,error_rate,0
2026-01-01T20:07:00+00:00,t40_7,treatment,conversion,1
2026-01-01T20:07:00+00:00,t40_7,treatment,error_rate,0
2026-01-01T20:08:00+00:00,t40_8,treatment,conversion,0
2026-01-01T20:08:00+00:00,t40_8,treatment,error_rate,0
2026-01-01T20:09:00+00:00,t40_9,treatment,conversion,0
2026-01-01T20:09:00+00:00,t40_9,treatment,error_rate,1
2026-01-01T20:10:00+00:00,t40_10,treatment,conversion,0
2026-01-01T20:10:00+00:00,t40_10,treatment,error_rate,0
2026-01-01T20:11:00+00:00,t40_11,treatment,conversion,0
2026-01-01T20:11:00+00:00,t40_11,treatment,error_rate,0
2026-01-01T20:12:00+00:00,t40_12,treatment,conversion,0
2026-01-01T20:12:00+00:00,t40_12,treatment,error_rate,0
2026-01-01T20:13:00+00:00,t40_13,treatment,conversion,0
2026-01-01T20:13:00+00:00,t40_13,treatment,error_rate,0
2026-01-01T20:14:00+00:00,t40_14,treatment,conversion,0
2026-01-01T20:14:00+00:00,t40_14,treatment,error_rate,0
2026-01-01T20:15:00+00:00,t40_15,treatment,conversion,0
2026-01-01T20:15:00+00:00,t40_15,treatment,error_rate,0
2026-01-01T20:16:00+00:00,t40_16,treatment,conversion,0
2026-01-01T20:16:00+00:00,t40_16,treatment,error_rate,0
2026-01-01T20:17:00+00:00,t40_17,treatment,conversion,0
2026-01-01T20:17:00+00:00,t40_17,treatment,error_rate,0
2026-01-01T20:18:00+00:00,t40_18,treatment,conversion,0
2026-01-01T20:18:00+00:00,t40_18,treatment,error_rate,0
2026-01-01T20:19:00+00:00,t40_19,treatment,conversion,0
2026-01-01T20:19:00+00:00,t40_19,treatment,error_rate,1
2026-01-01T20:20:00+00:00,t40_20,treatment,conversion,0
2026-01-01T20:20:00+00:00,t40_20,treatment,error_rate,0
2026-01-01T20:21:00+00:00,t40_21,treatment,conversion,0
2026-01-01T20:21:00+00:00,t40_21,treatment,error_rate,0
2026-01-01T20:22:00+00:00,t40_22,treatment,conversion,0
2026-01-01T20:22:00+00:00,t40_22,treatment,error_rate,0
2026-01-01T20:23:00+00:00,t40_23,treatment,conversion,0
2026-01-01T20:23:00+00:00,t40_23,treatment,error_rate,0
2026-01-01T20:24:00+00:00,t40_24,treatment,conversion,1
2026-01-01T20:24:00+00:00,t40_24,treatment,error_rate,0
2026-01-01T20:25:00+00:00,t40_25,treatment,conversion,0
2026-01-01T20:25:00+00:00,t40_25,treatment,error_rate,0
2026-01-01T20:26:00+00:00,t40_26,treatment,conversion,1
2026-01-01T20:26:00+00:00,t40_26,treatment,error_rate,0
2026-01-01T20:27:00+00:00,t40_27,treatment,conversion,1
2026-01-01T20:27:00+00:00,t40_27,treatment,error_rate,0
2026-01-01T20:28:00+00:00,t40_28,treatment,conversion,1
2026-01-01T20:28:00+00:00,t40_28,treatment,error_rate,1
2026-01-01T20:29:00+00:00,t40_29,treatment,conversion,0
2026-01-01T20:29:00+00:00,t40_29,treatment,error_rate,0
2026-01-01T20:30:00+00:00,c41_0,control,conversion,0
2026-01-01T20:30:00+00:00,c41_0,control,error_rate,0
2026-01-01T20:31:00+00:00,c41_1,control,conversion,0
2026-01-01T20:31:00+00:00,c41_1,control,error_rate,0
2026-01-01T20:32:00+00:00,c41_2,control,conversion,0
2026-01-01T20:32:00+00:00,c41_2,control,error_rate,0
2026-01-01T20:33:00+00:00,c41_3,control,conversion,1
2026-01-01T20:33:00+00:00,c41_3,control,error_rate,0
2026-01-01T20:34:00+00:00,c41_4,control,conversion,0
2026-01-01T20:34:00+00:00,c41_4,control,error_rate,0
2026-01-01T20:35:00+00:00,c41_5,control,conversion,0
2026-01-01T20:35:00+00:00,c41_5,control,error_rate,0
2026-01-01T20:36:00+00:00,c41_6,control,conversion,0
2026-01-01T20:36:00+00:00,c41_6,control,error_rate,0
2026-01-01T20:37:00+00:00,c41_7,control,conversion,0
2026-01-01T20:37:00+00:00,c41_7,control,error_rate,0
2026-01-01T20:38:00+00:00,c41_8,control,conversion,0
2026-01-01T20:38:00+00:00,c41_8,control,error_rate,0
2026-01-01T20:39:00+00:00,c41_9,control,conversion,0
2026-01-01T20:39:00+00:00,c41_9,control,error_rate,0
2026-01-01T20:40:00+00:00,c41_10,control,conversion,0
2026-01-01T20:40:00+00:00,c41_10,control,error_rate,0
2026-01-01T20:41:00+00:00,c41_11,control,conversion,0
2026-01-01T20:41:00+00:00,c41_11,control,error_rate,0
2026-01-01T20:42:00+00:00,c41_12,control,conversion,0
2026-01-01T20:42:00+00:00,c41_12,control,error_rate,0
2026-01-01T20:43:00+00:00,c41_13,control,conversion,0
2026-01-01T20:43:00+00:00,c41_13,control,error_rate,0
2026-01-01T20:44:00+00:00,c41_14,control,conversion,0
2026-01-01T20:44:00+00:00,c41_14,control,error_rate,0
2026-01-01T20:45:00+00:00,c41_15,control,conversion,0
2026-01-01T20:45:00+00:00,c41_15,control,error_rate,0
2026-01-01T20:46:00+00:00,c41_16,control,conversion,0
2026-01-01T20:46:00+00:00,c41_16,control,error_rate,0
2026-01-01T20:47:00+00:00,c41_17,control,conversion,0
2026-01-01T20:47:00+00:00,c41_17,control,error_rate,0
2026-01-01T20:48:00+00:00,c41_18,control,conversion,0
2026-01-01T20:48:00+00:00,c41_18,control,error_rate,0
2026-01-01T20:49:00+00:00,c41_19,control,conversion,0
2026-01-01T20:49:00+00:00,c41_19,control,error_rate,1
2026-01-01T20:50:00+00:00,c41_20,control,conversion,1
2026-01-01T20:50:00+00:00,c41_20,control,error_rate,0
2026-01-01T20:51:00+00:00,c41_21,control,conversion,0
2026-01-01T20:51:00+00:00,c41_21,control,error_rate,0
2026-01-01T20:52:00+00:00,c41_22,control,conversion,0
2026-01-01T20:52:00+00:00,c41_22,control,error_rate,0
2026-01-01T20:53:00+00:00,c41_23,control,conversion,0
2026-01-01T20:53:00+00:00,c41_23,control,error_rate,0
2026-01-01T20:54:00+00:00,c41_24,control,conversion,0
2026-01-01T20:54:00+00:00,c41_24,control,error_rate,1
2026-01-01T20:55:00+00:00,c41_25,control,conversion,0
2026-01-01T20:55:00+00:00,c41_25,control,error_rate,0
2026-01-01T20:56:00+00:00,c41_26,control,conversion,1
2026-01-01T20:56:00+00:00,c41_26,control,error_rate,0
2026-01-01T20:57:00+00:00,c41_27,control,conversion,1
2026-01-01T20:57:00+00:00,c41_27,control,error_rate,0
2026-01-01T20:58:00+00:00,c41_28,control,conversion,0
2026-01-01T20:58:00+00:00,c41_28,control,error_rate,0
2026-01-01T20:59:00+00:00,c41_29,control,conversion,0
2026-01-01T20:59:00+00:00,c41_29,control,error_rate,0
2026-01-01T20:30:00+00:00,t41_0,treatment,conversion,0
2026-01-01T20:30:00+00:00,t41_0,treatment,error_rate,0
2026-01-01T20:31:00+00:00,t41_1,treatment,conversion,0
2026-01-01T20:31:00+00:00,t41_1,treatment,error_rate,0
2026-01-01T20:32:00+00:00,t41_2,treatment,conversion,0
2026-01-01T20:32:00+00:00,t41_2,treatment,error_rate,0
2026-01-01T20:33:00+00:00,t41_3,treatment,conversion,0
2026-01-01T20:33:00+00:00,t41_3,treatment,error_rate,0
2026-01-01T20:34:00+00:00,t41_4,treatment,conversion,0
2026-01-01T20:34:00+00:00,t41_4,treatment,error_rate,0
2026-01-01T20:35:00+00:00,t41_5,treatment,conversion,1
2026-01-01T20:35:00+00:00,t41_5,treatment,error_rate,1
2026-01-01T20:36:00+00:00,t41_6,treatment,conversion,1
2026-01-01T20:36:00+00:00,t41_6,treatment,error_rate,0
2026-01-01T20:37:00+00:00,t41_7,treatment,conversion,0
2026-01-01T20:37:00+00:00,t41_7,treatment,error_rate,0
2026-01-01T20:38:00+00:00,t41_8,treatment,conversion,0
2026-01-01T20:38:00+00:00,t41_8,treatment,error_rate,0
2026-01-01T20:39:00+00:00,t41_9,treatment,conversion,0
2026-01-01T20:39:00+00:00,t41_9,treatment,error_rate,0
2026-01-01T20:40:00+00:00,t41_10,treatment,conversion,0
2026-01-01T20:40:00+00:00,t41_10,treatment,error_rate,0
2026-01-01T20:41:00+00:00,t41_11,treatment,conversion,0
2026-01-01T20:41:00+00:00,t41_11,treatment,error_rate,0
2026-01-01T20:42:00+00:00,t41_12,treatment,conversion,0
2026-01-01T20:42:00+00:00,t41_12,treatment,error_rate,0
2026-01-01T20:43:00+00:00,t41_13,treatment,conversion,0
2026-01-01T20:43:00+00:00,t41_13,treatment,error_rate,1
2026-01-01T20:44:00+00:00,t41_14,treatment,conversion,0
2026-01-01T20:44:00+00:00,t41_14,treatment,error_rate,0
2026-01-01T20:45:00+00:00,t41_15,treatment,conversion,0
2026-01-01T20:45:00+00:00,t41_15,treatment,error_rate,0
2026-01-01T20:46:00+00:00,t41_16,treatment,conversion,0
2026-01-01T20:46:00+00:00,t41_16,treatment,error_rate,0
2026-01-01T20:47:00+00:00,t41_17,treatment,conversion,1
2026-01-01T20:47:00+00:00,t41_17,treatment,error_rate,0
2026-01-01T20:48:00+00:00,t41_18,treatment,conversion,0
2026-01-01T20:48:00+00:00,t41_18,treatment,error_rate,0
2026-01-01T20:49:00+00:00,t41_19,treatment,conversion,0
2026-01-01T20:49:00+00:00,t41_19,treatment,error_rate,1
2026-01-01T20:50:00+00:00,t41_20,treatment,conversion,0
2026-01-01T20:50:00+00:00,t41_20,treatment,error_rate,0
2026-01-01T20:51:00+00:00,t41_21,treatment,conversion,0
2026-01-01T20:51:00+00:00,t41_21,treatment,error_rate,0
2026-01-01T20:52:00+00:00,t41_22,treatment,conversion,0
2026-01-01T20:52:00+00:00,t41_22,treatment,error_rate,0
2026-01-01T20:53:00+00:00,t41_23,treatment,conversion,0
2026-01-01T20:53:00+00:00,t41_23,treatment,error_rate,0
2026-01-01T20:54:00+00:00,t41_24,treatment,conversion,0
2026-01-01T20:54:00+00:00,t41_24,treatment,error_rate,0
2026-01-01T20:55:00+00:00,t41_25,treatment,conversion,1
2026-01-01T20:55:00+00:00,t41_25,treatment,error_rate,0
2026-01-01T20:56:00+00:00,t41_26,treatment,conversion,0
2026-01-01T20:56:00+00:00,t41_26,treatment,error_rate,0
2026-01-01T20:57:00+00:00,t41_27,treatment,conversion,0
2026-01-01T20:57:00+00:00,t41_27,treatment,error_rate,0
2026-01-01T20:58:00+00:00,t41_28,treatment,conversion,0
2026-01-01T20:58:00+00:00,t41_28,treatment,error_rate,0
2026-01-01T20:59:00+00:00,t41_29,treatment,conversion,0
2026-01-01T20:59:00+00:00,t41_29,treatment,error_rate,0
2026-01-01T21:00:00+00:00,c42_0,control,conversion,0
2026-01-01T21:00:00+00:00,c42_0,control,error_rate,1
2026-01-01T21:01:00+00:00,c42_1,control,conversion,0
2026-01-01T21:01:00+00:00,c42_1,control,error_rate,0
2026-01-01T21:02:00+00:00,c42_2,control,conversion,0
2026-01-01T21:02:00+00:00,c42_2,control,error_rate,0
2026-01-01T21:03:00+00:00,c42_3,control,conversion,1
2026-01-01T21:03:00+00:00,c42_3,control,error_rate,0
2026-01-01T21:04:00+00:00,c42_4,control,conversion,0
2026-01-01T21:04:00+00:00,c42_4,control,error_rate,0
2026-01-01T21:05:00+00:00,c42_5,control,conversion,0
2026-01-01T21:05:00+00:00,c42_5,control,error_rate,1
2026-01-01T21:06:00+00:00,c42_6,control,conversion,0
2026-01-01T21:06:00+00:00,c42_6,control,error_rate,0
2026-01-01T21:07:00+00:00,c42_7,control,conversion,0
2026-01-01T21:07:00+00:00,c42_7,control,error_rate,0
2026-01-01T21:08:00+00:00,c42_8,control,conversion,0
2026-01-01T21:08:00+00:00,c42_8,control,error_rate,0
2026-01-01T21:09:00+00:00,c42_9,control,conversion,0
2026-01-01T21:09:00+00:00,c42_9,control,error_rate,0
2026-01-01T21:10:00+00:00,c42_10,control,conversion,0
2026-01-01T21:10:00+00:00,c42_10,control,error_rate,0
2026-01-01T21:11:00+00:00,c42_11,control,conversion,0
2026-01-01T21:11:00+00:00,c42_11,control,error_rate,0
2026-01-01T21:12:00+00:00,c42_12,control,conversion,0
2026-01-01T21:12:00+00:00,c42_12,control,error_rate,0
2026-01-01T21:13:00+00:00,c42_13,control,conversion,0
2026-01-01T21:13:00+00:00,c42_13,control,error_rate,0
2026-01-01T21:14:00+00:00,c42_14,control,conversion,0
2026-01-01T21:14:00+00:00,c42_14,control,error_rate,0
2026-01-01T21:15:00+00:00,c42_15,control,conversion,0
2026-01-01T21:15:00+00:00,c42_15,control,error_rate,0
2026-01-01T21:16:00+00:00,c42_16,control,conversion,0
2026-01-01T21:16:00+00:00,c42_16,control,error_rate,0
2026-01-01T21:17:00+00:00,c42_17,control,conversion,0
2026-01-01T21:17:00+00:00,c42_17,control,error_rate,0
2026-01-01T21:18:00+00:00,c42_18,control,conversion,0
2026-01-01T21:18:00+00:00,c42_18,control,error_rate,1
2026-01-01T21:19:00+00:00,c42_19,control,conversion,0
2026-01-01T21:19:00+00:00,c42_19,control,error_rate,0
2026-01-01T21:20:00+00:00,c42_20,control,conversion,0
2026-01-01T21:20:00+00:00,c42_20,control,error_rate,1
2026-01-01T21:21:00+00:00,c42_21,control,conversion,0
2026-01-01T21:21:00+00:00,c42_21,control,error_rate,0
2026-01-01T21:22:00+00:00,c42_22,control,conversion,0
2026-01-01T21:22:00+00:00,c42_22,control,error_rate,0
2026-01-01T21:23:00+00:00,c42_23,control,conversion,0
2026-01-01T21:23:00+00:00,c42_23,control,error_rate,0
2026-01-01T21:24:00+00:00,c42_24,control,conversion,0
2026-01-01T21:24:00+00:00,c42_24,control,error_rate,0
2026-01-01T21:25:00+00:00,c42_25,control,conversion,0
2026-01-01T21:25:00+00:00,c42_25,control,error_rate,1
2026-01-01T21:26:00+00:00,c42_26,control,conversion,0
2026-01-01T21:26:00+00:00,c42_26,control,error_rate,0
2026-01-01T21:27:00+00:00,c42_27,control,conversion,0
2026-01-01T21:27:00+00:00,c42_27,control,error_rate,0
2026-01-01T21:28:00+00:00,c42_28,control,conversion,0
2026-01-01T21:28:00+00:00,c42_28,control,error_rate,0
2026-01-01T21:29:00+00:00,c42_29,control,conversion,0
2026-01-01T21:29:00+00:00,c42_29,control,error_rate,0
2026-01-01T21:00:00+00:00,t42_0,treatment,conversion,0
2026-01-01T21:00:00+00:00,t42_0,treatment,error_rate,0
2026-01-01T21:01:00+00:00,t42_1,treatment,conversion,0
2026-01-01T21:01:00+00:00,t42_1,treatment,error_rate,0
2026-01-01T21:02:00+00:00,t42_2,treatment,conversion,1
2026-01-01T21:02:00+00:00,t42_2,treatment,error_rate,1
2026-01-01T21:03:00+00:00,t42_3,treatment,conversion,0
2026-01-01T21:03:00+00:00,t42_3,treatment,error_rate,0
2026-01-01T21:04:00+00:00,t42_4,treatment,conversion,0
2026-01-01T21:04:00+00:00,t42_4,treatment,error_rate,0
2026-01-01T21:05:00+00:00,t42_5,treatment,conversion,1
2026-01-01T21:05:00+00:00,t42_5,treatment,error_rate,0
2026-01-01T21:06:00+00:00,t42_6,treatment,conversion,0
2026-01-01T21:06:00+00:00,t42_6,treatment,error_rate,1
2026-01-01T21:07:00+00:00,t42_7,treatment,conversion,0
2026-01-01T21:07:00+00:00,t42_7,treatment,error_rate,0
2026-01-01T21:08:00+00:00,t42_8,treatment,conversion,1
2026-01-01T21:08:00+00:00,t42_8,treatment,error_rate,0
2026-01-01T21:09:00+00:00,t42_9,treatment,conversion,0
2026-01-01T21:09:00+00:00,t42_9,treatment,error_rate,1
2026-01-01T21:10:00+00:00,t42_10,treatment,conversion,0
2026-01-01T21:10:00+00:00,t42_10,treatment,error_rate,0
2026-01-01T21:11:00+00:00,t42_11,treatment,conversion,1
2026-01-01T21:11:00+00:00,t42_11,treatment,error_rate,0
2026-01-01T21:12:00+00:00,t42_12,treatment,conversion,0
2026-01-01T21:12:00+00:00,t42_12,treatment,error_rate,1
2026-01-01T21:13:00+00:00,t42_13,treatment,conversion,0
2026-01-01T21:13:00+00:00,t42_13,treatment,error_rate,0
2026-01-01T21:14:00+00:00,t42_14,treatment,conversion,0
2026-01-01T21:14:00+00:00,t42_14,treatment,error_rate,0
2026-01-01T21:15:00+00:00,t42_15,treatment,conversion,1
2026-01-01T21:15:00+00:00,t42_15,treatment,error_rate,1
2026-01-01T21:16:00+00:00,t42_16,treatment,conversion,1
2026-01-01T21:16:00+00:00,t42_16,treatment,error_rate,0
2026-01-01T21:17:00+00:00,t42_17,treatment,conversion,1
2026-01-01T21:17:00+00:00,t42_17,treatment,error_rate,0
2026-01-01T21:18:00+00:00,t42_18,treatment,conversion,0
2026-01-01T21:18:00+00:00,t42_18,treatment,error_rate,0
2026-01-01T21:19:00+00:00,t42_19,treatment,conversion,0
2026-01-01T21:19:00+00:00,t42_19,treatment,error_rate,0
2026-01-01T21:20:00+00:00,t42_20,treatment,conversion,0
2026-01-01T21:20:00+00:00,t42_20,treatment,error_rate,0
2026-01-01T21:21:00+00:00,t42_21,treatment,conversion,0
2026-01-01T21:21:00+00:00,t42_21,treatment,error_rate,0
2026-01-01T21:22:00+00:00,t42_22,treatment,conversion,0
2026-01-01T21:22:00+00:00,t42_22,treatment,error_rate,0
2026-01-01T21:23:00+00:00,t42_23,treatment,conversion,0
2026-01-01T21:23:00+00:00,t42_23,treatment,error_rate,0
2026-01-01T21:24:00+00:00,t42_24,treatment,conversion,1
2026-01-01T21:24:00+00:00,t42_24,treatment,error_rate,0
2026-01-01T21:25:00+00:00,t42_25,treatment,conversion,1
2026-01-01T21:25:00+00:00,t42_25,treatment,error_rate,0
2026-01-01T21:26:00+00:00,t42_26,treatment,conversion,0
2026-01-01T21:26:00+00:00,t42_26,treatment,error_rate,0
2026-01-01T21:27:00+00:00,t42_27,treatment,conversion,1
2026-01-01T21:27:00+00:00,t42_27,treatment,error_rate,0
2026-01-01T21:28:00+00:00,t42_28,treatment,conversion,0
2026-01-01T21:28:00+00:00,t42_28,treatment,error_rate,1
2026-01-01T21:29:00+00:00,t42_29,treatment,conversion,0
2026-01-01T21:29:00+00:00,t42_29,treatment,error_rate,0
2026-01-01T21:30:00+00:00,c43_0,control,conversion,1
2026-01-01T21:30:00+00:00,c43_0,control,error_rate,0
2026-01-01T21:31:00+00:00,c43_1,control,conversion,1
2026-01-01T21:31:00+00:00,c43_1,control,error_rate,0
2026-01-01T21:32:00+00:00,c43_2,control,conversion,0
2026-01-01T21:32:00+00:00,c43_2,control,error_rate,1
2026-01-01T21:33:00+00:00,c43_3,control,conversion,0
2026-01-01T21:33:00+00:00,c43_3,control,error_rate,0
2026-01-01T21:34:00+00:00,c43_4,control,conversion,0
2026-01-01T21:34:00+00:00,c43_4,control,error_rate,0
2026-01-01T21:35:00+00:00,c43_5,control,conversion,0
2026-01-01T21:35:00+00:00,c43_5,control,error_rate,0
2026-01-01T21:36:00+00:00,c43_6,control,conversion,0
2026-01-01T21:36:00+00:00,c43_6,control,error_rate,0
2026-01-01T21:37:00+00:00,c43_7,control,conversion,1
2026-01-01T21:37:00+00:00,c43_7,control,error_rate,1
2026-01-01T21:38:00+00:00,c43_8,control,conversion,0
2026-01-01T21:38:00+00:00,c43_8,control,error_rate,0
2026-01-01T21:39:00+00:00,c43_9,control,conversion,0
2026-01-01T21:39:00+00:00,c43_9,control,error_rate,0
2026-01-01T21:40:00+00:00,c43_10,control,conversion,1
2026-01-01T21:40:00+00:00,c43_10,control,error_rate,0
2026-01-01T21:41:00+00:00,c43_11,control,conversion,0
2026-01-01T21:41:00+00:00,c43_11,control,error_rate,1
2026-01-01T21:42:00+00:00,c43_12,control,conversion,1
2026-01-01T21:42:00+00:00,c43_12,control,error_rate,0
2026-01-01T21:43:00+00:00,c43_13,control,conversion,0
2026-01-01T21:43:00+00:00,c43_13,control,error_rate,0
2026-01-01T21:44:00+00:00,c43_14,control,conversion,0
2026-01-01T21:44:00+00:00,c43_14,control,error_rate,0
2026-01-01T21:45:00+00:00,c43_15,control,conversion,0
2026-01-01T21:45:00+00:00,c43_15,control,error_rate,0
2026-01-01T21:46:00+00:00,c43_16,control,conversion,0
2026-01-01T21:46:00+00:00,c43_16,control,error_rate,0
2026-01-01T21:47:00+00:00,c43_17,control,conversion,0
2026-01-01T21:47:00+00:00,c43_17,control,error_rate,0
2026-01-01T21:48:00+00:00,c43_18,control,conversion,0
2026-01-01T21:48:00+00:00,c43_18,control,error_rate,0
2026-01-01T21:49:00+00:00,c43_19,control,conversion,0
2026-01-01T21:49:00+00:00,c43_19,control,error_rate,0
2026-01-01T21:50:00+00:00,c43_20,control,conversion,0
2026-01-01T21:50:00+00:00,c43_20,control,error_rate,0
2026-01-01T21:51:00+00:00,c43_21,control,conversion,0
2026-01-01T21:51:00+00:00,c43_21,control,error_rate,0
2026-01-01T21:52:00+00:00,c43_22,control,conversion,0
2026-01-01T21:52:00+00:00,c43_22,control,error_rate,0
2026-01-01T21:53:00+00:00,c43_23,control,conversion,0
2026-01-01T21:53:00+00:00,c43_23,control,error_rate,1
2026-01-01T21:54:00+00:00,c43_24,control,conversion,0
2026-01-01T21:54:00+00:00,c43_24,control,error_rate,0
2026-01-01T21:55:00+00:00,c43_25,control,conversion,0
2026-01-01T21:55:00+00:00,c43_25,control,error_rate,0
2026-01-01T21:56:00+00:00,c43_26,control,conversion,0
2026-01-01T21:56:00+00:00,c43_26,control,error_rate,0
2026-01-01T21:57:00+00:00,c43_27,control,conversion,0
2026-01-01T21:57:00+00:00,c43_27,control,error_rate,1
2026-01-01T21:58:00+00:00,c43_28,control,conversion,0
2026-01-01T21:58:00+00:00,c43_28,control,error_rate,1
2026-01-01T21:59:00+00:00,c43_29,control,conversion,0
2026-01-01T21:59:00+00:00,c43_29,control,error_rate,0
2026-01-01T21:30:00+00:00,t43_0,treatment,conversion,1
2026-01-01T21:30:00+00:00,t43_0,treatment,error_rate,0
2026-01-01T21:31:00+00:00,t43_1,treatment,conversion,1
2026-01-01T21:31:00+00:00,t43_1,treatment,error_rate,0
2026-01-01T21:32:00+00:00,t43_2,treatment,conversion,1
2026-01-01T21:32:00+00:00,t43_2,treatment,error_rate,0
2026-01-01T21:33:00+00:00,t43_3,treatment,conversion,1
2026-01-01T21:33:00+00:00,t43_3,treatment,error_rate,0
2026-01-01T21:34:00+00:00,t43_4,treatment,conversion,0
2026-01-01T21:34:00+00:00,t43_4,treatment,error_rate,0
2026-01-01T21:35:00+00:00,t43_5,treatment,conversion,1
2026-01-01T21:35:00+00:00,t43_5,treatment,error_rate,1
2026-01-01T21:36:00+00:00,t43_6,treatment,conversion,1
2026-01-01T21:36:00+00:00,t43_6,treatment,error_rate,0
2026-01-01T21:37:00+00:00,t43_7,treatment,conversion,0
2026-01-01T21:37:00+00:00,t43_7,treatment,error_rate,0
2026-01-01T21:38:00+00:00,t43_8,treatment,conversion,0
2026-01-01T21:38:00+00:00,t43_8,treatment,error_rate,0
2026-01-01T21:39:00+00:00,t43_9,treatment,conversion,0
2026-01-01T21:39:00+00:00,t43_9,treatment,error_rate,0
2026-01-01T21:40:00+00:00,t43_10,treatment,conversion,0
2026-01-01T21:40:00+00:00,t43_10,treatment,error_rate,0
2026-01-01T21:41:00+00:00,t43_11,treatment,conversion,0
2026-01-01T21:41:00+00:00,t43_11,treatment,error_rate,0
2026-01-01T21:42:00+00:00,t43_12,treatment,conversion,0
2026-01-01T21:42:00+00:00,t43_12,treatment,error_rate,0
2026-01-01T21:43:00+00:00,t43_13,treatment,conversion,1
2026-01-01T21:43:00+00:00,t43_13,treatment,error_rate,0
2026-01-01T21:44:00+00:00,t43_14,treatment,conversion,0
2026-01-01T21:44:00+00:00,t43_14,treatment,error_rate,0
2026-01-01T21:45:00+00:00,t43_15,treatment,conversion,0
2026-01-01T21:45:00+00:00,t43_15,treatment,error_rate,1
2026-01-01T21:46:00+00:00,t43_16,treatment,conversion,0
2026-01-01T21:46:00+00:00,t43_16,treatment,error_rate,1
2026-01-01T21:47:00+00:00,t43_17,treatment,conversion,0
2026-01-01T21:47:00+00:00,t43_17,treatment,error_rate,0
2026-01-01T21:48:00+00:00,t43_18,treatment,conversion,0
2026-01-01T21:48:00+00:00,t43_18,treatment,error_rate,0
2026-01-01T21:49:00+00:00,t43_19,treatment,conversion,0
2026-01-01T21:49:00+00:00,t43_19,treatment,error_rate,0
2026-01-01T21:50:00+00:00,t43_20,treatment,conversion,0
2026-01-01T21:50:00+00:00,t43_20,treatment,error_rate,0
2026-01-01T21:51:00+00:00,t43_21,treatment,conversion,0
2026-01-01T21:51:00+00:00,t43_21,treatment,error_rate,1
2026-01-01T21:52:00+00:00,t43_22,treatment,conversion,1
2026-01-01T21:52:00+00:00,t43_22,treatment,error_rate,0
2026-01-01T21:53:00+00:00,t43_23,treatment,conversion,0
2026-01-01T21:53:00+00:00,t43_23,treatment,error_rate,0
2026-01-01T21:54:00+00:00,t43_24,treatment,conversion,0
2026-01-01T21:54:00+00:00,t43_24,treatment,error_rate,0
2026-01-01T21:55:00+00:00,t43_25,treatment,conversion,1
2026-01-01T21:55:00+00:00,t43_25,treatment,error_rate,0
2026-01-01T21:56:00+00:00,t43_26,treatment,conversion,0
2026-01-01T21:56:00+00:00,t43_26,treatment,error_rate,0
2026-01-01T21:57:00+00:00,t43_27,treatment,conversion,0
2026-01-01T21:57:00+00:00,t43_27,treatment,error_rate,0
2026-01-01T21:58:00+00:00,t43_28,treatment,conversion,0
2026-01-01T21:58:00+00:00,t43_28,treatment,error_rate,0
2026-01-01T21:59:00+00:00,t43_29,treatment,conversion,0
2026-01-01T21:59:00+00:00,t43_29,treatment,error_rate,1
2026-01-01T22:00:00+00:00,c44_0,control,conversion,0
2026-01-01T22:00:00+00:00,c44_0,control,error_rate,0
2026-01-01T22:01:00+00:00,c44_1,control,conversion,0
2026-01-01T22:01:00+00:00,c44_1,control,error_rate,0
2026-01-01T22:02:00+00:00,c44_2,control,conversion,0
2026-01-01T22:02:00+00:00,c44_2,control,error_rate,0
2026-01-01T22:03:00+00:00,c44_3,control,conversion,0
2026-01-01T22:03:00+00:00,c44_3,control,error_rate,0
2026-01-01T22:04:00+00:00,c44_4,control,conversion,0
2026-01-01T22:04:00+00:00,c44_4,control,error_rate,0
2026-01-01T22:05:00+00:00,c44_5,control,conversion,0
2026-01-01T22:05:00+00:00,c44_5,control,error_rate,0
2026-01-01T22:06:00+00:00,c44_6,control,conversion,0
2026-01-01T22:06:00+00:00,c44_6,control,error_rate,0
2026-01-01T22:07:00+00:00,c44_7,control,conversion,0
2026-01-01T22:07:00+00:00,c44_7,control,error_rate,0
2026-01-01T22:08:00+00:00,c44_8,control,conversion,1
2026-01-01T22:08:00+00:00,c44_8,control,error_rate,0
2026-01-01T22:09:00+00:00,c44_9,control,conversion,0
2026-01-01T22:09:00+00:00,c44_9,control,error_rate,0
2026-01-01T22:10:00+00:00,c44_10,control,conversion,1
2026-01-01T22:10:00+00:00,c44_10,control,error_rate,0
2026-01-01T22:11:00+00:00,c44_11,control,conversion,0
2026-01-01T22:11:00+00:00,c44_11,control,error_rate,0
2026-01-01T22:12:00+00:00,c44_12,control,conversion,0
2026-01-01T22:12:00+00:00,c44_12,control,error_rate,0
2026-01-01T22:13:00+00:00,c44_13,control,conversion,0
2026-01-01T22:13:00+00:00,c44_13,control,error_rate,0
2026-01-01T22:14:00+00:00,c44_14,control,conversion,0
2026-01-01T22:14:00+00:00,c44_14,control,error_rate,0
2026-01-01T22:15:00+00:00,c44_15,control,conversion,0
2026-01-01T22:15:00+00:00,c44_15,control,error_rate,0
2026-01-01T22:16:00+00:00,c44_16,control,conversion,0
2026-01-01T22:16:00+00:00,c44_16,control,error_rate,0
2026-01-01T22:17:00+00:00,c44_17,control,conversion,0
2026-01-01T22:17:00+00:00,c44_17,control,error_rate,0
2026-01-01T22:18:00+00:00,c44_18,control,conversion,0
2026-01-01T22:18:00+00:00,c44_18,control,error_rate,0
2026-01-01T22:19:00+00:00,c44_19,control,conversion,0
2026-01-01T22:19:00+00:00,c44_19,control,error_rate,0
2026-01-01T22:20:00+00:00,c44_20,control,conversion,0
2026-01-01T22:20:00+00:00,c44_20,control,error_rate,0
2026-01-01T22:21:00+00:00,c44_21,control,conversion,0
2026-01-01T22:21:00+00:00,c44_21,control,error_rate,0
2026-01-01T22:22:00+00:00,c44_22,control,conversion,0
2026-01-01T22:22:00+00:00,c44_22,control,error_rate,0
2026-01-01T22:23:00+00:00,c44_23,control,conversion,0
2026-01-01T22:23:00+00:00,c44_23,control,error_rate,0
2026-01-01T22:24:00+00:00,c44_24,control,conversion,0
2026-01-01T22:24:00+00:00,c44_24,control,error_rate,0
2026-01-01T22:25:00+00:00,c44_25,control,conversion,0
2026-01-01T22:25:00+00:00,c44_25,control,error_rate,0
2026-01-01T22:26:00+00:00,c44_26,control,conversion,0
2026-01-01T22:26:00+00:00,c44_26,control,error_rate,0
2026-01-01T22:27:00+00:00,c44_27,control,conversion,0
2026-01-01T22:27:00+00:00,c44_27,control,error_rate,0
2026-01-01T22:28:00+00:00,c44_28,control,conversion,0
2026-01-01T22:28:00+00:00,c44_28,control,error_rate,0
2026-01-01T22:29:00+00:00,c44_29,control,conversion,0
2026-01-01T22:29:00+00:00,c44_29,control,error_rate,0
2026-01-01T22:00:00+00:00,t44_0,treatment,conversion,0
2026-01-01T22:00:00+00:00,t44_0,treatment,error_rate,0
2026-01-01T22:01:00+00:00,t44_1,treatment,conversion,0
2026-01-01T22:01:00+00:00,t44_1,treatment,error_rate,0
2026-01-01T22:02:00+00:00,t44_2,treatment,conversion,0
2026-01-01T22:02:00+00:00,t44_2,treatment,error_rate,0
2026-01-01T22:03:00+00:00,t44_3,treatment,conversion,0
2026-01-01T22:03:00+00:00,t44_3,treatment,error_rate,0
2026-01-01T22:04:00+00:00,t44_4,treatment,conversion,1
2026-01-01T22:04:00+00:00,t44_4,treatment,error_rate,1
2026-01-01T22:05:00+00:00,t44_5,treatment,conversion,1
2026-01-01T22:05:00+00:00,t44_5,treatment,error_rate,0
2026-01-01T22:06:00+00:00,t44_6,treatment,conversion,0
2026-01-01T22:06:00+00:00,t44_6,treatment,error_rate,0
2026-01-01T22:07:00+00:00,t44_7,treatment,conversion,0
2026-01-01T22:07:00+00:00,t44_7,treatment,error_rate,0
2026-01-01T22:08:00+00:00,t44_8,treatment,conversion,0
2026-01-01T22:08:00+00:00,t44_8,treatment,error_rate,0
2026-01-01T22:09:00+00:00,t44_9,treatment,conversion,0
2026-01-01T22:09:00+00:00,t44_9,treatment,error_rate,0
2026-01-01T22:10:00+00:00,t44_10,treatment,conversion,0
2026-01-01T22:10:00+00:00,t44_10,treatment,error_rate,1
2026-01-01T22:11:00+00:00,t44_11,treatment,conversion,0
2026-01-01T22:11:00+00:00,t44_11,treatment,error_rate,0
2026-01-01T22:12:00+00:00,t44_12,treatment,conversion,0
2026-01-01T22:12:00+00:00,t44_12,treatment,error_rate,0
2026-01-01T22:13:00+00:00,t44_13,treatment,conversion,0
2026-01-01T22:13:00+00:00,t44_13,treatment,error_rate,0
2026-01-01T22:14:00+00:00,t44_14,treatment,conversion,0
2026-01-01T22:14:00+00:00,t44_14,treatment,error_rate,0
2026-01-01T22:15:00+00:00,t44_15,treatment,conversion,0
2026-01-01T22:15:00+00:00,t44_15,treatment,error_rate,0
2026-01-01T22:16:00+00:00,t44_16,treatment,conversion,0
2026-01-01T22:16:00+00:00,t44_16,treatment,error_rate,0
2026-01-01T22:17:00+00:00,t44_17,treatment,conversion,0
2026-01-01T22:17:00+00:00,t44_17,treatment,error_rate,0
2026-01-01T22:18:00+00:00,t44_18,treatment,conversion,0
2026-01-01T22:18:00+00:00,t44_18,treatment,error_rate,0
2026-01-01T22:19:00+00:00,t44_19,treatment,conversion,0
2026-01-01T22:19:00+00:00,t44_19,treatment,error_rate,0
2026-01-01T22:20:00+00:00,t44_20,treatment,conversion,1
2026-01-01T22:20:00+00:00,t44_20,treatment,error_rate,0
2026-01-01T22:21:00+00:00,t44_21,treatment,conversion,0
2026-01-01T22:21:00+00:00,t44_21,treatment,error_rate,1
2026-01-01T22:22:00+00:00,t44_22,treatment,conversion,0
2026-01-01T22:22:00+00:00,t44_22,treatment,error_rate,0
2026-01-01T22:23:00+00:00,t44_23,treatment,conversion,0
2026-01-01T22:23:00+00:00,t44_23,treatment,error_rate,1
2026-01-01T22:24:00+00:00,t44_24,treatment,conversion,0
2026-01-01T22:24:00+00:00,t44_24,treatment,error_rate,0
2026-01-01T22:25:00+00:00,t44_25,treatment,conversion,1
2026-01-01T22:25:00+00:00,t44_25,treatment,error_rate,0
2026-01-01T22:26:00+00:00,t44_26,treatment,conversion,0
2026-01-01T22:26:00+00:00,t44_26,treatment,error_rate,0
2026-01-01T22:27:00+00:00,t44_27,treatment,conversion,0
2026-01-01T22:27:00+00:00,t44_27,treatment,error_rate,0
2026-01-01T22:28:00+00:00,t44_28,treatment,conversion,1
2026-01-01T22:28:00+00:00,t44_28,treatment,error_rate,0
2026-01-01T22:29:00+00:00,t44_29,treatment,conversion,0
2026-01-01T22:29:00+00:00,t44_29,treatment,error_rate,1
2026-01-01T22:30:00+00:00,c45_0,control,conversion,0
2026-01-01T22:30:00+00:00,c45_0,control,error_rate,0
2026-01-01T22:31:00+00:00,c45_1,control,conversion,0
2026-01-01T22:31:00+00:00,c45_1,control,error_rate,0
2026-01-01T22:32:00+00:00,c45_2,control,conversion,1
2026-01-01T22:32:00+00:00,c45_2,control,error_rate,0
2026-01-01T22:33:00+00:00,c45_3,control,conversion,0
2026-01-01T22:33:00+00:00,c45_3,control,error_rate,0
2026-01-01T22:34:00+00:00,c45_4,control,conversion,0
2026-01-01T22:34:00+00:00,c45_4,control,error_rate,0
2026-01-01T22:35:00+00:00,c45_5,control,conversion,0
2026-01-01T22:35:00+00:00,c45_5,control,error_rate,0
2026-01-01T22:36:00+00:00,c45_6,control,conversion,1
2026-01-01T22:36:00+00:00,c45_6,control,error_rate,0
2026-01-01T22:37:00+00:00,c45_7,control,conversion,1
2026-01-01T22:37:00+00:00,c45_7,control,error_rate,0
2026-01-01T22:38:00+00:00,c45_8,control,conversion,0
2026-01-01T22:38:00+00:00,c45_8,control,error_rate,0
2026-01-01T22:39:00+00:00,c45_9,control,conversion,0
2026-01-01T22:39:00+00:00,c45_9,control,error_rate,0
2026-01-01T22:40:00+00:00,c45_10,control,conversion,0
2026-01-01T22:40:00+00:00,c45_10,control,error_rate,0
2026-01-01T22:41:00+00:00,c45_11,control,conversion,0
2026-01-01T22:41:00+00:00,c45_11,control,error_rate,0
2026-01-01T22:42:00+00:00,c45_12,control,conversion,0
2026-01-01T22:42:00+00:00,c45_12,control,error_rate,0
2026-01-01T22:43:00+00:00,c45_13,control,conversion,0
2026-01-01T22:43:00+00:00,c45_13,control,error_rate,0
2026-01-01T22:44:00+00:00,c45_14,control,conversion,0
2026-01-01T22:44:00+00:00,c45_14,control,error_rate,0
2026-01-01T22:45:00+00:00,c45_15,control,conversion,0
2026-01-01T22:45:00+00:00,c45_15,control,error_rate,0
2026-01-01T22:46:00+00:00,c45_16,control,conversion,0
2026-01-01T22:46:00+00:00,c45_16,control,error_rate,0
2026-01-01T22:47:00+00:00,c45_17,control,conversion,1
2026-01-01T22:47:00+00:00,c45_17,control,error_rate,0
2026-01-01T22:48:00+00:00,c45_18,control,conversion,0
2026-01-01T22:48:00+00:00,c45_18,control,error_rate,0
2026-01-01T22:49:00+00:00,c45_19,control,conversion,0
2026-01-01T22:49:00+00:00,c45_19,control,error_rate,1
2026-01-01T22:50:00+00:00,c45_20,control,conversion,0
2026-01-01T22:50:00+00:00,c45_20,control,error_rate,1
2026-01-01T22:51:00+00:00,c45_21,control,conversion,0
2026-01-01T22:51:00+00:00,c45_21,control,error_rate,0
2026-01-01T22:52:00+00:00,c45_22,control,conversion,0
2026-01-01T22:52:00+00:00,c45_22,control,error_rate,0
2026-01-01T22:53:00+00:00,c45_23,control,conversion,0
2026-01-01T22:53:00+00:00,c45_23,control,error_rate,0
2026-01-01T22:54:00+00:00,c45_24,control,conversion,0
2026-01-01T22:54:00+00:00,c45_24,control,error_rate,0
2026-01-01T22:55:00+00:00,c45_25,control,conversion,0
2026-01-01T22:55:00+00:00,c45_25,control,error_rate,0
2026-01-01T22:56:00+00:00,c45_26,control,conversion,0
2026-01-01T22:56:00+00:00,c45_26,control,error_rate,0
2026-01-01T22:57:00+00:00,c45_27,control,conversion,0
2026-01-01T22:57:00+00:00,c45_27,control,error_rate,0
2026-01-01T22:58:00+00:00,c45_28,control,conversion,0
2026-01-01T22:58:00+00:00,c45_28,control,error_rate,0
2026-01-01T22:59:00+00:00,c45_29,control,conversion,1
2026-01-01T22:59:00+00:00,c45_29,control,error_rate,0
2026-01-01T22:30:00+00:00,t45_0,treatment,conversion,0
2026-01-01T22:30:00+00:00,t45_0,treatment,error_rate,0
2026-01-01T22:31:00+00:00,t45_1,treatment,conversion,0
2026-01-01T22:31:00+00:00,t45_1,treatment,error_rate,0
2026-01-01T22:32:00+00:00,t45_2,treatment,conversion,1
2026-01-01T22:32:00+00:00,t45_2,treatment,error_rate,0
2026-01-01T22:33:00+00:00,t45_3,treatment,conversion,1
2026-01-01T22:33:00+00:00,t45_3,treatment,error_rate,0
2026-01-01T22:34:00+00:00,t45_4,treatment,conversion,1
2026-01-01T22:34:00+00:00,t45_4,treatment,error_rate,0
2026-01-01T22:35:00+00:00,t45_5,treatment,conversion,1
2026-01-01T22:35:00+00:00,t45_5,treatment,error_rate,0
2026-01-01T22:36:00+00:00,t45_6,treatment,conversion,0
2026-01-01T22:36:00+00:00,t45_6,treatment,error_rate,0
2026-01-01T22:37:00+00:00,t45_7,treatment,conversion,0
2026-01-01T22:37:00+00:00,t45_7,treatment,error_rate,0
2026-01-01T22:38:00+00:00,t45_8,treatment,conversion,1
2026-01-01T22:38:00+00:00,t45_8,treatment,error_rate,0
2026-01-01T22:39:00+00:00,t45_9,treatment,conversion,1
2026-01-01T22:39:00+00:00,t45_9,treatment,error_rate,0
2026-01-01T22:40:00+00:00,t45_10,treatment,conversion,0
2026-01-01T22:40:00+00:00,t45_10,treatment,error_rate,0
2026-01-01T22:41:00+00:00,t45_11,treatment,conversion,0
2026-01-01T22:41:00+00:00,t45_11,treatment,error_rate,0
2026-01-01T22:42:00+00:00,t45_12,treatment,conversion,0
2026-01-01T22:42:00+00:00,t45_12,treatment,error_rate,0
2026-01-01T22:43:00+00:00,t45_13,treatment,conversion,0
2026-01-01T22:43:00+00:00,t45_13,treatment,error_rate,0
2026-01-01T22:44:00+00:00,t45_14,treatment,conversion,0
2026-01-01T22:44:00+00:00,t45_14,treatment,error_rate,1
2026-01-01T22:45:00+00:00,t45_15,treatment,conversion,0
2026-01-01T22:45:00+00:00,t45_15,treatment,error_rate,1
2026-01-01T22:46:00+00:00,t45_16,treatment,conversion,0
2026-01-01T22:46:00+00:00,t45_16,treatment,error_rate,0
2026-01-01T22:47:00+00:00,t45_17,treatment,conversion,0
2026-01-01T22:47:00+00:00,t45_17,treatment,error_rate,0
2026-01-01T22:48:00+00:00,t45_18,treatment,conversion,0
2026-01-01T22:48:00+00:00,t45_18,treatment,error_rate,0
2026-01-01T22:49:00+00:00,t45_19,treatment,conversion,0
2026-01-01T22:49:00+00:00,t45_19,treatment,error_rate,0
2026-01-01T22:50:00+00:00,t45_20,treatment,conversion,0
2026-01-01T22:50:00+00:00,t45_20,treatment,error_rate,0
2026-01-01T22:51:00+00:00,t45_21,treatment,conversion,0
2026-01-01T22:51:00+00:00,t45_21,treatment,error_rate,0
2026-01-01T22:52:00+00:00,t45_22,treatment,conversion,0
2026-01-01T22:52:00+00:00,t45_22,treatment,error_rate,0
2026-01-01T22:53:00+00:00,t45_23,treatment,conversion,1
2026-01-01T22:53:00+00:00,t45_23,treatment,error_rate,0
2026-01-01T22:54:00+00:00,t45_24,treatment,conversion,0
2026-01-01T22:54:00+00:00,t45_24,treatment,error_rate,0
2026-01-01T22:55:00+00:00,t45_25,treatment,conversion,1
2026-01-01T22:55:00+00:00,t45_25,treatment,error_rate,0
2026-01-01T22:56:00+00:00,t45_26,treatment,conversion,0
2026-01-01T22:56:00+00:00,t45_26,treatment,error_rate,0
2026-01-01T22:57:00+00:00,t45_27,treatment,conversion,1
2026-01-01T22:57:00+00:00,t45_27,treatment,error_rate,1
2026-01-01T22:58:00+00:00,t45_28,treatment,conversion,0
2026-01-01T22:58:00+00:00,t45_28,treatment,error_rate,0
2026-01-01T22:59:00+00:00,t45_29,treatment,conversion,1
2026-01-01T22:59:00+00:00,t45_29,treatment,error_rate,1
2026-01-01T23:00:00+00:00,c46_0,control,conversion,0
2026-01-01T23:00:00+00:00,c46_0,control,error_rate,1
2026-01-01T23:01:00+00:00,c46_1,control,conversion,0
2026-01-01T23:01:00+00:00,c46_1,control,error_rate,1
2026-01-01T23:02:00+00:00,c46_2,control,conversion,0
2026-01-01T23:02:00+00:00,c46_2,control,error_rate,0
2026-01-01T23:03:00+00:00,c46_3,control,conversion,0
2026-01-01T23:03:00+00:00,c46_3,control,error_rate,0
2026-01-01T23:04:00+00:00,c46_4,control,conversion,0
2026-01-01T23:04:00+00:00,c46_4,control,error_rate,0
2026-01-01T23:05:00+00:00,c46_5,control,conversion,1
2026-01-01T23:05:00+00:00,c46_5,control,error_rate,0
2026-01-01T23:06:00+00:00,c46_6,control,conversion,0
2026-01-01T23:06:00+00:00,c46_6,control,error_rate,0
2026-01-01T23:07:00+00:00,c46_7,control,conversion,0
2026-01-01T23:07:00+00:00,c46_7,control,error_rate,0
2026-01-01T23:08:00+00:00,c46_8,control,conversion,0
2026-01-01T23:08:00+00:00,c46_8,control,error_rate,0
2026-01-01T23:09:00+00:00,c46_9,control,conversion,0
2026-01-01T23:09:00+00:00,c46_9,control,error_rate,0
2026-01-01T23:10:00+00:00,c46_10,control,conversion,0
2026-01-01T23:10:00+00:00,c46_10,control,error_rate,0
2026-01-01T23:11:00+00:00,c46_11,control,conversion,0
2026-01-01T23:11:00+00:00,c46_11,control,error_rate,0
2026-01-01T23:12:00+00:00,c46_12,control,conversion,0
2026-01-01T23:12:00+00:00,c46_12,control,error_rate,0
2026-01-01T23:13:00+00:00,c46_13,control,conversion,0
2026-01-01T23:13:00+00:00,c46_13,control,error_rate,0
2026-01-01T23:14:00+00:00,c46_14,control,conversion,0
2026-01-01T23:14:00+00:00,c46_14,control,error_rate,0
2026-01-01T23:15:00+00:00,c46_15,control,conversion,0
2026-01-01T23:15:00+00:00,c46_15,control,error_rate,0
2026-01-01T23:16:00+00:00,c46_16,control,conversion,0
2026-01-01T23:16:00+00:00,c46_16,control,error_rate,0
2026-01-01T23:17:00+00:00,c46_17,control,conversion,0
2026-01-01T23:17:00+00:00,c46_17,control,error_rate,0
2026-01-01T23:18:00+00:00,c46_18,control,conversion,0
2026-01-01T23:18:00+00:00,c46_18,control,error_rate,0
2026-01-01T23:19:00+00:00,c46_19,control,conversion,0
2026-01-01T23:19:00+00:00,c46_19,control,error_rate,0
2026-01-01T23:20:00+00:00,c46_20,control,conversion,0
2026-01-01T23:20:00+00:00,c46_20,control,error_rate,0
2026-01-01T23:21:00+00:00,c46_21,control,conversion,0
2026-01-01T23:21:00+00:00,c46_21,control,error_rate,0
2026-01-01T23:22:00+00:00,c46_22,control,conversion,0
2026-01-01T23:22:00+00:00,c46_22,control,error_rate,0
2026-01-01T23:23:00+00:00,c46_23,control,conversion,0
2026-01-01T23:23:00+00:00,c46_23,control,error_rate,0
2026-01-01T23:24:00+00:00,c46_24,control,conversion,0
2026-01-01T23:24:00+00:00,c46_24,control,error_rate,0
2026-01-01T23:25:00+00:00,c46_25,control,conversion,0
2026-01-01T23:25:00+00:00,c46_25,control,error_rate,0
2026-01-01T23:26:00+00:00,c46_26,control,conversion,0
2026-01-01T23:26:00+00:00,c46_26,control,error_rate,0
2026-01-01T23:27:00+00:00,c46_27,control,conversion,0
2026-01-01T23:27:00+00:00,c46_27,control,error_rate,0
2026-01-01T23:28:00+00:00,c46_28,control,conversion,0
2026-01-01T23:28:00+00:00,c46_28,control,error_rate,0
2026-01-01T23:29:00+00:00,c46_29,control,conversion,0
2026-01-01T23:29:00+00:00,c46_29,control,error_rate,0
2026-01-01T23:00:00+00:00,t46_0,treatment,conversion,0
2026-01-01T23:00:00+00:00,t46_0,treatment,error_rate,0
2026-01-01T23:01:00+00:00,t46_1,treatment,conversion,0
2026-01-01T23:01:00+00:00,t46_1,treatment,error_rate,0
2026-01-01T23:02:00+00:00,t46_2,treatment,conversion,1
2026-01-01T23:02:00+00:00,t46_2,treatment,error_rate,0
2026-01-01T23:03:00+00:00,t46_3,treatment,conversion,0
2026-01-01T23:03:00+00:00,t46_3,treatment,error_rate,0
2026-01-01T23:04:00+00:00,t46_4,treatment,conversion,0
2026-01-01T23:04:00+00:00,t46_4,treatment,error_rate,0
2026-01-01T23:05:00+00:00,t46_5,treatment,conversion,0
2026-01-01T23:05:00+00:00,t46_5,treatment,error_rate,0
2026-01-01T23:06:00+00:00,t46_6,treatment,conversion,0
2026-01-01T23:06:00+00:00,t46_6,treatment,error_rate,0
2026-01-01T23:07:00+00:00,t46_7,treatment,conversion,1
2026-01-01T23:07:00+00:00,t46_7,treatment,error_rate,1
2026-01-01T23:08:00+00:00,t46_8,treatment,conversion,0
2026-01-01T23:08:00+00:00,t46_8,treatment,error_rate,0
2026-01-01T23:09:00+00:00,t46_9,treatment,conversion,0
2026-01-01T23:09:00+00:00,t46_9,treatment,error_rate,0
2026-01-01T23:10:00+00:00,t46_10,treatment,conversion,1
2026-01-01T23:10:00+00:00,t46_10,treatment,error_rate,0
2026-01-01T23:11:00+00:00,t46_11,treatment,conversion,0
2026-01-01T23:11:00+00:00,t46_11,treatment,error_rate,1
2026-01-01T23:12:00+00:00,t46_12,treatment,conversion,0
2026-01-01T23:12:00+00:00,t46_12,treatment,error_rate,0
2026-01-01T23:13:00+00:00,t46_13,treatment,conversion,0
2026-01-01T23:13:00+00:00,t46_13,treatment,error_rate,0
2026-01-01T23:14:00+00:00,t46_14,treatment,conversion,0
2026-01-01T23:14:00+00:00,t46_14,treatment,error_rate,0
2026-01-01T23:15:00+00:00,t46_15,treatment,conversion,0
2026-01-01T23:15:00+00:00,t46_15,treatment,error_rate,0
2026-01-01T23:16:00+00:00,t46_16,treatment,conversion,0
2026-01-01T23:16:00+00:00,t46_16,treatment,error_rate,0
2026-01-01T23:17:00+00:00,t46_17,treatment,conversion,0
2026-01-01T23:17:00+00:00,t46_17,treatment,error_rate,0
2026-01-01T23:18:00+00:00,t46_18,treatment,conversion,0
2026-01-01T23:18:00+00:00,t46_18,treatment,error_rate,0
2026-01-01T23:19:00+00:00,t46_19,treatment,conversion,0
2026-01-01T23:19:00+00:00,t46_19,treatment,error_rate,0
2026-01-01T23:20:00+00:00,t46_20,treatment,conversion,0
2026-01-01T23:20:00+00:00,t46_20,treatment,error_rate,0
2026-01-01T23:21:00+00:00,t46_21,treatment,conversion,0
2026-01-01T23:21:00+00:00,t46_21,treatment,error_rate,0
2026-01-01T23:22:00+00:00,t46_22,treatment,conversion,0
2026-01-01T23:22:00+00:00,t46_22,treatment,error_rate,0
2026-01-01T23:23:00+00:00,t46_23,treatment,conversion,1
2026-01-01T23:23:00+00:00,t46_23,treatment,error_rate,0
2026-01-01T23:24:00+00:00,t46_24,treatment,conversion,1
2026-01-01T23:24:00+00:00,t46_24,treatment,error_rate,0
2026-01-01T23:25:00+00:00,t46_25,treatment,conversion,0
2026-01-01T23:25:00+00:00,t46_25,treatment,error_rate,0
2026-01-01T23:26:00+00:00,t46_26,treatment,conversion,0
2026-01-01T23:26:00+00:00,t46_26,treatment,error_rate,0
2026-01-01T23:27:00+00:00,t46_27,treatment,conversion,0
2026-01-01T23:27:00+00:00,t46_27,treatment,error_rate,0
2026-01-01T23:28:00+00:00,t46_28,treatment,conversion,0
2026-01-01T23:28:00+00:00,t46_28,treatment,error_rate,0
2026-01-01T23:29:00+00:00,t46_29,treatment,conversion,0
2026-01-01T23:29:00+00:00,t46_29,treatment,error_rate,0
2026-01-01T23:30:00+00:00,c47_0,control,conversion,0
2026-01-01T23:30:00+00:00,c47_0,control,error_rate,0
2026-01-01T23:31:00+00:00,c47_1,control,conversion,0
2026-01-01T23:31:00+00:00,c47_1,control,error_rate,1
2026-01-01T23:32:00+00:00,c47_2,control,conversion,0
2026-01-01T23:32:00+00:00,c47_2,control,error_rate,1
2026-01-01T23:33:00+00:00,c47_3,control,conversion,0
2026-01-01T23:33:00+00:00,c47_3,control,error_rate,0
2026-01-01T23:34:00+00:00,c47_4,control,conversion,0
2026-01-01T23:34:00+00:00,c47_4,control,error_rate,0
2026-01-01T23:35:00+00:00,c47_5,control,conversion,0
2026-01-01T23:35:00+00:00,c47_5,control,error_rate,1
2026-01-01T23:36:00+00:00,c47_6,control,conversion,0
2026-01-01T23:36:00+00:00,c47_6,control,error_rate,0
2026-01-01T23:37:00+00:00,c47_7,control,conversion,0
2026-01-01T23:37:00+00:00,c47_7,control,error_rate,1
2026-01-01T23:38:00+00:00,c47_8,control,conversion,0
2026-01-01T23:38:00+00:00,c47_8,control,error_rate,0
2026-01-01T23:39:00+00:00,c47_9,control,conversion,0
2026-01-01T23:39:00+00:00,c47_9,control,error_rate,0
2026-01-01T23:40:00+00:00,c47_10,control,conversion,0
2026-01-01T23:40:00+00:00,c47_10,control,error_rate,0
2026-01-01T23:41:00+00:00,c47_11,control,conversion,0
2026-01-01T23:41:00+00:00,c47_11,control,error_rate,0
2026-01-01T23:42:00+00:00,c47_12,control,conversion,0
2026-01-01T23:42:00+00:00,c47_12,control,error_rate,0
2026-01-01T23:43:00+00:00,c47_13,control,conversion,0
2026-01-01T23:43:00+00:00,c47_13,control,error_rate,0
2026-01-01T23:44:00+00:00,c47_14,control,conversion,0
2026-01-01T23:44:00+00:00,c47_14,control,error_rate,0
2026-01-01T23:45:00+00:00,c47_15,control,conversion,0
2026-01-01T23:45:00+00:00,c47_15,control,error_rate,0
2026-01-01T23:46:00+00:00,c47_16,control,conversion,0
2026-01-01T23:46:00+00:00,c47_16,control,error_rate,0
2026-01-01T23:47:00+00:00,c47_17,control,conversion,1
2026-01-01T23:47:00+00:00,c47_17,control,error_rate,0
2026-01-01T23:48:00+00:00,c47_18,control,conversion,0
2026-01-01T23:48:00+00:00,c47_18,control,error_rate,0
2026-01-01T23:49:00+00:00,c47_19,control,conversion,0
2026-01-01T23:49:00+00:00,c47_19,control,error_rate,0
2026-01-01T23:50:00+00:00,c47_20,control,conversion,0
2026-01-01T23:50:00+00:00,c47_20,control,error_rate,0
2026-01-01T23:51:00+00:00,c47_21,control,conversion,0
2026-01-01T23:51:00+00:00,c47_21,control,error_rate,0
2026-01-01T23:52:00+00:00,c47_22,control,conversion,0
2026-01-01T23:52:00+00:00,c47_22,control,error_rate,0
2026-01-01T23:53:00+00:00,c47_23,control,conversion,0
2026-01-01T23:53:00+00:00,c47_23,control,error_rate,1
2026-01-01T23:54:00+00:00,c47_24,control,conversion,0
2026-01-01T23:54:00+00:00,c47_24,control,error_rate,0
2026-01-01T23:55:00+00:00,c47_25,control,conversion,0
2026-01-01T23:55:00+00:00,c47_25,control,error_rate,0
2026-01-01T23:56:00+00:00,c47_26,control,conversion,0
2026-01-01T23:56:00+00:00,c47_26,control,error_rate,0
2026-01-01T23:57:00+00:00,c47_27,control,conversion,0
2026-01-01T23:57:00+00:00,c47_27,control,error_rate,0
2026-01-01T23:58:00+00:00,c47_28,control,conversion,0
2026-01-01T23:58:00+00:00,c47_28,control,error_rate,0
2026-01-01T23:59:00+00:00,c47_29,control,conversion,0
2026-01-01T23:59:00+00:00,c47_29,control,error_rate,0
2026-01-01T23:30:00+00:00,t47_0,treatment,conversion,0
2026-01-01T23:30:00+00:00,t47_0,treatment,error_rate,0
2026-01-01T23:31:00+00:00,t47_1,treatment,conversion,0
2026-01-01T23:31:00+00:00,t47_1,treatment,error_rate,0
2026-01-01T23:32:00+00:00,t47_2,treatment,conversion,0
2026-01-01T23:32:00+00:00,t47_2,treatment,error_rate,0
2026-01-01T23:33:00+00:00,t47_3,treatment,conversion,0
2026-01-01T23:33:00+00:00,t47_3,treatment,error_rate,0
2026-01-01T23:34:00+00:00,t47_4,treatment,conversion,1
2026-01-01T23:34:00+00:00,t47_4,treatment,error_rate,0
2026-01-01T23:35:00+00:00,t47_5,treatment,conversion,0
2026-01-01T23:35:00+00:00,t47_5,treatment,error_rate,0
2026-01-01T23:36:00+00:00,t47_6,treatment,conversion,0
2026-01-01T23:36:00+00:00,t47_6,treatment,error_rate,0
2026-01-01T23:37:00+00:00,t47_7,treatment,conversion,0
2026-01-01T23:37:00+00:00,t47_7,treatment,error_rate,0
2026-01-01T23:38:00+00:00,t47_8,treatment,conversion,0
2026-01-01T23:38:00+00:00,t47_8,treatment,error_rate,1
2026-01-01T23:39:00+00:00,t47_9,treatment,conversion,0
2026-01-01T23:39:00+00:00,t47_9,treatment,error_rate,0
2026-01-01T23:40:00+00:00,t47_10,treatment,conversion,0
2026-01-01T23:40:00+00:00,t47_10,treatment,error_rate,0
2026-01-01T23:41:00+00:00,t47_11,treatment,conversion,0
2026-01-01T23:41:00+00:00,t47_11,treatment,error_rate,0
2026-01-01T23:42:00+00:00,t47_12,treatment,conversion,0
2026-01-01T23:42:00+00:00,t47_12,treatment,error_rate,0
2026-01-01T23:43:00+00:00,t47_13,treatment,conversion,0
2026-01-01T23:43:00+00:00,t47_13,treatment,error_rate,0
2026-01-01T23:44:00+00:00,t47_14,treatment,conversion,0
2026-01-01T23:44:00+00:00,t47_14,treatment,error_rate,0
2026-01-01T23:45:00+00:00,t47_15,treatment,conversion,1
2026-01-01T23:45:00+00:00,t47_15,treatment,error_rate,0
2026-01-01T23:46:00+00:00,t47_16,treatment,conversion,1
2026-01-01T23:46:00+00:00,t47_16,treatment,error_rate,0
2026-01-01T23:47:00+00:00,t47_17,treatment,conversion,1
2026-01-01T23:47:00+00:00,t47_17,treatment,error_rate,0
2026-01-01T23:48:00+00:00,t47_18,treatment,conversion,0
2026-01-01T23:48:00+00:00,t47_18,treatment,error_rate,0
2026-01-01T23:49:00+00:00,t47_19,treatment,conversion,0
2026-01-01T23:49:00+00:00,t47_19,treatment,error_rate,0
2026-01-01T23:50:00+00:00,t47_20,treatment,conversion,0
2026-01-01T23:50:00+00:00,t47_20,treatment,error_rate,0
2026-01-01T23:51:00+00:00,t47_21,treatment,conversion,0
2026-01-01T23:51:00+00:00,t47_21,treatment,error_rate,1
2026-01-01T23:52:00+00:00,t47_22,treatment,conversion,0
2026-01-01T23:52:00+00:00,t47_22,treatment,error_rate,0
2026-01-01T23:53:00+00:00,t47_23,treatment,conversion,0
2026-01-01T23:53:00+00:00,t47_23,treatment,error_rate,0
2026-01-01T23:54:00+00:00,t47_24,treatment,conversion,0
2026-01-01T23:54:00+00:00,t47_24,treatment,error_rate,0
2026-01-01T23:55:00+00:00,t47_25,treatment,conversion,1
2026-01-01T23:55:00+00:00,t47_25,treatment,error_rate,0
2026-01-01T23:56:00+00:00,t47_26,treatment,conversion,0
2026-01-01T23:56:00+00:00,t47_26,treatment,error_rate,0
2026-01-01T23:57:00+00:00,t47_27,treatment,conversion,0
2026-01-01T23:57:00+00:00,t47_27,treatment,error_rate,0
2026-01-01T23:58:00+00:00,t47_28,treatment,conversion,0
2026-01-01T23:58:00+00:00,t47_28,treatment,error_rate,0
2026-01-01T23:59:00+00:00,t47_29,treatment,conversion,1
2026-01-01T23:59:00+00:00,t47_29,treatment,error_rate,0
2026-01-02T00:00:00+00:00,c48_0,control,conversion,0
2026-01-02T00:00:00+00:00,c48_0,control,error_rate,0
2026-01-02T00:01:00+00:00,c48_1,control,conversion,0
2026-01-02T00:01:00+00:00,c48_1,control,error_rate,0
2026-01-02T00:02:00+00:00,c48_2,control,conversion,1
2026-01-02T00:02:00+00:00,c48_2,control,error_rate,0
2026-01-02T00:03:00+00:00,c48_3,control,conversion,0
2026-01-02T00:03:00+00:00,c48_3,control,error_rate,0
2026-01-02T00:04:00+00:00,c48_4,control,conversion,0
2026-01-02T00:04:00+00:00,c48_4,control,error_rate,0
2026-01-02T00:05:00+00:00,c48_5,control,conversion,1
2026-01-02T00:05:00+00:00,c48_5,control,error_rate,0
2026-01-02T00:06:00+00:00,c48_6,control,conversion,0
2026-01-02T00:06:00+00:00,c48_6,control,error_rate,0
2026-01-02T00:07:00+00:00,c48_7,control,conversion,0
2026-01-02T00:07:00+00:00,c48_7,control,error_rate,0
2026-01-02T00:08:00+00:00,c48_8,control,conversion,1
2026-01-02T00:08:00+00:00,c48_8,control,error_rate,0
2026-01-02T00:09:00+00:00,c48_9,control,conversion,0
2026-01-02T00:09:00+00:00,c48_9,control,error_rate,0
2026-01-02T00:10:00+00:00,c48_10,control,conversion,0
2026-01-02T00:10:00+00:00,c48_10,control,error_rate,0
2026-01-02T00:11:00+00:00,c48_11,control,conversion,0
2026-01-02T00:11:00+00:00,c48_11,control,error_rate,0
2026-01-02T00:12:00+00:00,c48_12,control,conversion,0
2026-01-02T00:12:00+00:00,c48_12,control,error_rate,0
2026-01-02T00:13:00+00:00,c48_13,control,conversion,0
2026-01-02T00:13:00+00:00,c48_13,control,error_rate,1
2026-01-02T00:14:00+00:00,c48_14,control,conversion,0
2026-01-02T00:14:00+00:00,c48_14,control,error_rate,0
2026-01-02T00:15:00+00:00,c48_15,control,conversion,0
2026-01-02T00:15:00+00:00,c48_15,control,error_rate,0
2026-01-02T00:16:00+00:00,c48_16,control,conversion,0
2026-01-02T00:16:00+00:00,c48_16,control,error_rate,1
2026-01-02T00:17:00+00:00,c48_17,control,conversion,1
2026-01-02T00:17:00+00:00,c48_17,control,error_rate,0
2026-01-02T00:18:00+00:00,c48_18,control,conversion,1
2026-01-02T00:18:00+00:00,c48_18,control,error_rate,0
2026-01-02T00:19:00+00:00,c48_19,control,conversion,0
2026-01-02T00:19:00+00:00,c48_19,control,error_rate,0
2026-01-02T00:20:00+00:00,c48_20,control,conversion,0
2026-01-02T00:20:00+00:00,c48_20,control,error_rate,0
2026-01-02T00:21:00+00:00,c48_21,control,conversion,0
2026-01-02T00:21:00+00:00,c48_21,control,error_rate,0
2026-01-02T00:22:00+00:00,c48_22,control,conversion,0
2026-01-02T00:22:00+00:00,c48_22,control,error_rate,0
2026-01-02T00:23:00+00:00,c48_23,control,conversion,0
2026-01-02T00:23:00+00:00,c48_23,control,error_rate,0
2026-01-02T00:24:00+00:00,c48_24,control,conversion,0
2026-01-02T00:24:00+00:00,c48_24,control,error_rate,0
2026-01-02T00:25:00+00:00,c48_25,control,conversion,0
2026-01-02T00:25:00+00:00,c48_25,control,error_rate,0
2026-01-02T00:26:00+00:00,c48_26,control,conversion,0
2026-01-02T00:26:00+00:00,c48_26,control,error_rate,0
2026-01-02T00:27:00+00:00,c48_27,control,conversion,0
2026-01-02T00:27:00+00:00,c48_27,control,error_rate,0
2026-01-02T00:28:00+00:00,c48_28,control,conversion,0
2026-01-02T00:28:00+00:00,c48_28,control,error_rate,1
2026-01-02T00:29:00+00:00,c48_29,control,conversion,0
2026-01-02T00:29:00+00:00,c48_29,control,error_rate,0
2026-01-02T00:00:00+00:00,t48_0,treatment,conversion,0
2026-01-02T00:00:00+00:00,t48_0,treatment,error_rate,0
2026-01-02T00:01:00+00:00,t48_1,treatment,conversion,1
2026-01-02T00:01:00+00:00,t48_1,treatment,error_rate,0
2026-01-02T00:02:00+00:00,t48_2,treatment,conversion,0
2026-01-02T00:02:00+00:00,t48_2,treatment,error_rate,0
2026-01-02T00:03:00+00:00,t48_3,treatment,conversion,0
2026-01-02T00:03:00+00:00,t48_3,treatment,error_rate,0
2026-01-02T00:04:00+00:00,t48_4,treatment,conversion,0
2026-01-02T00:04:00+00:00,t48_4,treatment,error_rate,0
2026-01-02T00:05:00+00:00,t48_5,treatment,conversion,0
2026-01-02T00:05:00+00:00,t48_5,treatment,error_rate,0
2026-01-02T00:06:00+00:00,t48_6,treatment,conversion,0
2026-01-02T00:06:00+00:00,t48_6,treatment,error_rate,0
2026-01-02T00:07:00+00:00,t48_7,treatment,conversion,0
2026-01-02T00:07:00+00:00,t48_7,treatment,error_rate,0
2026-01-02T00:08:00+00:00,t48_8,treatment,conversion,1
2026-01-02T00:08:00+00:00,t48_8,treatment,error_rate,0
2026-01-02T00:09:00+00:00,t48_9,treatment,conversion,0
2026-01-02T00:09:00+00:00,t48_9,treatment,error_rate,1
2026-01-02T00:10:00+00:00,t48_10,treatment,conversion,1
2026-01-02T00:10:00+00:00,t48_10,treatment,error_rate,0
2026-01-02T00:11:00+00:00,t48_11,treatment,conversion,0
2026-01-02T00:11:00+00:00,t48_11,treatment,error_rate,0
2026-01-02T00:12:00+00:00,t48_12,treatment,conversion,1
2026-01-02T00:12:00+00:00,t48_12,treatment,error_rate,0
2026-01-02T00:13:00+00:00,t48_13,treatment,conversion,0
2026-01-02T00:13:00+00:00,t48_13,treatment,error_rate,0
2026-01-02T00:14:00+00:00,t48_14,treatment,conversion,0
2026-01-02T00:14:00+00:00,t48_14,treatment,error_rate,0
2026-01-02T00:15:00+00:00,t48_15,treatment,conversion,0
2026-01-02T00:15:00+00:00,t48_15,treatment,error_rate,0
2026-01-02T00:16:00+00:00,t48_16,treatment,conversion,0
2026-01-02T00:16:00+00:00,t48_16,treatment,error_rate,0
2026-01-02T00:17:00+00:00,t48_17,treatment,conversion,0
2026-01-02T00:17:00+00:00,t48_17,treatment,error_rate,0
2026-01-02T00:18:00+00:00,t48_18,treatment,conversion,1
2026-01-02T00:18:00+00:00,t48_18,treatment,error_rate,0
2026-01-02T00:19:00+00:00,t48_19,treatment,conversion,1
2026-01-02T00:19:00+00:00,t48_19,treatment,error_rate,0
2026-01-02T00:20:00+00:00,t48_20,treatment,conversion,0
2026-01-02T00:20:00+00:00,t48_20,treatment,error_rate,0
2026-01-02T00:21:00+00:00,t48_21,treatment,conversion,0
2026-01-02T00:21:00+00:00,t48_21,treatment,error_rate,0
2026-01-02T00:22:00+00:00,t48_22,treatment,conversion,0
2026-01-02T00:22:00+00:00,t48_22,treatment,error_rate,0
2026-01-02T00:23:00+00:00,t48_23,treatment,conversion,0
2026-01-02T00:23:00+00:00,t48_23,treatment,error_rate,0
2026-01-02T00:24:00+00:00,t48_24,treatment,conversion,0
2026-01-02T00:24:00+00:00,t48_24,treatment,error_rate,0
2026-01-02T00:25:00+00:00,t48_25,treatment,conversion,1
2026-01-02T00:25:00+00:00,t48_25,treatment,error_rate,0
2026-01-02T00:26:00+00:00,t48_26,treatment,conversion,0
2026-01-02T00:26:00+00:00,t48_26,treatment,error_rate,0
2026-01-02T00:27:00+00:00,t48_27,treatment,conversion,0
2026-01-02T00:27:00+00:00,t48_27,treatment,error_rate,0
2026-01-02T00:28:00+00:00,t48_28,treatment,conversion,0
2026-01-02T00:28:00+00:00,t48_28,treatment,error_rate,0
2026-01-02T00:29:00+00:00,t48_29,treatment,conversion,1
2026-01-02T00:29:00+00:00,t48_29,treatment,error_rate,1
2026-01-02T00:30:00+00:00,c49_0,control,conversion,0
2026-01-02T00:30:00+00:00,c49_0,control,error_rate,0
2026-01-02T00:31:00+00:00,c49_1,control,conversion,0
2026-01-02T00:31:00+00:00,c49_1,control,error_rate,0
2026-01-02T00:32:00+00:00,c49_2,control,conversion,0
2026-01-02T00:32:00+00:00,c49_2,control,error_rate,0
2026-01-02T00:33:00+00:00,c49_3,control,conversion,0
2026-01-02T00:33:00+00:00,c49_3,control,error_rate,0
2026-01-02T00:34:00+00:00,c49_4,control,conversion,0
2026-01-02T00:34:00+00:00,c49_4,control,error_rate,0
2026-01-02T00:35:00+00:00,c49_5,control,conversion,0
2026-01-02T00:35:00+00:00,c49_5,control,error_rate,0
2026-01-02T00:36:00+00:00,c49_6,control,conversion,0
2026-01-02T00:36:00+00:00,c49_6,control,error_rate,0
2026-01-02T00:37:00+00:00,c49_7,control,conversion,1
2026-01-02T00:37:00+00:00,c49_7,control,error_rate,0
2026-01-02T00:38:00+00:00,c49_8,control,conversion,1
2026-01-02T00:38:00+00:00,c49_8,control,error_rate,0
2026-01-02T00:39:00+00:00,c49_9,control,conversion,0
2026-01-02T00:39:00+00:00,c49_9,control,error_rate,0
2026-01-02T00:40:00+00:00,c49_10,control,conversion,0
2026-01-02T00:40:00+00:00,c49_10,control,error_rate,0
2026-01-02T00:41:00+00:00,c49_11,control,conversion,0
2026-01-02T00:41:00+00:00,c49_11,control,error_rate,0
2026-01-02T00:42:00+00:00,c49_12,control,conversion,0
2026-01-02T00:42:00+00:00,c49_12,control,error_rate,0
2026-01-02T00:43:00+00:00,c49_13,control,conversion,0
2026-01-02T00:43:00+00:00,c49_13,control,error_rate,0
2026-01-02T00:44:00+00:00,c49_14,control,conversion,0
2026-01-02T00:44:00+00:00,c49_14,control,error_rate,0
2026-01-02T00:45:00+00:00,c49_15,control,conversion,0
2026-01-02T00:45:00+00:00,c49_15,control,error_rate,1
2026-01-02T00:46:00+00:00,c49_16,control,conversion,0
2026-01-02T00:46:00+00:00,c49_16,control,error_rate,0
2026-01-02T00:47:00+00:00,c49_17,control,conversion,0
2026-01-02T00:47:00+00:00,c49_17,control,error_rate,1
2026-01-02T00:48:00+00:00,c49_18,control,conversion,1
2026-01-02T00:48:00+00:00,c49_18,control,error_rate,0
2026-01-02T00:49:00+00:00,c49_19,control,conversion,1
2026-01-02T00:49:00+00:00,c49_19,control,error_rate,0
2026-01-02T00:50:00+00:00,c49_20,control,conversion,0
2026-01-02T00:50:00+00:00,c49_20,control,error_rate,1
2026-01-02T00:51:00+00:00,c49_21,control,conversion,0
2026-01-02T00:51:00+00:00,c49_21,control,error_rate,0
2026-01-02T00:52:00+00:00,c49_22,control,conversion,0
2026-01-02T00:52:00+00:00,c49_22,control,error_rate,0
2026-01-02T00:53:00+00:00,c49_23,control,conversion,0
2026-01-02T00:53:00+00:00,c49_23,control,error_rate,0
2026-01-02T00:54:00+00:00,c49_24,control,conversion,0
2026-01-02T00:54:00+00:00,c49_24,control,error_rate,0
2026-01-02T00:55:00+00:00,c49_25,control,conversion,0
2026-01-02T00:55:00+00:00,c49_25,control,error_rate,0
2026-01-02T00:56:00+00:00,c49_26,control,conversion,0
2026-01-02T00:56:00+00:00,c49_26,control,error_rate,0
2026-01-02T00:57:00+00:00,c49_27,control,conversion,1
2026-01-02T00:57:00+00:00,c49_27,control,error_rate,0
2026-01-02T00:58:00+00:00,c49_28,control,conversion,0
2026-01-02T00:58:00+00:00,c49_28,control,error_rate,0
2026-01-02T00:59:00+00:00,c49_29,control,conversion,0
2026-01-02T00:59:00+00:00,c49_29,control,error_rate,0
2026-01-02T00:30:00+00:00,t49_0,treatment,conversion,0
2026-01-02T00:30:00+00:00,t49_0,treatment,error_rate,0
2026-01-02T00:31:00+00:00,t49_1,treatment,conversion,0
2026-01-02T00:31:00+00:00,t49_1,treatment,error_rate,0
2026-01-02T00:32:00+00:00,t49_2,treatment,conversion,0
2026-01-02T00:32:00+00:00,t49_2,treatment,error_rate,1
2026-01-02T00:33:00+00:00,t49_3,treatment,conversion,0
2026-01-02T00:33:00+00:00,t49_3,treatment,error_rate,0
2026-01-02T00:34:00+00:00,t49_4,treatment,conversion,0
2026-01-02T00:34:00+00:00,t49_4,treatment,error_rate,0
2026-01-02T00:35:00+00:00,t49_5,treatment,conversion,0
2026-01-02T00:35:00+00:00,t49_5,treatment,error_rate,0
2026-01-02T00:36:00+00:00,t49_6,treatment,conversion,1
2026-01-02T00:36:00+00:00,t49_6,treatment,error_rate,0
2026-01-02T00:37:00+00:00,t49_7,treatment,conversion,0
2026-01-02T00:37:00+00:00,t49_7,treatment,error_rate,0
2026-01-02T00:38:00+00:00,t49_8,treatment,conversion,0
2026-01-02T00:38:00+00:00,t49_8,treatment,error_rate,0
2026-01-02T00:39:00+00:00,t49_9,treatment,conversion,0
2026-01-02T00:39:00+00:00,t49_9,treatment,error_rate,0
2026-01-02T00:40:00+00:00,t49_10,treatment,conversion,0
2026-01-02T00:40:00+00:00,t49_10,treatment,error_rate,0
2026-01-02T00:41:00+00:00,t49_11,treatment,conversion,0
2026-01-02T00:41:00+00:00,t49_11,treatment,error_rate,0
2026-01-02T00:42:00+00:00,t49_12,treatment,conversion,1
2026-01-02T00:42:00+00:00,t49_12,treatment,error_rate,0
2026-01-02T00:43:00+00:00,t49_13,treatment,conversion,0
2026-01-02T00:43:00+00:00,t49_13,treatment,error_rate,0
2026-01-02T00:44:00+00:00,t49_14,treatment,conversion,1
2026-01-02T00:44:00+00:00,t49_14,treatment,error_rate,1
2026-01-02T00:45:00+00:00,t49_15,treatment,conversion,1
2026-01-02T00:45:00+00:00,t49_15,treatment,error_rate,0
2026-01-02T00:46:00+00:00,t49_16,treatment,conversion,0
2026-01-02T00:46:00+00:00,t49_16,treatment,error_rate,0
2026-01-02T00:47:00+00:00,t49_17,treatment,conversion,0
2026-01-02T00:47:00+00:00,t49_17,treatment,error_rate,0
2026-01-02T00:48:00+00:00,t49_18,treatment,conversion,0
2026-01-02T00:48:00+00:00,t49_18,treatment,error_rate,0
2026-01-02T00:49:00+00:00,t49_19,treatment,conversion,1
2026-01-02T00:49:00+00:00,t49_19,treatment,error_rate,0
2026-01-02T00:50:00+00:00,t49_20,treatment,conversion,0
2026-01-02T00:50:00+00:00,t49_20,treatment,error_rate,0
2026-01-02T00:51:00+00:00,t49_21,treatment,conversion,0
2026-01-02T00:51:00+00:00,t49_21,treatment,error_rate,0
2026-01-02T00:52:00+00:00,t49_22,treatment,conversion,0
2026-01-02T00:52:00+00:00,t49_22,treatment,error_rate,0
2026-01-02T00:53:00+00:00,t49_23,treatment,conversion,0
2026-01-02T00:53:00+00:00,t49_23,treatment,error_rate,0
2026-01-02T00:54:00+00:00,t49_24,treatment,conversion,0
2026-01-02T00:54:00+00:00,t49_24,treatment,error_rate,0
2026-01-02T00:55:00+00:00,t49_25,treatment,conversion,0
2026-01-02T00:55:00+00:00,t49_25,treatment,error_rate,0
2026-01-02T00:56:00+00:00,t49_26,treatment,conversion,0
2026-01-02T00:56:00+00:00,t49_26,treatment,error_rate,0
2026-01-02T00:57:00+00:00,t49_27,treatment,conversion,0
2026-01-02T00:57:00+00:00,t49_27,treatment,error_rate,0
2026-01-02T00:58:00+00:00,t49_28,treatment,conversion,0
2026-01-02T00:58:00+00:00,t49_28,treatment,error_rate,0
2026-01-02T00:59:00+00:00,t49_29,treatment,conversion,0
2026-01-02T00:59:00+00:00,t49_29,treatment,error_rate,0
2026-01-02T01:00:00+00:00,c50_0,control,conversion,0
2026-01-02T01:00:00+00:00,c50_0,control,error_rate,0
2026-01-02T01:01:00+00:00,c50_1,control,conversion,0
2026-01-02T01:01:00+00:00,c50_1,control,error_rate,0
2026-01-02T01:02:00+00:00,c50_2,control,conversion,0
2026-01-02T01:02:00+00:00,c50_2,control,error_rate,0
2026-01-02T01:03:00+00:00,c50_3,control,conversion,0
2026-01-02T01:03:00+00:00,c50_3,control,error_rate,0
2026-01-02T01:04:00+00:00,c50_4,control,conversion,0
2026-01-02T01:04:00+00:00,c50_4,control,error_rate,0
2026-01-02T01:05:00+00:00,c50_5,control,conversion,0
2026-01-02T01:05:00+00:00,c50_5,control,error_rate,0
2026-01-02T01:06:00+00:00,c50_6,control,conversion,0
2026-01-02T01:06:00+00:00,c50_6,control,error_rate,0
2026-01-02T01:07:00+00:00,c50_7,control,conversion,0
2026-01-02T01:07:00+00:00,c50_7,control,error_rate,0
2026-01-02T01:08:00+00:00,c50_8,control,conversion,0
2026-01-02T01:08:00+00:00,c50_8,control,error_rate,0
2026-01-02T01:09:00+00:00,c50_9,control,conversion,0
2026-01-02T01:09:00+00:00,c50_9,control,error_rate,0
2026-01-02T01:10:00+00:00,c50_10,control,conversion,0
2026-01-02T01:10:00+00:00,c50_10,control,error_rate,0
2026-01-02T01:11:00+00:00,c50_11,control,conversion,0
2026-01-02T01:11:00+00:00,c50_11,control,error_rate,0
2026-01-02T01:12:00+00:00,c50_12,control,conversion,0
2026-01-02T01:12:00+00:00,c50_12,control,error_rate,0
2026-01-02T01:13:00+00:00,c50_13,control,conversion,0
2026-01-02T01:13:00+00:00,c50_13,control,error_rate,0
2026-01-02T01:14:00+00:00,c50_14,control,conversion,0
2026-01-02T01:14:00+00:00,c50_14,control,error_rate,0
2026-01-02T01:15:00+00:00,c50_15,control,conversion,0
2026-01-02T01:15:00+00:00,c50_15,control,error_rate,0
2026-01-02T01:16:00+00:00,c50_16,control,conversion,0
2026-01-02T01:16:00+00:00,c50_16,control,error_rate,0
2026-01-02T01:17:00+00:00,c50_17,control,conversion,0
2026-01-02T01:17:00+00:00,c50_17,control,error_rate,0
2026-01-02T01:18:00+00:00,c50_18,control,conversion,0
2026-01-02T01:18:00+00:00,c50_18,control,error_rate,0
2026-01-02T01:19:00+00:00,c50_19,control,conversion,0
2026-01-02T01:19:00+00:00,c50_19,control,error_rate,0
2026-01-02T01:20:00+00:00,c50_20,control,conversion,0
2026-01-02T01:20:00+00:00,c50_20,control,error_rate,0
2026-01-02T01:21:00+00:00,c50_21,control,conversion,0
2026-01-02T01:21:00+00:00,c50_21,control,error_rate,0
2026-01-02T01:22:00+00:00,c50_22,control,conversion,0
2026-01-02T01:22:00+00:00,c50_22,control,error_rate,0
2026-01-02T01:23:00+00:00,c50_23,control,conversion,0
2026-01-02T01:23:00+00:00,c50_23,control,error_rate,0
2026-01-02T01:24:00+00:00,c50_24,control,conversion,0
2026-01-02T01:24:00+00:00,c50_24,control,error_rate,0
2026-01-02T01:25:00+00:00,c50_25,control,conversion,0
2026-01-02T01:25:00+00:00,c50_25,control,error_rate,0
2026-01-02T01:26:00+00:00,c50_26,control,conversion,0
2026-01-02T01:26:00+00:00,c50_26,control,error_rate,0
2026-01-02T01:27:00+00:00,c50_27,control,conversion,0
2026-01-02T01:27:00+00:00,c50_27,control,error_rate,0
2026-01-02T01:28:00+00:00,c50_28,control,conversion,0
2026-01-02T01:28:00+00:00,c50_28,control,error_rate,0
2026-01-02T01:29:00+00:00,c50_29,control,conversion,0
2026-01-02T01:29:00+00:00,c50_29,control,error_rate,0
2026-01-02T01:00:00+00:00,t50_0,treatment,conversion,0
2026-01-02T01:00:00+00:00,t50_0,treatment,error_rate,0
2026-01-02T01:01:00+00:00,t50_1,treatment,conversion,0
2026-01-02T01:01:00+00:00,t50_1,treatment,error_rate,0
2026-01-02T01:02:00+00:00,t50_2,treatment,conversion,1
2026-01-02T01:02:00+00:00,t50_2,treatment,error_rate,0
2026-01-02T01:03:00+00:00,t50_3,treatment,conversion,0
2026-01-02T01:03:00+00:00,t50_3,treatment,error_rate,0
2026-01-02T01:04:00+00:00,t50_4,treatment,conversion,0
2026-01-02T01:04:00+00:00,t50_4,treatment,error_rate,0
2026-01-02T01:05:00+00:00,t50_5,treatment,conversion,0
2026-01-02T01:05:00+00:00,t50_5,treatment,error_rate,0
2026-01-02T01:06:00+00:00,t50_6,treatment,conversion,0
2026-01-02T01:06:00+00:00,t50_6,treatment,error_rate,0
2026-01-02T01:07:00+00:00,t50_7,treatment,conversion,0
2026-01-02T01:07:00+00:00,t50_7,treatment,error_rate,0
2026-01-02T01:08:00+00:00,t50_8,treatment,conversion,0
2026-01-02T01:08:00+00:00,t50_8,treatment,error_rate,0
2026-01-02T01:09:00+00:00,t50_9,treatment,conversion,1
2026-01-02T01:09:00+00:00,t50_9,treatment,error_rate,0
2026-01-02T01:10:00+00:00,t50_10,treatment,conversion,1
2026-01-02T01:10:00+00:00,t50_10,treatment,error_rate,0
2026-01-02T01:11:00+00:00,t50_11,treatment,conversion,1
2026-01-02T01:11:00+00:00,t50_11,treatment,error_rate,0
2026-01-02T01:12:00+00:00,t50_12,treatment,conversion,0
2026-01-02T01:12:00+00:00,t50_12,treatment,error_rate,0
2026-01-02T01:13:00+00:00,t50_13,treatment,conversion,0
2026-01-02T01:13:00+00:00,t50_13,treatment,error_rate,0
2026-01-02T01:14:00+00:00,t50_14,treatment,conversion,0
2026-01-02T01:14:00+00:00,t50_14,treatment,error_rate,0
2026-01-02T01:15:00+00:00,t50_15,treatment,conversion,0
2026-01-02T01:15:00+00:00,t50_15,treatment,error_rate,0
2026-01-02T01:16:00+00:00,t50_16,treatment,conversion,0
2026-01-02T01:16:00+00:00,t50_16,treatment,error_rate,0
2026-01-02T01:17:00+00:00,t50_17,treatment,conversion,0
2026-01-02T01:17:00+00:00,t50_17,treatment,error_rate,0
2026-01-02T01:18:00+00:00,t50_18,treatment,conversion,0
2026-01-02T01:18:00+00:00,t50_18,treatment,error_rate,0
2026-01-02T01:19:00+00:00,t50_19,treatment,conversion,0
2026-01-02T01:19:00+00:00,t50_19,treatment,error_rate,0
2026-01-02T01:20:00+00:00,t50_20,treatment,conversion,0
2026-01-02T01:20:00+00:00,t50_20,treatment,error_rate,0
2026-01-02T01:21:00+00:00,t50_21,treatment,conversion,0
2026-01-02T01:21:00+00:00,t50_21,treatment,error_rate,0
2026-01-02T01:22:00+00:00,t50_22,treatment,conversion,1
2026-01-02T01:22:00+00:00,t50_22,treatment,error_rate,0
2026-01-02T01:23:00+00:00,t50_23,treatment,conversion,0
2026-01-02T01:23:00+00:00,t50_23,treatment,error_rate,0
2026-01-02T01:24:00+00:00,t50_24,treatment,conversion,0
2026-01-02T01:24:00+00:00,t50_24,treatment,error_rate,1
2026-01-02T01:25:00+00:00,t50_25,treatment,conversion,0
2026-01-02T01:25:00+00:00,t50_25,treatment,error_rate,1
2026-01-02T01:26:00+00:00,t50_26,treatment,conversion,0
2026-01-02T01:26:00+00:00,t50_26,treatment,error_rate,0
2026-01-02T01:27:00+00:00,t50_27,treatment,conversion,0
2026-01-02T01:27:00+00:00,t50_27,treatment,error_rate,0
2026-01-02T01:28:00+00:00,t50_28,treatment,conversion,0
2026-01-02T01:28:00+00:00,t50_28,treatment,error_rate,1
2026-01-02T01:29:00+00:00,t50_29,treatment,conversion,0
2026-01-02T01:29:00+00:00,t50_29,treatment,error_rate,0
2026-01-02T01:30:00+00:00,c51_0,control,conversion,0
2026-01-02T01:30:00+00:00,c51_0,control,error_rate,1
2026-01-02T01:31:00+00:00,c51_1,control,conversion,0
2026-01-02T01:31:00+00:00,c51_1,control,error_rate,0
2026-01-02T01:32:00+00:00,c51_2,control,conversion,0
2026-01-02T01:32:00+00:00,c51_2,control,error_rate,0
2026-01-02T01:33:00+00:00,c51_3,control,conversion,0
2026-01-02T01:33:00+00:00,c51_3,control,error_rate,0
2026-01-02T01:34:00+00:00,c51_4,control,conversion,0
2026-01-02T01:34:00+00:00,c51_4,control,error_rate,0
2026-01-02T01:35:00+00:00,c51_5,control,conversion,1
2026-01-02T01:35:00+00:00,c51_5,control,error_rate,0
2026-01-02T01:36:00+00:00,c51_6,control,conversion,0
2026-01-02T01:36:00+00:00,c51_6,control,error_rate,0
2026-01-02T01:37:00+00:00,c51_7,control,conversion,0
2026-01-02T01:37:00+00:00,c51_7,control,error_rate,0
2026-01-02T01:38:00+00:00,c51_8,control,conversion,0
2026-01-02T01:38:00+00:00,c51_8,control,error_rate,0
2026-01-02T01:39:00+00:00,c51_9,control,conversion,0
2026-01-02T01:39:00+00:00,c51_9,control,error_rate,0
2026-01-02T01:40:00+00:00,c51_10,control,conversion,0
2026-01-02T01:40:00+00:00,c51_10,control,error_rate,0
2026-01-02T01:41:00+00:00,c51_11,control,conversion,0
2026-01-02T01:41:00+00:00,c51_11,control,error_rate,0
2026-01-02T01:42:00+00:00,c51_12,control,conversion,0
2026-01-02T01:42:00+00:00,c51_12,control,error_rate,0
2026-01-02T01:43:00+00:00,c51_13,control,conversion,0
2026-01-02T01:43:00+00:00,c51_13,control,error_rate,0
2026-01-02T01:44:00+00:00,c51_14,control,conversion,0
2026-01-02T01:44:00+00:00,c51_14,control,error_rate,0
2026-01-02T01:45:00+00:00,c51_15,control,conversion,1
2026-01-02T01:45:00+00:00,c51_15,control,error_rate,0
2026-01-02T01:46:00+00:00,c51_16,control,conversion,0
2026-01-02T01:46:00+00:00,c51_16,control,error_rate,0
2026-01-02T01:47:00+00:00,c51_17,control,conversion,0
2026-01-02T01:47:00+00:00,c51_17,control,error_rate,0
2026-01-02T01:48:00+00:00,c51_18,control,conversion,0
2026-01-02T01:48:00+00:00,c51_18,control,error_rate,0
2026-01-02T01:49:00+00:00,c51_19,control,conversion,1
2026-01-02T01:49:00+00:00,c51_19,control,error_rate,0
2026-01-02T01:50:00+00:00,c51_20,control,conversion,0
2026-01-02T01:50:00+00:00,c51_20,control,error_rate,0
2026-01-02T01:51:00+00:00,c51_21,control,conversion,0
2026-01-02T01:51:00+00:00,c51_21,control,error_rate,0
2026-01-02T01:52:00+00:00,c51_22,control,conversion,0
2026-01-02T01:52:00+00:00,c51_22,control,error_rate,0
2026-01-02T01:53:00+00:00,c51_23,control,conversion,0
2026-01-02T01:53:00+00:00,c51_23,control,error_rate,0
2026-01-02T01:54:00+00:00,c51_24,control,conversion,0
2026-01-02T01:54:00+00:00,c51_24,control,error_rate,0
2026-01-02T01:55:00+00:00,c51_25,control,conversion,1
2026-01-02T01:55:00+00:00,c51_25,control,error_rate,0
2026-01-02T01:56:00+00:00,c51_26,control,conversion,0
2026-01-02T01:56:00+00:00,c51_26,control,error_rate,1
2026-01-02T01:57:00+00:00,c51_27,control,conversion,0
2026-01-02T01:57:00+00:00,c51_27,control,error_rate,1
2026-01-02T01:58:00+00:00,c51_28,control,conversion,0
2026-01-02T01:58:00+00:00,c51_28,control,error_rate,0
2026-01-02T01:59:00+00:00,c51_29,control,conversion,0
2026-01-02T01:59:00+00:00,c51_29,control,error_rate,1
2026-01-02T01:30:00+00:00,t51_0,treatment,conversion,0
2026-01-02T01:30:00+00:00,t51_0,treatment,error_rate,0
2026-01-02T01:31:00+00:00,t51_1,treatment,conversion,0
2026-01-02T01:31:00+00:00,t51_1,treatment,error_rate,0
2026-01-02T01:32:00+00:00,t51_2,treatment,conversion,0
2026-01-02T01:32:00+00:00,t51_2,treatment,error_rate,0
2026-01-02T01:33:00+00:00,t51_3,treatment,conversion,0
2026-01-02T01:33:00+00:00,t51_3,treatment,error_rate,0
2026-01-02T01:34:00+00:00,t51_4,treatment,conversion,0
2026-01-02T01:34:00+00:00,t51_4,treatment,error_rate,0
2026-01-02T01:35:00+00:00,t51_5,treatment,conversion,0
2026-01-02T01:35:00+00:00,t51_5,treatment,error_rate,0
2026-01-02T01:36:00+00:00,t51_6,treatment,conversion,0
2026-01-02T01:36:00+00:00,t51_6,treatment,error_rate,0
2026-01-02T01:37:00+00:00,t51_7,treatment,conversion,1
2026-01-02T01:37:00+00:00,t51_7,treatment,error_rate,0
2026-01-02T01:38:00+00:00,t51_8,treatment,conversion,0
2026-01-02T01:38:00+00:00,t51_8,treatment,error_rate,0
2026-01-02T01:39:00+00:00,t51_9,treatment,conversion,0
2026-01-02T01:39:00+00:00,t51_9,treatment,error_rate,0
2026-01-02T01:40:00+00:00,t51_10,treatment,conversion,1
2026-01-02T01:40:00+00:00,t51_10,treatment,error_rate,0
2026-01-02T01:41:00+00:00,t51_11,treatment,conversion,0
2026-01-02T01:41:00+00:00,t51_11,treatment,error_rate,0
2026-01-02T01:42:00+00:00,t51_12,treatment,conversion,0
2026-01-02T01:42:00+00:00,t51_12,treatment,error_rate,0
2026-01-02T01:43:00+00:00,t51_13,treatment,conversion,0
2026-01-02T01:43:00+00:00,t51_13,treatment,error_rate,1
2026-01-02T01:44:00+00:00,t51_14,treatment,conversion,0
2026-01-02T01:44:00+00:00,t51_14,treatment,error_rate,0
2026-01-02T01:45:00+00:00,t51_15,treatment,conversion,0
2026-01-02T01:45:00+00:00,t51_15,treatment,error_rate,0
2026-01-02T01:46:00+00:00,t51_16,treatment,conversion,0
2026-01-02T01:46:00+00:00,t51_16,treatment,error_rate,0
2026-01-02T01:47:00+00:00,t51_17,treatment,conversion,0
2026-01-02T01:47:00+00:00,t51_17,treatment,error_rate,0
2026-01-02T01:48:00+00:00,t51_18,treatment,conversion,1
2026-01-02T01:48:00+00:00,t51_18,treatment,error_rate,0
2026-01-02T01:49:00+00:00,t51_19,treatment,conversion,0
2026-01-02T01:49:00+00:00,t51_19,treatment,error_rate,0
2026-01-02T01:50:00+00:00,t51_20,treatment,conversion,0
2026-01-02T01:50:00+00:00,t51_20,treatment,error_rate,0
2026-01-02T01:51:00+00:00,t51_21,treatment,conversion,1
2026-01-02T01:51:00+00:00,t51_21,treatment,error_rate,0
2026-01-02T01:52:00+00:00,t51_22,treatment,conversion,0
2026-01-02T01:52:00+00:00,t51_22,treatment,error_rate,0
2026-01-02T01:53:00+00:00,t51_23,treatment,conversion,0
2026-01-02T01:53:00+00:00,t51_23,treatment,error_rate,0
2026-01-02T01:54:00+00:00,t51_24,treatment,conversion,0
2026-01-02T01:54:00+00:00,t51_24,treatment,error_rate,0
2026-01-02T01:55:00+00:00,t51_25,treatment,conversion,0
2026-01-02T01:55:00+00:00,t51_25,treatment,error_rate,0
2026-01-02T01:56:00+00:00,t51_26,treatment,conversion,0
2026-01-02T01:56:00+00:00,t51_26,treatment,error_rate,0
2026-01-02T01:57:00+00:00,t51_27,treatment,conversion,1
2026-01-02T01:57:00+00:00,t51_27,treatment,error_rate,0
2026-01-02T01:58:00+00:00,t51_28,treatment,conversion,0
2026-01-02T01:58:00+00:00,t51_28,treatment,error_rate,0
2026-01-02T01:59:00+00:00,t51_29,treatment,conversion,1
2026-01-02T01:59:00+00:00,t51_29,treatment,error_rate,0
2026-01-02T02:00:00+00:00,c52_0,control,conversion,0
2026-01-02T02:00:00+00:00,c52_0,control,error_rate,0
2026-01-02T02:01:00+00:00,c52_1,control,conversion,0
2026-01-02T02:01:00+00:00,c52_1,control,error_rate,1
2026-01-02T02:02:00+00:00,c52_2,control,conversion,0
2026-01-02T02:02:00+00:00,c52_2,control,error_rate,0
2026-01-02T02:03:00+00:00,c52_3,control,conversion,0
2026-01-02T02:03:00+00:00,c52_3,control,error_rate,0
2026-01-02T02:04:00+00:00,c52_4,control,conversion,0
2026-01-02T02:04:00+00:00,c52_4,control,error_rate,0
2026-01-02T02:05:00+00:00,c52_5,control,conversion,0
2026-01-02T02:05:00+00:00,c52_5,control,error_rate,0
2026-01-02T02:06:00+00:00,c52_6,control,conversion,0
2026-01-02T02:06:00+00:00,c52_6,control,error_rate,0
2026-01-02T02:07:00+00:00,c52_7,control,conversion,0
2026-01-02T02:07:00+00:00,c52_7,control,error_rate,0
2026-01-02T02:08:00+00:00,c52_8,control,conversion,0
2026-01-02T02:08:00+00:00,c52_8,control,error_rate,0
2026-01-02T02:09:00+00:00,c52_9,control,conversion,0
2026-01-02T02:09:00+00:00,c52_9,control,error_rate,0
2026-01-02T02:10:00+00:00,c52_10,control,conversion,0
2026-01-02T02:10:00+00:00,c52_10,control,error_rate,0
2026-01-02T02:11:00+00:00,c52_11,control,conversion,0
2026-01-02T02:11:00+00:00,c52_11,control,error_rate,0
2026-01-02T02:12:00+00:00,c52_12,control,conversion,0
2026-01-02T02:12:00+00:00,c52_12,control,error_rate,0
2026-01-02T02:13:00+00:00,c52_13,control,conversion,0
2026-01-02T02:13:00+00:00,c52_13,control,error_rate,0
2026-01-02T02:14:00+00:00,c52_14,control,conversion,0
2026-01-02T02:14:00+00:00,c52_14,control,error_rate,0
2026-01-02T02:15:00+00:00,c52_15,control,conversion,0
2026-01-02T02:15:00+00:00,c52_15,control,error_rate,0
2026-01-02T02:16:00+00:00,c52_16,control,conversion,0
2026-01-02T02:16:00+00:00,c52_16,control,error_rate,1
2026-01-02T02:17:00+00:00,c52_17,control,conversion,0
2026-01-02T02:17:00+00:00,c52_17,control,error_rate,0
2026-01-02T02:18:00+00:00,c52_18,control,conversion,1
2026-01-02T02:18:00+00:00,c52_18,control,error_rate,0
2026-01-02T02:19:00+00:00,c52_19,control,conversion,0
2026-01-02T02:19:00+00:00,c52_19,control,error_rate,1
2026-01-02T02:20:00+00:00,c52_20,control,conversion,0
2026-01-02T02:20:00+00:00,c52_20,control,error_rate,0
2026-01-02T02:21:00+00:00,c52_21,control,conversion,0
2026-01-02T02:21:00+00:00,c52_21,control,error_rate,0
2026-01-02T02:22:00+00:00,c52_22,control,conversion,0
2026-01-02T02:22:00+00:00,c52_22,control,error_rate,0
2026-01-02T02:23:00+00:00,c52_23,control,conversion,0
2026-01-02T02:23:00+00:00,c52_23,control,error_rate,0
2026-01-02T02:24:00+00:00,c52_24,control,conversion,0
2026-01-02T02:24:00+00:00,c52_24,control,error_rate,0
2026-01-02T02:25:00+00:00,c52_25,control,conversion,0
2026-01-02T02:25:00+00:00,c52_25,control,error_rate,0
2026-01-02T02:26:00+00:00,c52_26,control,conversion,0
2026-01-02T02:26:00+00:00,c52_26,control,error_rate,0
2026-01-02T02:27:00+00:00,c52_27,control,conversion,0
2026-01-02T02:27:00+00:00,c52_27,control,error_rate,0
2026-01-02T02:28:00+00:00,c52_28,control,conversion,0
2026-01-02T02:28:00+00:00,c52_28,control,error_rate,0
2026-01-02T02:29:00+00:00,c52_29,control,conversion,0
2026-01-02T02:29:00+00:00,c52_29,control,error_rate,0
2026-01-02T02:00:00+00:00,t52_0,treatment,conversion,0
2026-01-02T02:00:00+00:00,t52_0,treatment,error_rate,0
2026-01-02T02:01:00+00:00,t52_1,treatment,conversion,0
2026-01-02T02:01:00+00:00,t52_1,treatment,error_rate,0
2026-01-02T02:02:00+00:00,t52_2,treatment,conversion,0
2026-01-02T02:02:00+00:00,t52_2,treatment,error_rate,0
2026-01-02T02:03:00+00:00,t52_3,treatment,conversion,1
2026-01-02T02:03:00+00:00,t52_3,treatment,error_rate,0
2026-01-02T02:04:00+00:00,t52_4,treatment,conversion,1
2026-01-02T02:04:00+00:00,t52_4,treatment,error_rate,0
2026-01-02T02:05:00+00:00,t52_5,treatment,conversion,1
2026-01-02T02:05:00+00:00,t52_5,treatment,error_rate,0
2026-01-02T02:06:00+00:00,t52_6,treatment,conversion,0
2026-01-02T02:06:00+00:00,t52_6,treatment,error_rate,1
2026-01-02T02:07:00+00:00,t52_7,treatment,conversion,0
2026-01-02T02:07:00+00:00,t52_7,treatment,error_rate,0
2026-01-02T02:08:00+00:00,t52_8,treatment,conversion,1
2026-01-02T02:08:00+00:00,t52_8,treatment,error_rate,0
2026-01-02T02:09:00+00:00,t52_9,treatment,conversion,0
2026-01-02T02:09:00+00:00,t52_9,treatment,error_rate,0
2026-01-02T02:10:00+00:00,t52_10,treatment,conversion,0
2026-01-02T02:10:00+00:00,t52_10,treatment,error_rate,0
2026-01-02T02:11:00+00:00,t52_11,treatment,conversion,1
2026-01-02T02:11:00+00:00,t52_11,treatment,error_rate,0
2026-01-02T02:12:00+00:00,t52_12,treatment,conversion,1
2026-01-02T02:12:00+00:00,t52_12,treatment,error_rate,0
2026-01-02T02:13:00+00:00,t52_13,treatment,conversion,0
2026-01-02T02:13:00+00:00,t52_13,treatment,error_rate,0
2026-01-02T02:14:00+00:00,t52_14,treatment,conversion,0
2026-01-02T02:14:00+00:00,t52_14,treatment,error_rate,0
2026-01-02T02:15:00+00:00,t52_15,treatment,conversion,0
2026-01-02T02:15:00+00:00,t52_15,treatment,error_rate,0
2026-01-02T02:16:00+00:00,t52_16,treatment,conversion,0
2026-01-02T02:16:00+00:00,t52_16,treatment,error_rate,0
2026-01-02T02:17:00+00:00,t52_17,treatment,conversion,1
2026-01-02T02:17:00+00:00,t52_17,treatment,error_rate,0
2026-01-02T02:18:00+00:00,t52_18,treatment,conversion,0
2026-01-02T02:18:00+00:00,t52_18,treatment,error_rate,0
2026-01-02T02:19:00+00:00,t52_19,treatment,conversion,0
2026-01-02T02:19:00+00:00,t52_19,treatment,error_rate,0
2026-01-02T02:20:00+00:00,t52_20,treatment,conversion,0
2026-01-02T02:20:00+00:00,t52_20,treatment,error_rate,0
2026-01-02T02:21:00+00:00,t52_21,treatment,conversion,0
2026-01-02T02:21:00+00:00,t52_21,treatment,error_rate,0
2026-01-02T02:22:00+00:00,t52_22,treatment,conversion,1
2026-01-02T02:22:00+00:00,t52_22,treatment,error_rate,0
2026-01-02T02:23:00+00:00,t52_23,treatment,conversion,0
2026-01-02T02:23:00+00:00,t52_23,treatment,error_rate,0
2026-01-02T02:24:00+00:00,t52_24,treatment,conversion,0
2026-01-02T02:24:00+00:00,t52_24,treatment,error_rate,0
2026-01-02T02:25:00+00:00,t52_25,treatment,conversion,0
2026-01-02T02:25:00+00:00,t52_25,treatment,error_rate,0
2026-01-02T02:26:00+00:00,t52_26,treatment,conversion,0
2026-01-02T02:26:00+00:00,t52_26,treatment,error_rate,0
2026-01-02T02:27:00+00:00,t52_27,treatment,conversion,1
2026-01-02T02:27:00+00:00,t52_27,treatment,error_rate,0
2026-01-02T02:28:00+00:00,t52_28,treatment,conversion,0
2026-01-02T02:28:00+00:00,t52_28,treatment,error_rate,0
2026-01-02T02:29:00+00:00,t52_29,treatment,conversion,0
2026-01-02T02:29:00+00:00,t52_29,treatment,error_rate,0
2026-01-02T02:30:00+00:00,c53_0,control,conversion,0
2026-01-02T02:30:00+00:00,c53_0,control,error_rate,0
2026-01-02T02:31:00+00:00,c53_1,control,conversion,0
2026-01-02T02:31:00+00:00,c53_1,control,error_rate,0
2026-01-02T02:32:00+00:00,c53_2,control,conversion,0
2026-01-02T02:32:00+00:00,c53_2,control,error_rate,0
2026-01-02T02:33:00+00:00,c53_3,control,conversion,0
2026-01-02T02:33:00+00:00,c53_3,control,error_rate,0
2026-01-02T02:34:00+00:00,c53_4,control,conversion,0
2026-01-02T02:34:00+00:00,c53_4,control,error_rate,0
2026-01-02T02:35:00+00:00,c53_5,control,conversion,0
2026-01-02T02:35:00+00:00,c53_5,control,error_rate,0
2026-01-02T02:36:00+00:00,c53_6,control,conversion,0
2026-01-02T02:36:00+00:00,c53_6,control,error_rate,0
2026-01-02T02:37:00+00:00,c53_7,control,conversion,0
2026-01-02T02:37:00+00:00,c53_7,control,error_rate,0
2026-01-02T02:38:00+00:00,c53_8,control,conversion,0
2026-01-02T02:38:00+00:00,c53_8,control,error_rate,0
2026-01-02T02:39:00+00:00,c53_9,control,conversion,0
2026-01-02T02:39:00+00:00,c53_9,control,error_rate,0
2026-01-02T02:40:00+00:00,c53_10,control,conversion,0
2026-01-02T02:40:00+00:00,c53_10,control,error_rate,1
2026-01-02T02:41:00+00:00,c53_11,control,conversion,0
2026-01-02T02:41:00+00:00,c53_11,control,error_rate,0
2026-01-02T02:42:00+00:00,c53_12,control,conversion,0
2026-01-02T02:42:00+00:00,c53_12,control,error_rate,0
2026-01-02T02:43:00+00:00,c53_13,control,conversion,1
2026-01-02T02:43:00+00:00,c53_13,control,error_rate,0
2026-01-02T02:44:00+00:00,c53_14,control,conversion,1
2026-01-02T02:44:00+00:00,c53_14,control,error_rate,0
2026-01-02T02:45:00+00:00,c53_15,control,conversion,0
2026-01-02T02:45:00+00:00,c53_15,control,error_rate,0
2026-01-02T02:46:00+00:00,c53_16,control,conversion,0
2026-01-02T02:46:00+00:00,c53_16,control,error_rate,0
2026-01-02T02:47:00+00:00,c53_17,control,conversion,1
2026-01-02T02:47:00+00:00,c53_17,control,error_rate,0
2026-01-02T02:48:00+00:00,c53_18,control,conversion,0
2026-01-02T02:48:00+00:00,c53_18,control,error_rate,0
2026-01-02T02:49:00+00:00,c53_19,control,conversion,0
2026-01-02T02:49:00+00:00,c53_19,control,error_rate,0
2026-01-02T02:50:00+00:00,c53_20,control,conversion,0
2026-01-02T02:50:00+00:00,c53_20,control,error_rate,0
2026-01-02T02:51:00+00:00,c53_21,control,conversion,0
2026-01-02T02:51:00+00:00,c53_21,control,error_rate,0
2026-01-02T02:52:00+00:00,c53_22,control,conversion,0
2026-01-02T02:52:00+00:00,c53_22,control,error_rate,0
2026-01-02T02:53:00+00:00,c53_23,control,conversion,0
2026-01-02T02:53:00+00:00,c53_23,control,error_rate,0
2026-01-02T02:54:00+00:00,c53_24,control,conversion,0
2026-01-02T02:54:00+00:00,c53_24,control,error_rate,0
2026-01-02T02:55:00+00:00,c53_25,control,conversion,1
2026-01-02T02:55:00+00:00,c53_25,control,error_rate,0
2026-01-02T02:56:00+00:00,c53_26,control,conversion,0
2026-01-02T02:56:00+00:00,c53_26,control,error_rate,0
2026-01-02T02:57:00+00:00,c53_27,control,conversion,0
2026-01-02T02:57:00+00:00,c53_27,control,error_rate,0
2026-01-02T02:58:00+00:00,c53_28,control,conversion,1
2026-01-02T02:58:00+00:00,c53_28,control,error_rate,0
2026-01-02T02:59:00+00:00,c53_29,control,conversion,0
2026-01-02T02:59:00+00:00,c53_29,control,error_rate,0
2026-01-02T02:30:00+00:00,t53_0,treatment,conversion,0
2026-01-02T02:30:00+00:00,t53_0,treatment,error_rate,0
2026-01-02T02:31:00+00:00,t53_1,treatment,conversion,0
2026-01-02T02:31:00+00:00,t53_1,treatment,error_rate,0
2026-01-02T02:32:00+00:00,t53_2,treatment,conversion,0
2026-01-02T02:32:00+00:00,t53_2,treatment,error_rate,0
2026-01-02T02:33:00+00:00,t53_3,treatment,conversion,0
2026-01-02T02:33:00+00:00,t53_3,treatment,error_rate,1
2026-01-02T02:34:00+00:00,t53_4,treatment,conversion,0
2026-01-02T02:34:00+00:00,t53_4,treatment,error_rate,0
2026-01-02T02:35:00+00:00,t53_5,treatment,conversion,0
2026-01-02T02:35:00+00:00,t53_5,treatment,error_rate,0
2026-01-02T02:36:00+00:00,t53_6,treatment,conversion,0
2026-01-02T02:36:00+00:00,t53_6,treatment,error_rate,0
2026-01-02T02:37:00+00:00,t53_7,treatment,conversion,0
2026-01-02T02:37:00+00:00,t53_7,treatment,error_rate,0
2026-01-02T02:38:00+00:00,t53_8,treatment,conversion,0
2026-01-02T02:38:00+00:00,t53_8,treatment,error_rate,0
2026-01-02T02:39:00+00:00,t53_9,treatment,conversion,1
2026-01-02T02:39:00+00:00,t53_9,treatment,error_rate,1
2026-01-02T02:40:00+00:00,t53_10,treatment,conversion,0
2026-01-02T02:40:00+00:00,t53_10,treatment,error_rate,0
2026-01-02T02:41:00+00:00,t53_11,treatment,conversion,0
2026-01-02T02:41:00+00:00,t53_11,treatment,error_rate,0
2026-01-02T02:42:00+00:00,t53_12,treatment,conversion,0
2026-01-02T02:42:00+00:00,t53_12,treatment,error_rate,0
2026-01-02T02:43:00+00:00,t53_13,treatment,conversion,0
2026-01-02T02:43:00+00:00,t53_13,treatment,error_rate,0
2026-01-02T02:44:00+00:00,t53_14,treatment,conversion,0
2026-01-02T02:44:00+00:00,t53_14,treatment,error_rate,0
2026-01-02T02:45:00+00:00,t53_15,treatment,conversion,1
2026-01-02T02:45:00+00:00,t53_15,treatment,error_rate,0
2026-01-02T02:46:00+00:00,t53_16,treatment,conversion,1
2026-01-02T02:46:00+00:00,t53_16,treatment,error_rate,0
2026-01-02T02:47:00+00:00,t53_17,treatment,conversion,0
2026-01-02T02:47:00+00:00,t53_17,treatment,error_rate,0
2026-01-02T02:48:00+00:00,t53_18,treatment,conversion,0
2026-01-02T02:48:00+00:00,t53_18,treatment,error_rate,0
2026-01-02T02:49:00+00:00,t53_19,treatment,conversion,0
2026-01-02T02:49:00+00:00,t53_19,treatment,error_rate,0
2026-01-02T02:50:00+00:00,t53_20,treatment,conversion,0
2026-01-02T02:50:00+00:00,t53_20,treatment,error_rate,0
2026-01-02T02:51:00+00:00,t53_21,treatment,conversion,0
2026-01-02T02:51:00+00:00,t53_21,treatment,error_rate,0
2026-01-02T02:52:00+00:00,t53_22,treatment,conversion,0
2026-01-02T02:52:00+00:00,t53_22,treatment,error_rate,0
2026-01-02T02:53:00+00:00,t53_23,treatment,conversion,0
2026-01-02T02:53:00+00:00,t53_23,treatment,error_rate,0
2026-01-02T02:54:00+00:00,t53_24,treatment,conversion,1
2026-01-02T02:54:00+00:00,t53_24,treatment,error_rate,0
2026-01-02T02:55:00+00:00,t53_25,treatment,conversion,0
2026-01-02T02:55:00+00:00,t53_25,treatment,error_rate,0
2026-01-02T02:56:00+00:00,t53_26,treatment,conversion,0
2026-01-02T02:56:00+00:00,t53_26,treatment,error_rate,0
2026-01-02T02:57:00+00:00,t53_27,treatment,conversion,0
2026-01-02T02:57:00+00:00,t53_27,treatment,error_rate,0
2026-01-02T02:58:00+00:00,t53_28,treatment,conversion,0
2026-01-02T02:58:00+00:00,t53_28,treatment,error_rate,1
2026-01-02T02:59:00+00:00,t53_29,treatment,conversion,0
2026-01-02T02:59:00+00:00,t53_29,treatment,error_rate,0
2026-01-02T03:00:00+00:00,c54_0,control,conversion,1
2026-01-02T03:00:00+00:00,c54_0,control,error_rate,0
2026-01-02T03:01:00+00:00,c54_1,control,conversion,0
2026-01-02T03:01:00+00:00,c54_1,control,error_rate,0
2026-01-02T03:02:00+00:00,c54_2,control,conversion,0
2026-01-02T03:02:00+00:00,c54_2,control,error_rate,0
2026-01-02T03:03:00+00:00,c54_3,control,conversion,0
2026-01-02T03:03:00+00:00,c54_3,control,error_rate,0
2026-01-02T03:04:00+00:00,c54_4,control,conversion,0
2026-01-02T03:04:00+00:00,c54_4,control,error_rate,0
2026-01-02T03:05:00+00:00,c54_5,control,conversion,0
2026-01-02T03:05:00+00:00,c54_5,control,error_rate,0
2026-01-02T03:06:00+00:00,c54_6,control,conversion,0
2026-01-02T03:06:00+00:00,c54_6,control,error_rate,0
2026-01-02T03:07:00+00:00,c54_7,control,conversion,0
2026-01-02T03:07:00+00:00,c54_7,control,error_rate,0
2026-01-02T03:08:00+00:00,c54_8,control,conversion,0
2026-01-02T03:08:00+00:00,c54_8,control,error_rate,0
2026-01-02T03:09:00+00:00,c54_9,control,conversion,1
2026-01-02T03:09:00+00:00,c54_9,control,error_rate,0
2026-01-02T03:10:00+00:00,c54_10,control,conversion,0
2026-01-02T03:10:00+00:00,c54_10,control,error_rate,0
2026-01-02T03:11:00+00:00,c54_11,control,conversion,0
2026-01-02T03:11:00+00:00,c54_11,control,error_rate,0
2026-01-02T03:12:00+00:00,c54_12,control,conversion,0
2026-01-02T03:12:00+00:00,c54_12,control,error_rate,0
2026-01-02T03:13:00+00:00,c54_13,control,conversion,0
2026-01-02T03:13:00+00:00,c54_13,control,error_rate,0
2026-01-02T03:14:00+00:00,c54_14,control,conversion,0
2026-01-02T03:14:00+00:00,c54_14,control,error_rate,0
2026-01-02T03:15:00+00:00,c54_15,control,conversion,0
2026-01-02T03:15:00+00:00,c54_15,control,error_rate,0
2026-01-02T03:16:00+00:00,c54_16,control,conversion,0
2026-01-02T03:16:00+00:00,c54_16,control,error_rate,0
2026-01-02T03:17:00+00:00,c54_17,control,conversion,0
2026-01-02T03:17:00+00:00,c54_17,control,error_rate,0
2026-01-02T03:18:00+00:00,c54_18,control,conversion,0
2026-01-02T03:18:00+00:00,c54_18,control,error_rate,0
2026-01-02T03:19:00+00:00,c54_19,control,conversion,0
2026-01-02T03:19:00+00:00,c54_19,control,error_rate,1
2026-01-02T03:20:00+00:00,c54_20,control,conversion,0
2026-01-02T03:20:00+00:00,c54_20,control,error_rate,0
2026-01-02T03:21:00+00:00,c54_21,control,conversion,0
2026-01-02T03:21:00+00:00,c54_21,control,error_rate,0
2026-01-02T03:22:00+00:00,c54_22,control,conversion,0
2026-01-02T03:22:00+00:00,c54_22,control,error_rate,1
2026-01-02T03:23:00+00:00,c54_23,control,conversion,0
2026-01-02T03:23:00+00:00,c54_23,control,error_rate,0
2026-01-02T03:24:00+00:00,c54_24,control,conversion,0
2026-01-02T03:24:00+00:00,c54_24,control,error_rate,0
2026-01-02T03:25:00+00:00,c54_25,control,conversion,0
2026-01-02T03:25:00+00:00,c54_25,control,error_rate,0
2026-01-02T03:26:00+00:00,c54_26,control,conversion,0
2026-01-02T03:26:00+00:00,c54_26,control,error_rate,0
2026-01-02T03:27:00+00:00,c54_27,control,conversion,0
2026-01-02T03:27:00+00:00,c54_27,control,error_rate,0
2026-01-02T03:28:00+00:00,c54_28,control,conversion,0
2026-01-02T03:28:00+00:00,c54_28,control,error_rate,0
2026-01-02T03:29:00+00:00,c54_29,control,conversion,0
2026-01-02T03:29:00+00:00,c54_29,control,error_rate,0
2026-01-02T03:00:00+00:00,t54_0,treatment,conversion,0
2026-01-02T03:00:00+00:00,t54_0,treatment,error_rate,0
2026-01-02T03:01:00+00:00,t54_1,treatment,conversion,0
2026-01-02T03:01:00+00:00,t54_1,treatment,error_rate,0
2026-01-02T03:02:00+00:00,t54_2,treatment,conversion,0
2026-01-02T03:02:00+00:00,t54_2,treatment,error_rate,1
2026-01-02T03:03:00+00:00,t54_3,treatment,conversion,0
2026-01-02T03:03:00+00:00,t54_3,treatment,error_rate,0
2026-01-02T03:04:00+00:00,t54_4,treatment,conversion,0
2026-01-02T03:04:00+00:00,t54_4,treatment,error_rate,0
2026-01-02T03:05:00+00:00,t54_5,treatment,conversion,1
2026-01-02T03:05:00+00:00,t54_5,treatment,error_rate,0
2026-01-02T03:06:00+00:00,t54_6,treatment,conversion,1
2026-01-02T03:06:00+00:00,t54_6,treatment,error_rate,0
2026-01-02T03:07:00+00:00,t54_7,treatment,conversion,0
2026-01-02T03:07:00+00:00,t54_7,treatment,error_rate,0
2026-01-02T03:08:00+00:00,t54_8,treatment,conversion,1
2026-01-02T03:08:00+00:00,t54_8,treatment,error_rate,0
2026-01-02T03:09:00+00:00,t54_9,treatment,conversion,0
2026-01-02T03:09:00+00:00,t54_9,treatment,error_rate,0
2026-01-02T03:10:00+00:00,t54_10,treatment,conversion,0
2026-01-02T03:10:00+00:00,t54_10,treatment,error_rate,0
2026-01-02T03:11:00+00:00,t54_11,treatment,conversion,1
2026-01-02T03:11:00+00:00,t54_11,treatment,error_rate,0
2026-01-02T03:12:00+00:00,t54_12,treatment,conversion,0
2026-01-02T03:12:00+00:00,t54_12,treatment,error_rate,0
2026-01-02T03:13:00+00:00,t54_13,treatment,conversion,1
2026-01-02T03:13:00+00:00,t54_13,treatment,error_rate,0
2026-01-02T03:14:00+00:00,t54_14,treatment,conversion,1
2026-01-02T03:14:00+00:00,t54_14,treatment,error_rate,0
2026-01-02T03:15:00+00:00,t54_15,treatment,conversion,1
2026-01-02T03:15:00+00:00,t54_15,treatment,error_rate,0
2026-01-02T03:16:00+00:00,t54_16,treatment,conversion,0
2026-01-02T03:16:00+00:00,t54_16,treatment,error_rate,0
2026-01-02T03:17:00+00:00,t54_17,treatment,conversion,0
2026-01-02T03:17:00+00:00,t54_17,treatment,error_rate,0
2026-01-02T03:18:00+00:00,t54_18,treatment,conversion,0
2026-01-02T03:18:00+00:00,t54_18,treatment,error_rate,0
2026-01-02T03:19:00+00:00,t54_19,treatment,conversion,0
2026-01-02T03:19:00+00:00,t54_19,treatment,error_rate,1
2026-01-02T03:20:00+00:00,t54_20,treatment,conversion,0
2026-01-02T03:20:00+00:00,t54_20,treatment,error_rate,0
2026-01-02T03:21:00+00:00,t54_21,treatment,conversion,0
2026-01-02T03:21:00+00:00,t54_21,treatment,error_rate,0
2026-01-02T03:22:00+00:00,t54_22,treatment,conversion,0
2026-01-02T03:22:00+00:00,t54_22,treatment,error_rate,0
2026-01-02T03:23:00+00:00,t54_23,treatment,conversion,0
2026-01-02T03:23:00+00:00,t54_23,treatment,error_rate,0
2026-01-02T03:24:00+00:00,t54_24,treatment,conversion,0
2026-01-02T03:24:00+00:00,t54_24,treatment,error_rate,0
2026-01-02T03:25:00+00:00,t54_25,treatment,conversion,0
2026-01-02T03:25:00+00:00,t54_25,treatment,error_rate,0
2026-01-02T03:26:00+00:00,t54_26,treatment,conversion,0
2026-01-02T03:26:00+00:00,t54_26,treatment,error_rate,0
2026-01-02T03:27:00+00:00,t54_27,treatment,conversion,0
2026-01-02T03:27:00+00:00,t54_27,treatment,error_rate,0
2026-01-02T03:28:00+00:00,t54_28,treatment,conversion,0
2026-01-02T03:28:00+00:00,t54_28,treatment,error_rate,0
2026-01-02T03:29:00+00:00,t54_29,treatment,conversion,0
2026-01-02T03:29:00+00:00,t54_29,treatment,error_rate,0
2026-01-02T03:30:00+00:00,c55_0,control,conversion,0
2026-01-02T03:30:00+00:00,c55_0,control,error_rate,0
2026-01-02T03:31:00+00:00,c55_1,control,conversion,0
2026-01-02T03:31:00+00:00,c55_1,control,error_rate,0
2026-01-02T03:32:00+00:00,c55_2,control,conversion,0
2026-01-02T03:32:00+00:00,c55_2,control,error_rate,0
2026-01-02T03:33:00+00:00,c55_3,control,conversion,0
2026-01-02T03:33:00+00:00,c55_3,control,error_rate,0
2026-01-02T03:34:00+00:00,c55_4,control,conversion,0
2026-01-02T03:34:00+00:00,c55_4,control,error_rate,0
2026-01-02T03:35:00+00:00,c55_5,control,conversion,0
2026-01-02T03:35:00+00:00,c55_5,control,error_rate,0
2026-01-02T03:36:00+00:00,c55_6,control,conversion,1
2026-01-02T03:36:00+00:00,c55_6,control,error_rate,0
2026-01-02T03:37:00+00:00,c55_7,control,conversion,0
2026-01-02T03:37:00+00:00,c55_7,control,error_rate,0
2026-01-02T03:38:00+00:00,c55_8,control,conversion,0
2026-01-02T03:38:00+00:00,c55_8,control,error_rate,0
2026-01-02T03:39:00+00:00,c55_9,control,conversion,0
2026-01-02T03:39:00+00:00,c55_9,control,error_rate,0
2026-01-02T03:40:00+00:00,c55_10,control,conversion,0
2026-01-02T03:40:00+00:00,c55_10,control,error_rate,0
2026-01-02T03:41:00+00:00,c55_11,control,conversion,0
2026-01-02T03:41:00+00:00,c55_11,control,error_rate,1
2026-01-02T03:42:00+00:00,c55_12,control,conversion,0
2026-01-02T03:42:00+00:00,c55_12,control,error_rate,0
2026-01-02T03:43:00+00:00,c55_13,control,conversion,0
2026-01-02T03:43:00+00:00,c55_13,control,error_rate,1
2026-01-02T03:44:00+00:00,c55_14,control,conversion,0
2026-01-02T03:44:00+00:00,c55_14,control,error_rate,0
2026-01-02T03:45:00+00:00,c55_15,control,conversion,0
2026-01-02T03:45:00+00:00,c55_15,control,error_rate,0
2026-01-02T03:46:00+00:00,c55_16,control,conversion,0
2026-01-02T03:46:00+00:00,c55_16,control,error_rate,0
2026-01-02T03:47:00+00:00,c55_17,control,conversion,0
2026-01-02T03:47:00+00:00,c55_17,control,error_rate,0
2026-01-02T03:48:00+00:00,c55_18,control,conversion,1
2026-01-02T03:48:00+00:00,c55_18,control,error_rate,0
2026-01-02T03:49:00+00:00,c55_19,control,conversion,1
2026-01-02T03:49:00+00:00,c55_19,control,error_rate,0
2026-01-02T03:50:00+00:00,c55_20,control,conversion,0
2026-01-02T03:50:00+00:00,c55_20,control,error_rate,0
2026-01-02T03:51:00+00:00,c55_21,control,conversion,0
2026-01-02T03:51:00+00:00,c55_21,control,error_rate,0
2026-01-02T03:52:00+00:00,c55_22,control,conversion,0
2026-01-02T03:52:00+00:00,c55_22,control,error_rate,0
2026-01-02T03:53:00+00:00,c55_23,control,conversion,0
2026-01-02T03:53:00+00:00,c55_23,control,error_rate,0
2026-01-02T03:54:00+00:00,c55_24,control,conversion,0
2026-01-02T03:54:00+00:00,c55_24,control,error_rate,0
2026-01-02T03:55:00+00:00,c55_25,control,conversion,0
2026-01-02T03:55:00+00:00,c55_25,control,error_rate,0
2026-01-02T03:56:00+00:00,c55_26,control,conversion,0
2026-01-02T03:56:00+00:00,c55_26,control,error_rate,0
2026-01-02T03:57:00+00:00,c55_27,control,conversion,0
2026-01-02T03:57:00+00:00,c55_27,control,error_rate,1
2026-01-02T03:58:00+00:00,c55_28,control,conversion,0
2026-01-02T03:58:00+00:00,c55_28,control,error_rate,0
2026-01-02T03:59:00+00:00,c55_29,control,conversion,0
2026-01-02T03:59:00+00:00,c55_29,control,error_rate,0
2026-01-02T03:30:00+00:00,t55_0,treatment,conversion,0
2026-01-02T03:30:00+00:00,t55_0,treatment,error_rate,0
2026-01-02T03:31:00+00:00,t55_1,treatment,conversion,0
2026-01-02T03:31:00+00:00,t55_1,treatment,error_rate,0
2026-01-02T03:32:00+00:00,t55_2,treatment,conversion,0
2026-01-02T03:32:00+00:00,t55_2,treatment,error_rate,0
2026-01-02T03:33:00+00:00,t55_3,treatment,conversion,0
2026-01-02T03:33:00+00:00,t55_3,treatment,error_rate,0
2026-01-02T03:34:00+00:00,t55_4,treatment,conversion,0
2026-01-02T03:34:00+00:00,t55_4,treatment,error_rate,0
2026-01-02T03:35:00+00:00,t55_5,treatment,conversion,0
2026-01-02T03:35:00+00:00,t55_5,treatment,error_rate,0
2026-01-02T03:36:00+00:00,t55_6,treatment,conversion,0
2026-01-02T03:36:00+00:00,t55_6,treatment,error_rate,0
2026-01-02T03:37:00+00:00,t55_7,treatment,conversion,0
2026-01-02T03:37:00+00:00,t55_7,treatment,error_rate,0
2026-01-02T03:38:00+00:00,t55_8,treatment,conversion,0
2026-01-02T03:38:00+00:00,t55_8,treatment,error_rate,0
2026-01-02T03:39:00+00:00,t55_9,treatment,conversion,0
2026-01-02T03:39:00+00:00,t55_9,treatment,error_rate,0
2026-01-02T03:40:00+00:00,t55_10,treatment,conversion,0
2026-01-02T03:40:00+00:00,t55_10,treatment,error_rate,0
2026-01-02T03:41:00+00:00,t55_11,treatment,conversion,0
2026-01-02T03:41:00+00:00,t55_11,treatment,error_rate,0
2026-01-02T03:42:00+00:00,t55_12,treatment,conversion,0
2026-01-02T03:42:00+00:00,t55_12,treatment,error_rate,0
2026-01-02T03:43:00+00:00,t55_13,treatment,conversion,1
2026-01-02T03:43:00+00:00,t55_13,treatment,error_rate,0
2026-01-02T03:44:00+00:00,t55_14,treatment,conversion,0
2026-01-02T03:44:00+00:00,t55_14,treatment,error_rate,0
2026-01-02T03:45:00+00:00,t55_15,treatment,conversion,0
2026-01-02T03:45:00+00:00,t55_15,treatment,error_rate,0
2026-01-02T03:46:00+00:00,t55_16,treatment,conversion,0
2026-01-02T03:46:00+00:00,t55_16,treatment,error_rate,0
2026-01-02T03:47:00+00:00,t55_17,treatment,conversion,0
2026-01-02T03:47:00+00:00,t55_17,treatment,error_rate,1
2026-01-02T03:48:00+00:00,t55_18,treatment,conversion,0
2026-01-02T03:48:00+00:00,t55_18,treatment,error_rate,0
2026-01-02T03:49:00+00:00,t55_19,treatment,conversion,0
2026-01-02T03:49:00+00:00,t55_19,treatment,error_rate,0
2026-01-02T03:50:00+00:00,t55_20,treatment,conversion,0
2026-01-02T03:50:00+00:00,t55_20,treatment,error_rate,0
2026-01-02T03:51:00+00:00,t55_21,treatment,conversion,0
2026-01-02T03:51:00+00:00,t55_21,treatment,error_rate,0
2026-01-02T03:52:00+00:00,t55_22,treatment,conversion,0
2026-01-02T03:52:00+00:00,t55_22,treatment,error_rate,0
2026-01-02T03:53:00+00:00,t55_23,treatment,conversion,0
2026-01-02T03:53:00+00:00,t55_23,treatment,error_rate,0
2026-01-02T03:54:00+00:00,t55_24,treatment,conversion,0
2026-01-02T03:54:00+00:00,t55_24,treatment,error_rate,0
2026-01-02T03:55:00+00:00,t55_25,treatment,conversion,1
2026-01-02T03:55:00+00:00,t55_25,treatment,error_rate,0
2026-01-02T03:56:00+00:00,t55_26,treatment,conversion,0
2026-01-02T03:56:00+00:00,t55_26,treatment,error_rate,0
2026-01-02T03:57:00+00:00,t55_27,treatment,conversion,1
2026-01-02T03:57:00+00:00,t55_27,treatment,error_rate,0
2026-01-02T03:58:00+00:00,t55_28,treatment,conversion,1
2026-01-02T03:58:00+00:00,t55_28,treatment,error_rate,0
2026-01-02T03:59:00+00:00,t55_29,treatment,conversion,0
2026-01-02T03:59:00+00:00,t55_29,treatment,error_rate,0
2026-01-02T04:00:00+00:00,c56_0,control,conversion,0
2026-01-02T04:00:00+00:00,c56_0,control,error_rate,0
2026-01-02T04:01:00+00:00,c56_1,control,conversion,0
2026-01-02T04:01:00+00:00,c56_1,control,error_rate,0
2026-01-02T04:02:00+00:00,c56_2,control,conversion,0
2026-01-02T04:02:00+00:00,c56_2,control,error_rate,0
2026-01-02T04:03:00+00:00,c56_3,control,conversion,1
2026-01-02T04:03:00+00:00,c56_3,control,error_rate,1
2026-01-02T04:04:00+00:00,c56_4,control,conversion,0
2026-01-02T04:04:00+00:00,c56_4,control,error_rate,0
2026-01-02T04:05:00+00:00,c56_5,control,conversion,0
2026-01-02T04:05:00+00:00,c56_5,control,error_rate,0
2026-01-02T04:06:00+00:00,c56_6,control,conversion,0
2026-01-02T04:06:00+00:00,c56_6,control,error_rate,0
2026-01-02T04:07:00+00:00,c56_7,control,conversion,0
2026-01-02T04:07:00+00:00,c56_7,control,error_rate,0
2026-01-02T04:08:00+00:00,c56_8,control,conversion,0
2026-01-02T04:08:00+00:00,c56_8,control,error_rate,1
2026-01-02T04:09:00+00:00,c56_9,control,conversion,0
2026-01-02T04:09:00+00:00,c56_9,control,error_rate,0
2026-01-02T04:10:00+00:00,c56_10,control,conversion,0
2026-01-02T04:10:00+00:00,c56_10,control,error_rate,0
2026-01-02T04:11:00+00:00,c56_11,control,conversion,0
2026-01-02T04:11:00+00:00,c56_11,control,error_rate,0
2026-01-02T04:12:00+00:00,c56_12,control,conversion,0
2026-01-02T04:12:00+00:00,c56_12,control,error_rate,0
2026-01-02T04:13:00+00:00,c56_13,control,conversion,0
2026-01-02T04:13:00+00:00,c56_13,control,error_rate,0
2026-01-02T04:14:00+00:00,c56_14,control,conversion,0
2026-01-02T04:14:00+00:00,c56_14,control,error_rate,0
2026-01-02T04:15:00+00:00,c56_15,control,conversion,0
2026-01-02T04:15:00+00:00,c56_15,control,error_rate,0
2026-01-02T04:16:00+00:00,c56_16,control,conversion,0
2026-01-02T04:16:00+00:00,c56_16,control,error_rate,0
2026-01-02T04:17:00+00:00,c56_17,control,conversion,0
2026-01-02T04:17:00+00:00,c56_17,control,error_rate,0
2026-01-02T04:18:00+00:00,c56_18,control,conversion,0
2026-01-02T04:18:00+00:00,c56_18,control,error_rate,0
2026-01-02T04:19:00+00:00,c56_19,control,conversion,0
2026-01-02T04:19:00+00:00,c56_19,control,error_rate,0
2026-01-02T04:20:00+00:00,c56_20,control,conversion,0
2026-01-02T04:20:00+00:00,c56_20,control,error_rate,0
2026-01-02T04:21:00+00:00,c56_21,control,conversion,0
2026-01-02T04:21:00+00:00,c56_21,control,error_rate,0
2026-01-02T04:22:00+00:00,c56_22,control,conversion,0
2026-01-02T04:22:00+00:00,c56_22,control,error_rate,0
2026-01-02T04:23:00+00:00,c56_23,control,conversion,0
2026-01-02T04:23:00+00:00,c56_23,control,error_rate,0
2026-01-02T04:24:00+00:00,c56_24,control,conversion,0
2026-01-02T04:24:00+00:00,c56_24,control,error_rate,0
2026-01-02T04:25:00+00:00,c56_25,control,conversion,0
2026-01-02T04:25:00+00:00,c56_25,control,error_rate,0
2026-01-02T04:26:00+00:00,c56_26,control,conversion,0
2026-01-02T04:26:00+00:00,c56_26,control,error_rate,0
2026-01-02T04:27:00+00:00,c56_27,control,conversion,0
2026-01-02T04:27:00+00:00,c56_27,control,error_rate,0
2026-01-02T04:28:00+00:00,c56_28,control,conversion,0
2026-01-02T04:28:00+00:00,c56_28,control,error_rate,0
2026-01-02T04:29:00+00:00,c56_29,control,conversion,0
2026-01-02T04:29:00+00:00,c56_29,control,error_rate,0
2026-01-02T04:00:00+00:00,t56_0,treatment,conversion,0
2026-01-02T04:00:00+00:00,t56_0,treatment,error_rate,0
2026-01-02T04:01:00+00:00,t56_1,treatment,conversion,1
2026-01-02T04:01:00+00:00,t56_1,treatment,error_rate,0
2026-01-02T04:02:00+00:00,t56_2,treatment,conversion,0
2026-01-02T04:02:00+00:00,t56_2,treatment,error_rate,1
2026-01-02T04:03:00+00:00,t56_3,treatment,conversion,0
2026-01-02T04:03:00+00:00,t56_3,treatment,error_rate,0
2026-01-02T04:04:00+00:00,t56_4,treatment,conversion,0
2026-01-02T04:04:00+00:00,t56_4,treatment,error_rate,0
2026-01-02T04:05:00+00:00,t56_5,treatment,conversion,0
2026-01-02T04:05:00+00:00,t56_5,treatment,error_rate,0
2026-01-02T04:06:00+00:00,t56_6,treatment,conversion,0
2026-01-02T04:06:00+00:00,t56_6,treatment,error_rate,0
2026-01-02T04:07:00+00:00,t56_7,treatment,conversion,0
2026-01-02T04:07:00+00:00,t56_7,treatment,error_rate,0
2026-01-02T04:08:00+00:00,t56_8,treatment,conversion,0
2026-01-02T04:08:00+00:00,t56_8,treatment,error_rate,0
2026-01-02T04:09:00+00:00,t56_9,treatment,conversion,0
2026-01-02T04:09:00+00:00,t56_9,treatment,error_rate,0
2026-01-02T04:10:00+00:00,t56_10,treatment,conversion,0
2026-01-02T04:10:00+00:00,t56_10,treatment,error_rate,0
2026-01-02T04:11:00+00:00,t56_11,treatment,conversion,0
2026-01-02T04:11:00+00:00,t56_11,treatment,error_rate,0
2026-01-02T04:12:00+00:00,t56_12,treatment,conversion,0
2026-01-02T04:12:00+00:00,t56_12,treatment,error_rate,0
2026-01-02T04:13:00+00:00,t56_13,treatment,conversion,0
2026-01-02T04:13:00+00:00,t56_13,treatment,error_rate,0
2026-01-02T04:14:00+00:00,t56_14,treatment,conversion,0
2026-01-02T04:14:00+00:00,t56_14,treatment,error_rate,0
2026-01-02T04:15:00+00:00,t56_15,treatment,conversion,0
2026-01-02T04:15:00+00:00,t56_15,treatment,error_rate,0
2026-01-02T04:16:00+00:00,t56_16,treatment,conversion,0
2026-01-02T04:16:00+00:00,t56_16,treatment,error_rate,0
2026-01-02T04:17:00+00:00,t56_17,treatment,conversion,0
2026-01-02T04:17:00+00:00,t56_17,treatment,error_rate,0
2026-01-02T04:18:00+00:00,t56_18,treatment,conversion,0
2026-01-02T04:18:00+00:00,t56_18,treatment,error_rate,0
2026-01-02T04:19:00+00:00,t56_19,treatment,conversion,0
2026-01-02T04:19:00+00:00,t56_19,treatment,error_rate,0
2026-01-02T04:20:00+00:00,t56_20,treatment,conversion,0
2026-01-02T04:20:00+00:00,t56_20,treatment,error_rate,0
2026-01-02T04:21:00+00:00,t56_21,treatment,conversion,0
2026-01-02T04:21:00+00:00,t56_21,treatment,error_rate,1
2026-01-02T04:22:00+00:00,t56_22,treatment,conversion,0
2026-01-02T04:22:00+00:00,t56_22,treatment,error_rate,0
2026-01-02T04:23:00+00:00,t56_23,treatment,conversion,0
2026-01-02T04:23:00+00:00,t56_23,treatment,error_rate,0
2026-01-02T04:24:00+00:00,t56_24,treatment,conversion,0
2026-01-02T04:24:00+00:00,t56_24,treatment,error_rate,0
2026-01-02T04:25:00+00:00,t56_25,treatment,conversion,0
2026-01-02T04:25:00+00:00,t56_25,treatment,error_rate,0
2026-01-02T04:26:00+00:00,t56_26,treatment,conversion,0
2026-01-02T04:26:00+00:00,t56_26,treatment,error_rate,0
2026-01-02T04:27:00+00:00,t56_27,treatment,conversion,0
2026-01-02T04:27:00+00:00,t56_27,treatment,error_rate,0
2026-01-02T04:28:00+00:00,t56_28,treatment,conversion,0
2026-01-02T04:28:00+00:00,t56_28,treatment,error_rate,0
2026-01-02T04:29:00+00:00,t56_29,treatment,conversion,0
2026-01-02T04:29:00+00:00,t56_29,treatment,error_rate,0
2026-01-02T04:30:00+00:00,c57_0,control,conversion,1
2026-01-02T04:30:00+00:00,c57_0,control,error_rate,0
2026-01-02T04:31:00+00:00,c57_1,control,conversion,0
2026-01-02T04:31:00+00:00,c57_1,control,error_rate,0
2026-01-02T04:32:00+00:00,c57_2,control,conversion,0
2026-01-02T04:32:00+00:00,c57_2,control,error_rate,0
2026-01-02T04:33:00+00:00,c57_3,control,conversion,0
2026-01-02T04:33:00+00:00,c57_3,control,error_rate,0
2026-01-02T04:34:00+00:00,c57_4,control,conversion,1
2026-01-02T04:34:00+00:00,c57_4,control,error_rate,0
2026-01-02T04:35:00+00:00,c57_5,control,conversion,0
2026-01-02T04:35:00+00:00,c57_5,control,error_rate,0
2026-01-02T04:36:00+00:00,c57_6,control,conversion,0
2026-01-02T04:36:00+00:00,c57_6,control,error_rate,0
2026-01-02T04:37:00+00:00,c57_7,control,conversion,0
2026-01-02T04:37:00+00:00,c57_7,control,error_rate,0
2026-01-02T04:38:00+00:00,c57_8,control,conversion,0
2026-01-02T04:38:00+00:00,c57_8,control,error_rate,1
2026-01-02T04:39:00+00:00,c57_9,control,conversion,0
2026-01-02T04:39:00+00:00,c57_9,control,error_rate,0
2026-01-02T04:40:00+00:00,c57_10,control,conversion,0
2026-01-02T04:40:00+00:00,c57_10,control,error_rate,0
2026-01-02T04:41:00+00:00,c57_11,control,conversion,0
2026-01-02T04:41:00+00:00,c57_11,control,error_rate,0
2026-01-02T04:42:00+00:00,c57_12,control,conversion,0
2026-01-02T04:42:00+00:00,c57_12,control,error_rate,0
2026-01-02T04:43:00+00:00,c57_13,control,conversion,0
2026-01-02T04:43:00+00:00,c57_13,control,error_rate,0
2026-01-02T04:44:00+00:00,c57_14,control,conversion,0
2026-01-02T04:44:00+00:00,c57_14,control,error_rate,0
2026-01-02T04:45:00+00:00,c57_15,control,conversion,0
2026-01-02T04:45:00+00:00,c57_15,control,error_rate,0
2026-01-02T04:46:00+00:00,c57_16,control,conversion,0
2026-01-02T04:46:00+00:00,c57_16,control,error_rate,0
2026-01-02T04:47:00+00:00,c57_17,control,conversion,0
2026-01-02T04:47:00+00:00,c57_17,control,error_rate,0
2026-01-02T04:48:00+00:00,c57_18,control,conversion,0
2026-01-02T04:48:00+00:00,c57_18,control,error_rate,0
2026-01-02T04:49:00+00:00,c57_19,control,conversion,0
2026-01-02T04:49:00+00:00,c57_19,control,error_rate,1
2026-01-02T04:50:00+00:00,c57_20,control,conversion,1
2026-01-02T04:50:00+00:00,c57_20,control,error_rate,0
2026-01-02T04:51:00+00:00,c57_21,control,conversion,0
2026-01-02T04:51:00+00:00,c57_21,control,error_rate,0
2026-01-02T04:52:00+00:00,c57_22,control,conversion,0
2026-01-02T04:52:00+00:00,c57_22,control,error_rate,1
2026-01-02T04:53:00+00:00,c57_23,control,conversion,0
2026-01-02T04:53:00+00:00,c57_23,control,error_rate,1
2026-01-02T04:54:00+00:00,c57_24,control,conversion,1
2026-01-02T04:54:00+00:00,c57_24,control,error_rate,0
2026-01-02T04:55:00+00:00,c57_25,control,conversion,0
2026-01-02T04:55:00+00:00,c57_25,control,error_rate,0
2026-01-02T04:56:00+00:00,c57_26,control,conversion,0
2026-01-02T04:56:00+00:00,c57_26,control,error_rate,0
2026-01-02T04:57:00+00:00,c57_27,control,conversion,0
2026-01-02T04:57:00+00:00,c57_27,control,error_rate,1
2026-01-02T04:58:00+00:00,c57_28,control,conversion,0
2026-01-02T04:58:00+00:00,c57_28,control,error_rate,0
2026-01-02T04:59:00+00:00,c57_29,control,conversion,0
2026-01-02T04:59:00+00:00,c57_29,control,error_rate,0
2026-01-02T04:30:00+00:00,t57_0,treatment,conversion,0
2026-01-02T04:30:00+00:00,t57_0,treatment,error_rate,0
2026-01-02T04:31:00+00:00,t57_1,treatment,conversion,1
2026-01-02T04:31:00+00:00,t57_1,treatment,error_rate,0
2026-01-02T04:32:00+00:00,t57_2,treatment,conversion,0
2026-01-02T04:32:00+00:00,t57_2,treatment,error_rate,0
2026-01-02T04:33:00+00:00,t57_3,treatment,conversion,0
2026-01-02T04:33:00+00:00,t57_3,treatment,error_rate,0
2026-01-02T04:34:00+00:00,t57_4,treatment,conversion,0
2026-01-02T04:34:00+00:00,t57_4,treatment,error_rate,1
2026-01-02T04:35:00+00:00,t57_5,treatment,conversion,0
2026-01-02T04:35:00+00:00,t57_5,treatment,error_rate,0
2026-01-02T04:36:00+00:00,t57_6,treatment,conversion,0
2026-01-02T04:36:00+00:00,t57_6,treatment,error_rate,0
2026-01-02T04:37:00+00:00,t57_7,treatment,conversion,0
2026-01-02T04:37:00+00:00,t57_7,treatment,error_rate,0
2026-01-02T04:38:00+00:00,t57_8,treatment,conversion,0
2026-01-02T04:38:00+00:00,t57_8,treatment,error_rate,0
2026-01-02T04:39:00+00:00,t57_9,treatment,conversion,1
2026-01-02T04:39:00+00:00,t57_9,treatment,error_rate,0
2026-01-02T04:40:00+00:00,t57_10,treatment,conversion,0
2026-01-02T04:40:00+00:00,t57_10,treatment,error_rate,0
2026-01-02T04:41:00+00:00,t57_11,treatment,conversion,0
2026-01-02T04:41:00+00:00,t57_11,treatment,error_rate,0
2026-01-02T04:42:00+00:00,t57_12,treatment,conversion,0
2026-01-02T04:42:00+00:00,t57_12,treatment,error_rate,1
2026-01-02T04:43:00+00:00,t57_13,treatment,conversion,0
2026-01-02T04:43:00+00:00,t57_13,treatment,error_rate,1
2026-01-02T04:44:00+00:00,t57_14,treatment,conversion,0
2026-01-02T04:44:00+00:00,t57_14,treatment,error_rate,0
2026-01-02T04:45:00+00:00,t57_15,treatment,conversion,1
2026-01-02T04:45:00+00:00,t57_15,treatment,error_rate,1
2026-01-02T04:46:00+00:00,t57_16,treatment,conversion,0
2026-01-02T04:46:00+00:00,t57_16,treatment,error_rate,0
2026-01-02T04:47:00+00:00,t57_17,treatment,conversion,0
2026-01-02T04:47:00+00:00,t57_17,treatment,error_rate,0
2026-01-02T04:48:00+00:00,t57_18,treatment,conversion,0
2026-01-02T04:48:00+00:00,t57_18,treatment,error_rate,0
2026-01-02T04:49:00+00:00,t57_19,treatment,conversion,0
2026-01-02T04:49:00+00:00,t57_19,treatment,error_rate,0
2026-01-02T04:50:00+00:00,t57_20,treatment,conversion,0
2026-01-02T04:50:00+00:00,t57_20,treatment,error_rate,0
2026-01-02T04:51:00+00:00,t57_21,treatment,conversion,0
2026-01-02T04:51:00+00:00,t57_21,treatment,error_rate,0
2026-01-02T04:52:00+00:00,t57_22,treatment,conversion,0
2026-01-02T04:52:00+00:00,t57_22,treatment,error_rate,1
2026-01-02T04:53:00+00:00,t57_23,treatment,conversion,0
2026-01-02T04:53:00+00:00,t57_23,treatment,error_rate,0
2026-01-02T04:54:00+00:00,t57_24,treatment,conversion,0
2026-01-02T04:54:00+00:00,t57_24,treatment,error_rate,0
2026-01-02T04:55:00+00:00,t57_25,treatment,conversion,0
2026-01-02T04:55:00+00:00,t57_25,treatment,error_rate,0
2026-01-02T04:56:00+00:00,t57_26,treatment,conversion,0
2026-01-02T04:56:00+00:00,t57_26,treatment,error_rate,0
2026-01-02T04:57:00+00:00,t57_27,treatment,conversion,0
2026-01-02T04:57:00+00:00,t57_27,treatment,error_rate,0
2026-01-02T04:58:00+00:00,t57_28,treatment,conversion,0
2026-01-02T04:58:00+00:00,t57_28,treatment,error_rate,0
2026-01-02T04:59:00+00:00,t57_29,treatment,conversion,0
2026-01-02T04:59:00+00:00,t57_29,treatment,error_rate,0
2026-01-02T05:00:00+00:00,c58_0,control,conversion,0
2026-01-02T05:00:00+00:00,c58_0,control,error_rate,0
2026-01-02T05:01:00+00:00,c58_1,control,conversion,0
2026-01-02T05:01:00+00:00,c58_1,control,error_rate,0
2026-01-02T05:02:00+00:00,c58_2,control,conversion,0
2026-01-02T05:02:00+00:00,c58_2,control,error_rate,0
2026-01-02T05:03:00+00:00,c58_3,control,conversion,0
2026-01-02T05:03:00+00:00,c58_3,control,error_rate,0
2026-01-02T05:04:00+00:00,c58_4,control,conversion,0
2026-01-02T05:04:00+00:00,c58_4,control,error_rate,0
2026-01-02T05:05:00+00:00,c58_5,control,conversion,0
2026-01-02T05:05:00+00:00,c58_5,control,error_rate,0
2026-01-02T05:06:00+00:00,c58_6,control,conversion,0
2026-01-02T05:06:00+00:00,c58_6,control,error_rate,1
2026-01-02T05:07:00+00:00,c58_7,control,conversion,0
2026-01-02T05:07:00+00:00,c58_7,control,error_rate,0
2026-01-02T05:08:00+00:00,c58_8,control,conversion,0
2026-01-02T05:08:00+00:00,c58_8,control,error_rate,0
2026-01-02T05:09:00+00:00,c58_9,control,conversion,0
2026-01-02T05:09:00+00:00,c58_9,control,error_rate,1
2026-01-02T05:10:00+00:00,c58_10,control,conversion,0
2026-01-02T05:10:00+00:00,c58_10,control,error_rate,0
2026-01-02T05:11:00+00:00,c58_11,control,conversion,1
2026-01-02T05:11:00+00:00,c58_11,control,error_rate,0
2026-01-02T05:12:00+00:00,c58_12,control,conversion,0
2026-01-02T05:12:00+00:00,c58_12,control,error_rate,0
2026-01-02T05:13:00+00:00,c58_13,control,conversion,0
2026-01-02T05:13:00+00:00,c58_13,control,error_rate,0
2026-01-02T05:14:00+00:00,c58_14,control,conversion,0
2026-01-02T05:14:00+00:00,c58_14,control,error_rate,1
2026-01-02T05:15:00+00:00,c58_15,control,conversion,0
2026-01-02T05:15:00+00:00,c58_15,control,error_rate,0
2026-01-02T05:16:00+00:00,c58_16,control,conversion,0
2026-01-02T05:16:00+00:00,c58_16,control,error_rate,0
2026-01-02T05:17:00+00:00,c58_17,control,conversion,1
2026-01-02T05:17:00+00:00,c58_17,control,error_rate,0
2026-01-02T05:18:00+00:00,c58_18,control,conversion,0
2026-01-02T05:18:00+00:00,c58_18,control,error_rate,0
2026-01-02T05:19:00+00:00,c58_19,control,conversion,0
2026-01-02T05:19:00+00:00,c58_19,control,error_rate,1
2026-01-02T05:20:00+00:00,c58_20,control,conversion,1
2026-01-02T05:20:00+00:00,c58_20,control,error_rate,0
2026-01-02T05:21:00+00:00,c58_21,control,conversion,0
2026-01-02T05:21:00+00:00,c58_21,control,error_rate,0
2026-01-02T05:22:00+00:00,c58_22,control,conversion,0
2026-01-02T05:22:00+00:00,c58_22,control,error_rate,0
2026-01-02T05:23:00+00:00,c58_23,control,conversion,0
2026-01-02T05:23:00+00:00,c58_23,control,error_rate,0
2026-01-02T05:24:00+00:00,c58_24,control,conversion,0
2026-01-02T05:24:00+00:00,c58_24,control,error_rate,0
2026-01-02T05:25:00+00:00,c58_25,control,conversion,0
2026-01-02T05:25:00+00:00,c58_25,control,error_rate,0
2026-01-02T05:26:00+00:00,c58_26,control,conversion,0
2026-01-02T05:26:00+00:00,c58_26,control,error_rate,0
2026-01-02T05:27:00+00:00,c58_27,control,conversion,0
2026-01-02T05:27:00+00:00,c58_27,control,error_rate,0
2026-01-02T05:28:00+00:00,c58_28,control,conversion,0
2026-01-02T05:28:00+00:00,c58_28,control,error_rate,0
2026-01-02T05:29:00+00:00,c58_29,control,conversion,0
2026-01-02T05:29:00+00:00,c58_29,control,error_rate,0
2026-01-02T05:00:00+00:00,t58_0,treatment,conversion,0
2026-01-02T05:00:00+00:00,t58_0,treatment,error_rate,1
2026-01-02T05:01:00+00:00,t58_1,treatment,conversion,0
2026-01-02T05:01:00+00:00,t58_1,treatment,error_rate,0
2026-01-02T05:02:00+00:00,t58_2,treatment,conversion,0
2026-01-02T05:02:00+00:00,t58_2,treatment,error_rate,0
2026-01-02T05:03:00+00:00,t58_3,treatment,conversion,0
2026-01-02T05:03:00+00:00,t58_3,treatment,error_rate,0
2026-01-02T05:04:00+00:00,t58_4,treatment,conversion,0
2026-01-02T05:04:00+00:00,t58_4,treatment,error_rate,0
2026-01-02T05:05:00+00:00,t58_5,treatment,conversion,0
2026-01-02T05:05:00+00:00,t58_5,treatment,error_rate,0
2026-01-02T05:06:00+00:00,t58_6,treatment,conversion,0
2026-01-02T05:06:00+00:00,t58_6,treatment,error_rate,0
2026-01-02T05:07:00+00:00,t58_7,treatment,conversion,0
2026-01-02T05:07:00+00:00,t58_7,treatment,error_rate,0
2026-01-02T05:08:00+00:00,t58_8,treatment,conversion,0
2026-01-02T05:08:00+00:00,t58_8,treatment,error_rate,0
2026-01-02T05:09:00+00:00,t58_9,treatment,conversion,0
2026-01-02T05:09:00+00:00,t58_9,treatment,error_rate,0
2026-01-02T05:10:00+00:00,t58_10,treatment,conversion,0
2026-01-02T05:10:00+00:00,t58_10,treatment,error_rate,1
2026-01-02T05:11:00+00:00,t58_11,treatment,conversion,1
2026-01-02T05:11:00+00:00,t58_11,treatment,error_rate,0
2026-01-02T05:12:00+00:00,t58_12,treatment,conversion,0
2026-01-02T05:12:00+00:00,t58_12,treatment,error_rate,0
2026-01-02T05:13:00+00:00,t58_13,treatment,conversion,1
2026-01-02T05:13:00+00:00,t58_13,treatment,error_rate,1
2026-01-02T05:14:00+00:00,t58_14,treatment,conversion,0
2026-01-02T05:14:00+00:00,t58_14,treatment,error_rate,1
2026-01-02T05:15:00+00:00,t58_15,treatment,conversion,0
2026-01-02T05:15:00+00:00,t58_15,treatment,error_rate,0
2026-01-02T05:16:00+00:00,t58_16,treatment,conversion,0
2026-01-02T05:16:00+00:00,t58_16,treatment,error_rate,0
2026-01-02T05:17:00+00:00,t58_17,treatment,conversion,0
2026-01-02T05:17:00+00:00,t58_17,treatment,error_rate,0
2026-01-02T05:18:00+00:00,t58_18,treatment,conversion,0
2026-01-02T05:18:00+00:00,t58_18,treatment,error_rate,0
2026-01-02T05:19:00+00:00,t58_19,treatment,conversion,0
2026-01-02T05:19:00+00:00,t58_19,treatment,error_rate,0
2026-01-02T05:20:00+00:00,t58_20,treatment,conversion,1
2026-01-02T05:20:00+00:00,t58_20,treatment,error_rate,1
2026-01-02T05:21:00+00:00,t58_21,treatment,conversion,0
2026-01-02T05:21:00+00:00,t58_21,treatment,error_rate,0
2026-01-02T05:22:00+00:00,t58_22,treatment,conversion,0
2026-01-02T05:22:00+00:00,t58_22,treatment,error_rate,0
2026-01-02T05:23:00+00:00,t58_23,treatment,conversion,0
2026-01-02T05:23:00+00:00,t58_23,treatment,error_rate,0
2026-01-02T05:24:00+00:00,t58_24,treatment,conversion,0
2026-01-02T05:24:00+00:00,t58_24,treatment,error_rate,0
2026-01-02T05:25:00+00:00,t58_25,treatment,conversion,1
2026-01-02T05:25:00+00:00,t58_25,treatment,error_rate,1
2026-01-02T05:26:00+00:00,t58_26,treatment,conversion,1
2026-01-02T05:26:00+00:00,t58_26,treatment,error_rate,0
2026-01-02T05:27:00+00:00,t58_27,treatment,conversion,0
2026-01-02T05:27:00+00:00,t58_27,treatment,error_rate,0
2026-01-02T05:28:00+00:00,t58_28,treatment,conversion,0
2026-01-02T05:28:00+00:00,t58_28,treatment,error_rate,0
2026-01-02T05:29:00+00:00,t58_29,treatment,conversion,0
2026-01-02T05:29:00+00:00,t58_29,treatment,error_rate,0
2026-01-02T05:30:00+00:00,c59_0,control,conversion,0
2026-01-02T05:30:00+00:00,c59_0,control,error_rate,0
2026-01-02T05:31:00+00:00,c59_1,control,conversion,0
2026-01-02T05:31:00+00:00,c59_1,control,error_rate,0
2026-01-02T05:32:00+00:00,c59_2,control,conversion,0
2026-01-02T05:32:00+00:00,c59_2,control,error_rate,0
2026-01-02T05:33:00+00:00,c59_3,control,conversion,0
2026-01-02T05:33:00+00:00,c59_3,control,error_rate,0
2026-01-02T05:34:00+00:00,c59_4,control,conversion,0
2026-01-02T05:34:00+00:00,c59_4,control,error_rate,0
2026-01-02T05:35:00+00:00,c59_5,control,conversion,0
2026-01-02T05:35:00+00:00,c59_5,control,error_rate,0
2026-01-02T05:36:00+00:00,c59_6,control,conversion,0
2026-01-02T05:36:00+00:00,c59_6,control,error_rate,0
2026-01-02T05:37:00+00:00,c59_7,control,conversion,0
2026-01-02T05:37:00+00:00,c59_7,control,error_rate,0
2026-01-02T05:38:00+00:00,c59_8,control,conversion,1
2026-01-02T05:38:00+00:00,c59_8,control,error_rate,0
2026-01-02T05:39:00+00:00,c59_9,control,conversion,0
2026-01-02T05:39:00+00:00,c59_9,control,error_rate,0
2026-01-02T05:40:00+00:00,c59_10,control,conversion,1
2026-01-02T05:40:00+00:00,c59_10,control,error_rate,0
2026-01-02T05:41:00+00:00,c59_11,control,conversion,0
2026-01-02T05:41:00+00:00,c59_11,control,error_rate,0
2026-01-02T05:42:00+00:00,c59_12,control,conversion,0
2026-01-02T05:42:00+00:00,c59_12,control,error_rate,0
2026-01-02T05:43:00+00:00,c59_13,control,conversion,0
2026-01-02T05:43:00+00:00,c59_13,control,error_rate,0
2026-01-02T05:44:00+00:00,c59_14,control,conversion,0
2026-01-02T05:44:00+00:00,c59_14,control,error_rate,0
2026-01-02T05:45:00+00:00,c59_15,control,conversion,0
2026-01-02T05:45:00+00:00,c59_15,control,error_rate,0
2026-01-02T05:46:00+00:00,c59_16,control,conversion,0
2026-01-02T05:46:00+00:00,c59_16,control,error_rate,1
2026-01-02T05:47:00+00:00,c59_17,control,conversion,0
2026-01-02T05:47:00+00:00,c59_17,control,error_rate,0
2026-01-02T05:48:00+00:00,c59_18,control,conversion,0
2026-01-02T05:48:00+00:00,c59_18,control,error_rate,0
2026-01-02T05:49:00+00:00,c59_19,control,conversion,0
2026-01-02T05:49:00+00:00,c59_19,control,error_rate,0
2026-01-02T05:50:00+00:00,c59_20,control,conversion,0
2026-01-02T05:50:00+00:00,c59_20,control,error_rate,0
2026-01-02T05:51:00+00:00,c59_21,control,conversion,0
2026-01-02T05:51:00+00:00,c59_21,control,error_rate,0
2026-01-02T05:52:00+00:00,c59_22,control,conversion,0
2026-01-02T05:52:00+00:00,c59_22,control,error_rate,0
2026-01-02T05:53:00+00:00,c59_23,control,conversion,0
2026-01-02T05:53:00+00:00,c59_23,control,error_rate,0
2026-01-02T05:54:00+00:00,c59_24,control,conversion,0
2026-01-02T05:54:00+00:00,c59_24,control,error_rate,0
2026-01-02T05:55:00+00:00,c59_25,control,conversion,0
2026-01-02T05:55:00+00:00,c59_25,control,error_rate,0
2026-01-02T05:56:00+00:00,c59_26,control,conversion,0
2026-01-02T05:56:00+00:00,c59_26,control,error_rate,0
2026-01-02T05:57:00+00:00,c59_27,control,conversion,0
2026-01-02T05:57:00+00:00,c59_27,control,error_rate,0
2026-01-02T05:58:00+00:00,c59_28,control,conversion,0
2026-01-02T05:58:00+00:00,c59_28,control,error_rate,0
2026-01-02T05:59:00+00:00,c59_29,control,conversion,1
2026-01-02T05:59:00+00:00,c59_29,control,error_rate,0
2026-01-02T05:30:00+00:00,t59_0,treatment,conversion,0
2026-01-02T05:30:00+00:00,t59_0,treatment,error_rate,0
2026-01-02T05:31:00+00:00,t59_1,treatment,conversion,0
2026-01-02T05:31:00+00:00,t59_1,treatment,error_rate,0
2026-01-02T05:32:00+00:00,t59_2,treatment,conversion,0
2026-01-02T05:32:00+00:00,t59_2,treatment,error_rate,0
2026-01-02T05:33:00+00:00,t59_3,treatment,conversion,0
2026-01-02T05:33:00+00:00,t59_3,treatment,error_rate,0
2026-01-02T05:34:00+00:00,t59_4,treatment,conversion,0
2026-01-02T05:34:00+00:00,t59_4,treatment,error_rate,0
2026-01-02T05:35:00+00:00,t59_5,treatment,conversion,0
2026-01-02T05:35:00+00:00,t59_5,treatment,error_rate,0
2026-01-02T05:36:00+00:00,t59_6,treatment,conversion,0
2026-01-02T05:36:00+00:00,t59_6,treatment,error_rate,0
2026-01-02T05:37:00+00:00,t59_7,treatment,conversion,0
2026-01-02T05:37:00+00:00,t59_7,treatment,error_rate,0
2026-01-02T05:38:00+00:00,t59_8,treatment,conversion,0
2026-01-02T05:38:00+00:00,t59_8,treatment,error_rate,0
2026-01-02T05:39:00+00:00,t59_9,treatment,conversion,0
2026-01-02T05:39:00+00:00,t59_9,treatment,error_rate,0
2026-01-02T05:40:00+00:00,t59_10,treatment,conversion,0
2026-01-02T05:40:00+00:00,t59_10,treatment,error_rate,0
2026-01-02T05:41:00+00:00,t59_11,treatment,conversion,1
2026-01-02T05:41:00+00:00,t59_11,treatment,error_rate,1
2026-01-02T05:42:00+00:00,t59_12,treatment,conversion,0
2026-01-02T05:42:00+00:00,t59_12,treatment,error_rate,0
2026-01-02T05:43:00+00:00,t59_13,treatment,conversion,1
2026-01-02T05:43:00+00:00,t59_13,treatment,error_rate,0
2026-01-02T05:44:00+00:00,t59_14,treatment,conversion,0
2026-01-02T05:44:00+00:00,t59_14,treatment,error_rate,0
2026-01-02T05:45:00+00:00,t59_15,treatment,conversion,0
2026-01-02T05:45:00+00:00,t59_15,treatment,error_rate,0
2026-01-02T05:46:00+00:00,t59_16,treatment,conversion,0
2026-01-02T05:46:00+00:00,t59_16,treatment,error_rate,0
2026-01-02T05:47:00+00:00,t59_17,treatment,conversion,0
2026-01-02T05:47:00+00:00,t59_17,treatment,error_rate,0
2026-01-02T05:48:00+00:00,t59_18,treatment,conversion,1
2026-01-02T05:48:00+00:00,t59_18,treatment,error_rate,0
2026-01-02T05:49:00+00:00,t59_19,treatment,conversion,1
2026-01-02T05:49:00+00:00,t59_19,treatment,error_rate,1
2026-01-02T05:50:00+00:00,t59_20,treatment,conversion,0
2026-01-02T05:50:00+00:00,t59_20,treatment,error_rate,1
2026-01-02T05:51:00+00:00,t59_21,treatment,conversion,1
2026-01-02T05:51:00+00:00,t59_21,treatment,error_rate,0
2026-01-02T05:52:00+00:00,t59_22,treatment,conversion,0
2026-01-02T05:52:00+00:00,t59_22,treatment,error_rate,0
2026-01-02T05:53:00+00:00,t59_23,treatment,conversion,0
2026-01-02T05:53:00+00:00,t59_23,treatment,error_rate,0
2026-01-02T05:54:00+00:00,t59_24,treatment,conversion,0
2026-01-02T05:54:00+00:00,t59_24,treatment,error_rate,0
2026-01-02T05:55:00+00:00,t59_25,treatment,conversion,1
2026-01-02T05:55:00+00:00,t59_25,treatment,error_rate,0
2026-01-02T05:56:00+00:00,t59_26,treatment,conversion,1
2026-01-02T05:56:00+00:00,t59_26,treatment,error_rate,0
2026-01-02T05:57:00+00:00,t59_27,treatment,conversion,0
2026-01-02T05:57:00+00:00,t59_27,treatment,error_rate,1
2026-01-02T05:58:00+00:00,t59_28,treatment,conversion,0
2026-01-02T05:58:00+00:00,t59_28,treatment,error_rate,0
2026-01-02T05:59:00+00:00,t59_29,treatment,conversion,0
2026-01-02T05:59:00+00:00,t59_29,treatment,error_rate,0
2026-01-02T06:00:00+00:00,c60_0,control,conversion,0
2026-01-02T06:00:00+00:00,c60_0,control,error_rate,0
2026-01-02T06:01:00+00:00,c60_1,control,conversion,0
2026-01-02T06:01:00+00:00,c60_1,control,error_rate,0
2026-01-02T06:02:00+00:00,c60_2,control,conversion,0
2026-01-02T06:02:00+00:00,c60_2,control,error_rate,0
2026-01-02T06:03:00+00:00,c60_3,control,conversion,0
2026-01-02T06:03:00+00:00,c60_3,control,error_rate,1
2026-01-02T06:04:00+00:00,c60_4,control,conversion,0
2026-01-02T06:04:00+00:00,c60_4,control,error_rate,0
2026-01-02T06:05:00+00:00,c60_5,control,conversion,1
2026-01-02T06:05:00+00:00,c60_5,control,error_rate,0
2026-01-02T06:06:00+00:00,c60_6,control,conversion,0
2026-01-02T06:06:00+00:00,c60_6,control,error_rate,0
2026-01-02T06:07:00+00:00,c60_7,control,conversion,0
2026-01-02T06:07:00+00:00,c60_7,control,error_rate,0
2026-01-02T06:08:00+00:00,c60_8,control,conversion,0
2026-01-02T06:08:00+00:00,c60_8,control,error_rate,0
2026-01-02T06:09:00+00:00,c60_9,control,conversion,0
2026-01-02T06:09:00+00:00,c60_9,control,error_rate,0
2026-01-02T06:10:00+00:00,c60_10,control,conversion,0
2026-01-02T06:10:00+00:00,c60_10,control,error_rate,0
2026-01-02T06:11:00+00:00,c60_11,control,conversion,0
2026-01-02T06:11:00+00:00,c60_11,control,error_rate,0
2026-01-02T06:12:00+00:00,c60_12,control,conversion,0
2026-01-02T06:12:00+00:00,c60_12,control,error_rate,0
2026-01-02T06:13:00+00:00,c60_13,control,conversion,0
2026-01-02T06:13:00+00:00,c60_13,control,error_rate,0
2026-01-02T06:14:00+00:00,c60_14,control,conversion,0
2026-01-02T06:14:00+00:00,c60_14,control,error_rate,0
2026-01-02T06:15:00+00:00,c60_15,control,conversion,0
2026-01-02T06:15:00+00:00,c60_15,control,error_rate,0
2026-01-02T06:16:00+00:00,c60_16,control,conversion,0
2026-01-02T06:16:00+00:00,c60_16,control,error_rate,0
2026-01-02T06:17:00+00:00,c60_17,control,conversion,0
2026-01-02T06:17:00+00:00,c60_17,control,error_rate,0
2026-01-02T06:18:00+00:00,c60_18,control,conversion,0
2026-01-02T06:18:00+00:00,c60_18,control,error_rate,0
2026-01-02T06:19:00+00:00,c60_19,control,conversion,0
2026-01-02T06:19:00+00:00,c60_19,control,error_rate,0
2026-01-02T06:20:00+00:00,c60_20,control,conversion,0
2026-01-02T06:20:00+00:00,c60_20,control,error_rate,0
2026-01-02T06:21:00+00:00,c60_21,control,conversion,0
2026-01-02T06:21:00+00:00,c60_21,control,error_rate,0
2026-01-02T06:22:00+00:00,c60_22,control,conversion,1
2026-01-02T06:22:00+00:00,c60_22,control,error_rate,0
2026-01-02T06:23:00+00:00,c60_23,control,conversion,0
2026-01-02T06:23:00+00:00,c60_23,control,error_rate,0
2026-01-02T06:24:00+00:00,c60_24,control,conversion,0
2026-01-02T06:24:00+00:00,c60_24,control,error_rate,0
2026-01-02T06:25:00+00:00,c60_25,control,conversion,0
2026-01-02T06:25:00+00:00,c60_25,control,error_rate,0
2026-01-02T06:26:00+00:00,c60_26,control,conversion,0
2026-01-02T06:26:00+00:00,c60_26,control,error_rate,0
2026-01-02T06:27:00+00:00,c60_27,control,conversion,0
2026-01-02T06:27:00+00:00,c60_27,control,error_rate,1
2026-01-02T06:28:00+00:00,c60_28,control,conversion,1
2026-01-02T06:28:00+00:00,c60_28,control,error_rate,0
2026-01-02T06:29:00+00:00,c60_29,control,conversion,0
2026-01-02T06:29:00+00:00,c60_29,control,error_rate,0
2026-01-02T06:00:00+00:00,t60_0,treatment,conversion,0
2026-01-02T06:00:00+00:00,t60_0,treatment,error_rate,0
2026-01-02T06:01:00+00:00,t60_1,treatment,conversion,0
2026-01-02T06:01:00+00:00,t60_1,treatment,error_rate,0
2026-01-02T06:02:00+00:00,t60_2,treatment,conversion,0
2026-01-02T06:02:00+00:00,t60_2,treatment,error_rate,0
2026-01-02T06:03:00+00:00,t60_3,treatment,conversion,0
2026-01-02T06:03:00+00:00,t60_3,treatment,error_rate,1
2026-01-02T06:04:00+00:00,t60_4,treatment,conversion,0
2026-01-02T06:04:00+00:00,t60_4,treatment,error_rate,0
2026-01-02T06:05:00+00:00,t60_5,treatment,conversion,1
2026-01-02T06:05:00+00:00,t60_5,treatment,error_rate,0
2026-01-02T06:06:00+00:00,t60_6,treatment,conversion,0
2026-01-02T06:06:00+00:00,t60_6,treatment,error_rate,0
2026-01-02T06:07:00+00:00,t60_7,treatment,conversion,0
2026-01-02T06:07:00+00:00,t60_7,treatment,error_rate,0
2026-01-02T06:08:00+00:00,t60_8,treatment,conversion,0
2026-01-02T06:08:00+00:00,t60_8,treatment,error_rate,0
2026-01-02T06:09:00+00:00,t60_9,treatment,conversion,0
2026-01-02T06:09:00+00:00,t60_9,treatment,error_rate,1
2026-01-02T06:10:00+00:00,t60_10,treatment,conversion,0
2026-01-02T06:10:00+00:00,t60_10,treatment,error_rate,1
2026-01-02T06:11:00+00:00,t60_11,treatment,conversion,0
2026-01-02T06:11:00+00:00,t60_11,treatment,error_rate,0
2026-01-02T06:12:00+00:00,t60_12,treatment,conversion,0
2026-01-02T06:12:00+00:00,t60_12,treatment,error_rate,0
2026-01-02T06:13:00+00:00,t60_13,treatment,conversion,0
2026-01-02T06:13:00+00:00,t60_13,treatment,error_rate,0
2026-01-02T06:14:00+00:00,t60_14,treatment,conversion,0
2026-01-02T06:14:00+00:00,t60_14,treatment,error_rate,0
2026-01-02T06:15:00+00:00,t60_15,treatment,conversion,1
2026-01-02T06:15:00+00:00,t60_15,treatment,error_rate,0
2026-01-02T06:16:00+00:00,t60_16,treatment,conversion,0
2026-01-02T06:16:00+00:00,t60_16,treatment,error_rate,0
2026-01-02T06:17:00+00:00,t60_17,treatment,conversion,0
2026-01-02T06:17:00+00:00,t60_17,treatment,error_rate,0
2026-01-02T06:18:00+00:00,t60_18,treatment,conversion,0
2026-01-02T06:18:00+00:00,t60_18,treatment,error_rate,0
2026-01-02T06:19:00+00:00,t60_19,treatment,conversion,1
2026-01-02T06:19:00+00:00,t60_19,treatment,error_rate,0
2026-01-02T06:20:00+00:00,t60_20,treatment,conversion,0
2026-01-02T06:20:00+00:00,t60_20,treatment,error_rate,0
2026-01-02T06:21:00+00:00,t60_21,treatment,conversion,0
2026-01-02T06:21:00+00:00,t60_21,treatment,error_rate,0
2026-01-02T06:22:00+00:00,t60_22,treatment,conversion,0
2026-01-02T06:22:00+00:00,t60_22,treatment,error_rate,0
2026-01-02T06:23:00+00:00,t60_23,treatment,conversion,0
2026-01-02T06:23:00+00:00,t60_23,treatment,error_rate,0
2026-01-02T06:24:00+00:00,t60_24,treatment,conversion,0
2026-01-02T06:24:00+00:00,t60_24,treatment,error_rate,0
2026-01-02T06:25:00+00:00,t60_25,treatment,conversion,0
2026-01-02T06:25:00+00:00,t60_25,treatment,error_rate,0
2026-01-02T06:26:00+00:00,t60_26,treatment,conversion,0
2026-01-02T06:26:00+00:00,t60_26,treatment,error_rate,1
2026-01-02T06:27:00+00:00,t60_27,treatment,conversion,0
2026-01-02T06:27:00+00:00,t60_27,treatment,error_rate,1
2026-01-02T06:28:00+00:00,t60_28,treatment,conversion,0
2026-01-02T06:28:00+00:00,t60_28,treatment,error_rate,0
2026-01-02T06:29:00+00:00,t60_29,treatment,conversion,0
2026-01-02T06:29:00+00:00,t60_29,treatment,error_rate,0
2026-01-02T06:30:00+00:00,c61_0,control,conversion,1
2026-01-02T06:30:00+00:00,c61_0,control,error_rate,1
2026-01-02T06:31:00+00:00,c61_1,control,conversion,0
2026-01-02T06:31:00+00:00,c61_1,control,error_rate,0
2026-01-02T06:32:00+00:00,c61_2,control,conversion,0
2026-01-02T06:32:00+00:00,c61_2,control,error_rate,1
2026-01-02T06:33:00+00:00,c61_3,control,conversion,0
2026-01-02T06:33:00+00:00,c61_3,control,error_rate,0
2026-01-02T06:34:00+00:00,c61_4,control,conversion,0
2026-01-02T06:34:00+00:00,c61_4,control,error_rate,0
2026-01-02T06:35:00+00:00,c61_5,control,conversion,0
2026-01-02T06:35:00+00:00,c61_5,control,error_rate,1
2026-01-02T06:36:00+00:00,c61_6,control,conversion,1
2026-01-02T06:36:00+00:00,c61_6,control,error_rate,0
2026-01-02T06:37:00+00:00,c61_7,control,conversion,0
2026-01-02T06:37:00+00:00,c61_7,control,error_rate,0
2026-01-02T06:38:00+00:00,c61_8,control,conversion,0
2026-01-02T06:38:00+00:00,c61_8,control,error_rate,0
2026-01-02T06:39:00+00:00,c61_9,control,conversion,0
2026-01-02T06:39:00+00:00,c61_9,control,error_rate,0
2026-01-02T06:40:00+00:00,c61_10,control,conversion,0
2026-01-02T06:40:00+00:00,c61_10,control,error_rate,0
2026-01-02T06:41:00+00:00,c61_11,control,conversion,0
2026-01-02T06:41:00+00:00,c61_11,control,error_rate,0
2026-01-02T06:42:00+00:00,c61_12,control,conversion,0
2026-01-02T06:42:00+00:00,c61_12,control,error_rate,0
2026-01-02T06:43:00+00:00,c61_13,control,conversion,0
2026-01-02T06:43:00+00:00,c61_13,control,error_rate,0
2026-01-02T06:44:00+00:00,c61_14,control,conversion,0
2026-01-02T06:44:00+00:00,c61_14,control,error_rate,0
2026-01-02T06:45:00+00:00,c61_15,control,conversion,0
2026-01-02T06:45:00+00:00,c61_15,control,error_rate,0
2026-01-02T06:46:00+00:00,c61_16,control,conversion,0
2026-01-02T06:46:00+00:00,c61_16,control,error_rate,0
2026-01-02T06:47:00+00:00,c61_17,control,conversion,1
2026-01-02T06:47:00+00:00,c61_17,control,error_rate,0
2026-01-02T06:48:00+00:00,c61_18,control,conversion,0
2026-01-02T06:48:00+00:00,c61_18,control,error_rate,0
2026-01-02T06:49:00+00:00,c61_19,control,conversion,0
2026-01-02T06:49:00+00:00,c61_19,control,error_rate,0
2026-01-02T06:50:00+00:00,c61_20,control,conversion,0
2026-01-02T06:50:00+00:00,c61_20,control,error_rate,0
2026-01-02T06:51:00+00:00,c61_21,control,conversion,0
2026-01-02T06:51:00+00:00,c61_21,control,error_rate,0
2026-01-02T06:52:00+00:00,c61_22,control,conversion,0
2026-01-02T06:52:00+00:00,c61_22,control,error_rate,1
2026-01-02T06:53:00+00:00,c61_23,control,conversion,0
2026-01-02T06:53:00+00:00,c61_23,control,error_rate,0
2026-01-02T06:54:00+00:00,c61_24,control,conversion,0
2026-01-02T06:54:00+00:00,c61_24,control,error_rate,0
2026-01-02T06:55:00+00:00,c61_25,control,conversion,0
2026-01-02T06:55:00+00:00,c61_25,control,error_rate,0
2026-01-02T06:56:00+00:00,c61_26,control,conversion,1
2026-01-02T06:56:00+00:00,c61_26,control,error_rate,0
2026-01-02T06:57:00+00:00,c61_27,control,conversion,0
2026-01-02T06:57:00+00:00,c61_27,control,error_rate,0
2026-01-02T06:58:00+00:00,c61_28,control,conversion,0
2026-01-02T06:58:00+00:00,c61_28,control,error_rate,0
2026-01-02T06:59:00+00:00,c61_29,control,conversion,0
2026-01-02T06:59:00+00:00,c61_29,control,error_rate,0
2026-01-02T06:30:00+00:00,t61_0,treatment,conversion,0
2026-01-02T06:30:00+00:00,t61_0,treatment,error_rate,0
2026-01-02T06:31:00+00:00,t61_1,treatment,conversion,0
2026-01-02T06:31:00+00:00,t61_1,treatment,error_rate,1
2026-01-02T06:32:00+00:00,t61_2,treatment,conversion,0
2026-01-02T06:32:00+00:00,t61_2,treatment,error_rate,0
2026-01-02T06:33:00+00:00,t61_3,treatment,conversion,0
2026-01-02T06:33:00+00:00,t61_3,treatment,error_rate,0
2026-01-02T06:34:00+00:00,t61_4,treatment,conversion,0
2026-01-02T06:34:00+00:00,t61_4,treatment,error_rate,0
2026-01-02T06:35:00+00:00,t61_5,treatment,conversion,0
2026-01-02T06:35:00+00:00,t61_5,treatment,error_rate,0
2026-01-02T06:36:00+00:00,t61_6,treatment,conversion,0
2026-01-02T06:36:00+00:00,t61_6,treatment,error_rate,1
2026-01-02T06:37:00+00:00,t61_7,treatment,conversion,0
2026-01-02T06:37:00+00:00,t61_7,treatment,error_rate,1
2026-01-02T06:38:00+00:00,t61_8,treatment,conversion,1
2026-01-02T06:38:00+00:00,t61_8,treatment,error_rate,0
2026-01-02T06:39:00+00:00,t61_9,treatment,conversion,0
2026-01-02T06:39:00+00:00,t61_9,treatment,error_rate,1
2026-01-02T06:40:00+00:00,t61_10,treatment,conversion,0
2026-01-02T06:40:00+00:00,t61_10,treatment,error_rate,0
2026-01-02T06:41:00+00:00,t61_11,treatment,conversion,0
2026-01-02T06:41:00+00:00,t61_11,treatment,error_rate,1
2026-01-02T06:42:00+00:00,t61_12,treatment,conversion,0
2026-01-02T06:42:00+00:00,t61_12,treatment,error_rate,0
2026-01-02T06:43:00+00:00,t61_13,treatment,conversion,0
2026-01-02T06:43:00+00:00,t61_13,treatment,error_rate,0
2026-01-02T06:44:00+00:00,t61_14,treatment,conversion,0
2026-01-02T06:44:00+00:00,t61_14,treatment,error_rate,0
2026-01-02T06:45:00+00:00,t61_15,treatment,conversion,0
2026-01-02T06:45:00+00:00,t61_15,treatment,error_rate,0
2026-01-02T06:46:00+00:00,t61_16,treatment,conversion,0
2026-01-02T06:46:00+00:00,t61_16,treatment,error_rate,0
2026-01-02T06:47:00+00:00,t61_17,treatment,conversion,0
2026-01-02T06:47:00+00:00,t61_17,treatment,error_rate,0
2026-01-02T06:48:00+00:00,t61_18,treatment,conversion,0
2026-01-02T06:48:00+00:00,t61_18,treatment,error_rate,0
2026-01-02T06:49:00+00:00,t61_19,treatment,conversion,0
2026-01-02T06:49:00+00:00,t61_19,treatment,error_rate,0
2026-01-02T06:50:00+00:00,t61_20,treatment,conversion,0
2026-01-02T06:50:00+00:00,t61_20,treatment,error_rate,0
2026-01-02T06:51:00+00:00,t61_21,treatment,conversion,1
2026-01-02T06:51:00+00:00,t61_21,treatment,error_rate,0
2026-01-02T06:52:00+00:00,t61_22,treatment,conversion,1
2026-01-02T06:52:00+00:00,t61_22,treatment,error_rate,0
2026-01-02T06:53:00+00:00,t61_23,treatment,conversion,0
2026-01-02T06:53:00+00:00,t61_23,treatment,error_rate,0
2026-01-02T06:54:00+00:00,t61_24,treatment,conversion,1
2026-01-02T06:54:00+00:00,t61_24,treatment,error_rate,0
2026-01-02T06:55:00+00:00,t61_25,treatment,conversion,1
2026-01-02T06:55:00+00:00,t61_25,treatment,error_rate,0
2026-01-02T06:56:00+00:00,t61_26,treatment,conversion,0
2026-01-02T06:56:00+00:00,t61_26,treatment,error_rate,0
2026-01-02T06:57:00+00:00,t61_27,treatment,conversion,1
2026-01-02T06:57:00+00:00,t61_27,treatment,error_rate,0
2026-01-02T06:58:00+00:00,t61_28,treatment,conversion,0
2026-01-02T06:58:00+00:00,t61_28,treatment,error_rate,0
2026-01-02T06:59:00+00:00,t61_29,treatment,conversion,0
2026-01-02T06:59:00+00:00,t61_29,treatment,error_rate,0
2026-01-02T07:00:00+00:00,c62_0,control,conversion,0
2026-01-02T07:00:00+00:00,c62_0,control,error_rate,0
2026-01-02T07:01:00+00:00,c62_1,control,conversion,0
2026-01-02T07:01:00+00:00,c62_1,control,error_rate,0
2026-01-02T07:02:00+00:00,c62_2,control,conversion,0
2026-01-02T07:02:00+00:00,c62_2,control,error_rate,0
2026-01-02T07:03:00+00:00,c62_3,control,conversion,0
2026-01-02T07:03:00+00:00,c62_3,control,error_rate,0
2026-01-02T07:04:00+00:00,c62_4,control,conversion,0
2026-01-02T07:04:00+00:00,c62_4,control,error_rate,0
2026-01-02T07:05:00+00:00,c62_5,control,conversion,0
2026-01-02T07:05:00+00:00,c62_5,control,error_rate,0
2026-01-02T07:06:00+00:00,c62_6,control,conversion,0
2026-01-02T07:06:00+00:00,c62_6,control,error_rate,0
2026-01-02T07:07:00+00:00,c62_7,control,conversion,0
2026-01-02T07:07:00+00:00,c62_7,control,error_rate,0
2026-01-02T07:08:00+00:00,c62_8,control,conversion,0
2026-01-02T07:08:00+00:00,c62_8,control,error_rate,0
2026-01-02T07:09:00+00:00,c62_9,control,conversion,0
2026-01-02T07:09:00+00:00,c62_9,control,error_rate,1
2026-01-02T07:10:00+00:00,c62_10,control,conversion,0
2026-01-02T07:10:00+00:00,c62_10,control,error_rate,0
2026-01-02T07:11:00+00:00,c62_11,control,conversion,0
2026-01-02T07:11:00+00:00,c62_11,control,error_rate,0
2026-01-02T07:12:00+00:00,c62_12,control,conversion,0
2026-01-02T07:12:00+00:00,c62_12,control,error_rate,0
2026-01-02T07:13:00+00:00,c62_13,control,conversion,0
2026-01-02T07:13:00+00:00,c62_13,control,error_rate,0
2026-01-02T07:14:00+00:00,c62_14,control,conversion,0
2026-01-02T07:14:00+00:00,c62_14,control,error_rate,0
2026-01-02T07:15:00+00:00,c62_15,control,conversion,1
2026-01-02T07:15:00+00:00,c62_15,control,error_rate,0
2026-01-02T07:16:00+00:00,c62_16,control,conversion,1
2026-01-02T07:16:00+00:00,c62_16,control,error_rate,0
2026-01-02T07:17:00+00:00,c62_17,control,conversion,0
2026-01-02T07:17:00+00:00,c62_17,control,error_rate,0
2026-01-02T07:18:00+00:00,c62_18,control,conversion,0
2026-01-02T07:18:00+00:00,c62_18,control,error_rate,0
2026-01-02T07:19:00+00:00,c62_19,control,conversion,0
2026-01-02T07:19:00+00:00,c62_19,control,error_rate,0
2026-01-02T07:20:00+00:00,c62_20,control,conversion,1
2026-01-02T07:20:00+00:00,c62_20,control,error_rate,0
2026-01-02T07:21:00+00:00,c62_21,control,conversion,0
2026-01-02T07:21:00+00:00,c62_21,control,error_rate,0
2026-01-02T07:22:00+00:00,c62_22,control,conversion,0
2026-01-02T07:22:00+00:00,c62_22,control,error_rate,0
2026-01-02T07:23:00+00:00,c62_23,control,conversion,0
2026-01-02T07:23:00+00:00,c62_23,control,error_rate,0
2026-01-02T07:24:00+00:00,c62_24,control,conversion,0
2026-01-02T07:24:00+00:00,c62_24,control,error_rate,0
2026-01-02T07:25:00+00:00,c62_25,control,conversion,0
2026-01-02T07:25:00+00:00,c62_25,control,error_rate,1
2026-01-02T07:26:00+00:00,c62_26,control,conversion,1
2026-01-02T07:26:00+00:00,c62_26,control,error_rate,0
2026-01-02T07:27:00+00:00,c62_27,control,conversion,0
2026-01-02T07:27:00+00:00,c62_27,control,error_rate,0
2026-01-02T07:28:00+00:00,c62_28,control,conversion,0
2026-01-02T07:28:00+00:00,c62_28,control,error_rate,0
2026-01-02T07:29:00+00:00,c62_29,control,conversion,0
2026-01-02T07:29:00+00:00,c62_29,control,error_rate,0
2026-01-02T07:00:00+00:00,t62_0,treatment,conversion,0
2026-01-02T07:00:00+00:00,t62_0,treatment,error_rate,0
2026-01-02T07:01:00+00:00,t62_1,treatment,conversion,0
2026-01-02T07:01:00+00:00,t62_1,treatment,error_rate,0
2026-01-02T07:02:00+00:00,t62_2,treatment,conversion,0
2026-01-02T07:02:00+00:00,t62_2,treatment,error_rate,0
2026-01-02T07:03:00+00:00,t62_3,treatment,conversion,0
2026-01-02T07:03:00+00:00,t62_3,treatment,error_rate,1
2026-01-02T07:04:00+00:00,t62_4,treatment,conversion,0
2026-01-02T07:04:00+00:00,t62_4,treatment,error_rate,0
2026-01-02T07:05:00+00:00,t62_5,treatment,conversion,0
2026-01-02T07:05:00+00:00,t62_5,treatment,error_rate,0
2026-01-02T07:06:00+00:00,t62_6,treatment,conversion,0
2026-01-02T07:06:00+00:00,t62_6,treatment,error_rate,0
2026-01-02T07:07:00+00:00,t62_7,treatment,conversion,0
2026-01-02T07:07:00+00:00,t62_7,treatment,error_rate,0
2026-01-02T07:08:00+00:00,t62_8,treatment,conversion,1
2026-01-02T07:08:00+00:00,t62_8,treatment,error_rate,0
2026-01-02T07:09:00+00:00,t62_9,treatment,conversion,1
2026-01-02T07:09:00+00:00,t62_9,treatment,error_rate,0
2026-01-02T07:10:00+00:00,t62_10,treatment,conversion,0
2026-01-02T07:10:00+00:00,t62_10,treatment,error_rate,0
2026-01-02T07:11:00+00:00,t62_11,treatment,conversion,0
2026-01-02T07:11:00+00:00,t62_11,treatment,error_rate,0
2026-01-02T07:12:00+00:00,t62_12,treatment,conversion,0
2026-01-02T07:12:00+00:00,t62_12,treatment,error_rate,0
2026-01-02T07:13:00+00:00,t62_13,treatment,conversion,0
2026-01-02T07:13:00+00:00,t62_13,treatment,error_rate,0
2026-01-02T07:14:00+00:00,t62_14,treatment,conversion,0
2026-01-02T07:14:00+00:00,t62_14,treatment,error_rate,0
2026-01-02T07:15:00+00:00,t62_15,treatment,conversion,0
2026-01-02T07:15:00+00:00,t62_15,treatment,error_rate,0
2026-01-02T07:16:00+00:00,t62_16,treatment,conversion,0
2026-01-02T07:16:00+00:00,t62_16,treatment,error_rate,0
2026-01-02T07:17:00+00:00,t62_17,treatment,conversion,0
2026-01-02T07:17:00+00:00,t62_17,treatment,error_rate,0
2026-01-02T07:18:00+00:00,t62_18,treatment,conversion,1
2026-01-02T07:18:00+00:00,t62_18,treatment,error_rate,0
2026-01-02T07:19:00+00:00,t62_19,treatment,conversion,0
2026-01-02T07:19:00+00:00,t62_19,treatment,error_rate,0
2026-01-02T07:20:00+00:00,t62_20,treatment,conversion,1
2026-01-02T07:20:00+00:00,t62_20,treatment,error_rate,0
2026-01-02T07:21:00+00:00,t62_21,treatment,conversion,0
2026-01-02T07:21:00+00:00,t62_21,treatment,error_rate,0
2026-01-02T07:22:00+00:00,t62_22,treatment,conversion,1
2026-01-02T07:22:00+00:00,t62_22,treatment,error_rate,0
2026-01-02T07:23:00+00:00,t62_23,treatment,conversion,1
2026-01-02T07:23:00+00:00,t62_23,treatment,error_rate,0
2026-01-02T07:24:00+00:00,t62_24,treatment,conversion,0
2026-01-02T07:24:00+00:00,t62_24,treatment,error_rate,0
2026-01-02T07:25:00+00:00,t62_25,treatment,conversion,0
2026-01-02T07:25:00+00:00,t62_25,treatment,error_rate,0
2026-01-02T07:26:00+00:00,t62_26,treatment,conversion,0
2026-01-02T07:26:00+00:00,t62_26,treatment,error_rate,0
2026-01-02T07:27:00+00:00,t62_27,treatment,conversion,0
2026-01-02T07:27:00+00:00,t62_27,treatment,error_rate,0
2026-01-02T07:28:00+00:00,t62_28,treatment,conversion,0
2026-01-02T07:28:00+00:00,t62_28,treatment,error_rate,0
2026-01-02T07:29:00+00:00,t62_29,treatment,conversion,0
2026-01-02T07:29:00+00:00,t62_29,treatment,error_rate,0
2026-01-02T07:30:00+00:00,c63_0,control,conversion,0
2026-01-02T07:30:00+00:00,c63_0,control,error_rate,0
2026-01-02T07:31:00+00:00,c63_1,control,conversion,1
2026-01-02T07:31:00+00:00,c63_1,control,error_rate,0
2026-01-02T07:32:00+00:00,c63_2,control,conversion,0
2026-01-02T07:32:00+00:00,c63_2,control,error_rate,0
2026-01-02T07:33:00+00:00,c63_3,control,conversion,0
2026-01-02T07:33:00+00:00,c63_3,control,error_rate,0
2026-01-02T07:34:00+00:00,c63_4,control,conversion,0
2026-01-02T07:34:00+00:00,c63_4,control,error_rate,0
2026-01-02T07:35:00+00:00,c63_5,control,conversion,0
2026-01-02T07:35:00+00:00,c63_5,control,error_rate,0
2026-01-02T07:36:00+00:00,c63_6,control,conversion,0
2026-01-02T07:36:00+00:00,c63_6,control,error_rate,0
2026-01-02T07:37:00+00:00,c63_7,control,conversion,0
2026-01-02T07:37:00+00:00,c63_7,control,error_rate,0
2026-01-02T07:38:00+00:00,c63_8,control,conversion,0
2026-01-02T07:38:00+00:00,c63_8,control,error_rate,0
2026-01-02T07:39:00+00:00,c63_9,control,conversion,1
2026-01-02T07:39:00+00:00,c63_9,control,error_rate,0
2026-01-02T07:40:00+00:00,c63_10,control,conversion,0
2026-01-02T07:40:00+00:00,c63_10,control,error_rate,0
2026-01-02T07:41:00+00:00,c63_11,control,conversion,0
2026-01-02T07:41:00+00:00,c63_11,control,error_rate,1
2026-01-02T07:42:00+00:00,c63_12,control,conversion,0
2026-01-02T07:42:00+00:00,c63_12,control,error_rate,0
2026-01-02T07:43:00+00:00,c63_13,control,conversion,0
2026-01-02T07:43:00+00:00,c63_13,control,error_rate,0
2026-01-02T07:44:00+00:00,c63_14,control,conversion,0
2026-01-02T07:44:00+00:00,c63_14,control,error_rate,0
2026-01-02T07:45:00+00:00,c63_15,control,conversion,0
2026-01-02T07:45:00+00:00,c63_15,control,error_rate,1
2026-01-02T07:46:00+00:00,c63_16,control,conversion,0
2026-01-02T07:46:00+00:00,c63_16,control,error_rate,0
2026-01-02T07:47:00+00:00,c63_17,control,conversion,0
2026-01-02T07:47:00+00:00,c63_17,control,error_rate,0
2026-01-02T07:48:00+00:00,c63_18,control,conversion,0
2026-01-02T07:48:00+00:00,c63_18,control,error_rate,0
2026-01-02T07:49:00+00:00,c63_19,control,conversion,0
2026-01-02T07:49:00+00:00,c63_19,control,error_rate,0
2026-01-02T07:50:00+00:00,c63_20,control,conversion,1
2026-01-02T07:50:00+00:00,c63_20,control,error_rate,0
2026-01-02T07:51:00+00:00,c63_21,control,conversion,0
2026-01-02T07:51:00+00:00,c63_21,control,error_rate,0
2026-01-02T07:52:00+00:00,c63_22,control,conversion,0
2026-01-02T07:52:00+00:00,c63_22,control,error_rate,0
2026-01-02T07:53:00+00:00,c63_23,control,conversion,0
2026-01-02T07:53:00+00:00,c63_23,control,error_rate,0
2026-01-02T07:54:00+00:00,c63_24,control,conversion,0
2026-01-02T07:54:00+00:00,c63_24,control,error_rate,0
2026-01-02T07:55:00+00:00,c63_25,control,conversion,0
2026-01-02T07:55:00+00:00,c63_25,control,error_rate,0
2026-01-02T07:56:00+00:00,c63_26,control,conversion,0
2026-01-02T07:56:00+00:00,c63_26,control,error_rate,0
2026-01-02T07:57:00+00:00,c63_27,control,conversion,0
2026-01-02T07:57:00+00:00,c63_27,control,error_rate,0
2026-01-02T07:58:00+00:00,c63_28,control,conversion,0
2026-01-02T07:58:00+00:00,c63_28,control,error_rate,0
2026-01-02T07:59:00+00:00,c63_29,control,conversion,0
2026-01-02T07:59:00+00:00,c63_29,control,error_rate,0
2026-01-02T07:30:00+00:00,t63_0,treatment,conversion,0
2026-01-02T07:30:00+00:00,t63_0,treatment,error_rate,0
2026-01-02T07:31:00+00:00,t63_1,treatment,conversion,0
2026-01-02T07:31:00+00:00,t63_1,treatment,error_rate,0
2026-01-02T07:32:00+00:00,t63_2,treatment,conversion,1
2026-01-02T07:32:00+00:00,t63_2,treatment,error_rate,0
2026-01-02T07:33:00+00:00,t63_3,treatment,conversion,0
2026-01-02T07:33:00+00:00,t63_3,treatment,error_rate,0
2026-01-02T07:34:00+00:00,t63_4,treatment,conversion,0
2026-01-02T07:34:00+00:00,t63_4,treatment,error_rate,0
2026-01-02T07:35:00+00:00,t63_5,treatment,conversion,0
2026-01-02T07:35:00+00:00,t63_5,treatment,error_rate,0
2026-01-02T07:36:00+00:00,t63_6,treatment,conversion,0
2026-01-02T07:36:00+00:00,t63_6,treatment,error_rate,0
2026-01-02T07:37:00+00:00,t63_7,treatment,conversion,0
2026-01-02T07:37:00+00:00,t63_7,treatment,error_rate,0
2026-01-02T07:38:00+00:00,t63_8,treatment,conversion,1
2026-01-02T07:38:00+00:00,t63_8,treatment,error_rate,0
2026-01-02T07:39:00+00:00,t63_9,treatment,conversion,0
2026-01-02T07:39:00+00:00,t63_9,treatment,error_rate,0
2026-01-02T07:40:00+00:00,t63_10,treatment,conversion,0
2026-01-02T07:40:00+00:00,t63_10,treatment,error_rate,0
2026-01-02T07:41:00+00:00,t63_11,treatment,conversion,0
2026-01-02T07:41:00+00:00,t63_11,treatment,error_rate,1
2026-01-02T07:42:00+00:00,t63_12,treatment,conversion,1
2026-01-02T07:42:00+00:00,t63_12,treatment,error_rate,0
2026-01-02T07:43:00+00:00,t63_13,treatment,conversion,0
2026-01-02T07:43:00+00:00,t63_13,treatment,error_rate,0
2026-01-02T07:44:00+00:00,t63_14,treatment,conversion,0
2026-01-02T07:44:00+00:00,t63_14,treatment,error_rate,0
2026-01-02T07:45:00+00:00,t63_15,treatment,conversion,0
2026-01-02T07:45:00+00:00,t63_15,treatment,error_rate,0
2026-01-02T07:46:00+00:00,t63_16,treatment,conversion,1
2026-01-02T07:46:00+00:00,t63_16,treatment,error_rate,0
2026-01-02T07:47:00+00:00,t63_17,treatment,conversion,0
2026-01-02T07:47:00+00:00,t63_17,treatment,error_rate,0
2026-01-02T07:48:00+00:00,t63_18,treatment,conversion,0
2026-01-02T07:48:00+00:00,t63_18,treatment,error_rate,0
2026-01-02T07:49:00+00:00,t63_19,treatment,conversion,0
2026-01-02T07:49:00+00:00,t63_19,treatment,error_rate,1
2026-01-02T07:50:00+00:00,t63_20,treatment,conversion,0
2026-01-02T07:50:00+00:00,t63_20,treatment,error_rate,0
2026-01-02T07:51:00+00:00,t63_21,treatment,conversion,0
2026-01-02T07:51:00+00:00,t63_21,treatment,error_rate,0
2026-01-02T07:52:00+00:00,t63_22,treatment,conversion,0
2026-01-02T07:52:00+00:00,t63_22,treatment,error_rate,0
2026-01-02T07:53:00+00:00,t63_23,treatment,conversion,0
2026-01-02T07:53:00+00:00,t63_23,treatment,error_rate,0
2026-01-02T07:54:00+00:00,t63_24,treatment,conversion,0
2026-01-02T07:54:00+00:00,t63_24,treatment,error_rate,0
2026-01-02T07:55:00+00:00,t63_25,treatment,conversion,0
2026-01-02T07:55:00+00:00,t63_25,treatment,error_rate,0
2026-01-02T07:56:00+00:00,t63_26,treatment,conversion,1
2026-01-02T07:56:00+00:00,t63_26,treatment,error_rate,0
2026-01-02T07:57:00+00:00,t63_27,treatment,conversion,0
2026-01-02T07:57:00+00:00,t63_27,treatment,error_rate,0
2026-01-02T07:58:00+00:00,t63_28,treatment,conversion,1
2026-01-02T07:58:00+00:00,t63_28,treatment,error_rate,0
2026-01-02T07:59:00+00:00,t63_29,treatment,conversion,0
2026-01-02T07:59:00+00:00,t63_29,treatment,error_rate,0
2026-01-02T08:00:00+00:00,c64_0,control,conversion,0
2026-01-02T08:00:00+00:00,c64_0,control,error_rate,0
2026-01-02T08:01:00+00:00,c64_1,control,conversion,0
2026-01-02T08:01:00+00:00,c64_1,control,error_rate,0
2026-01-02T08:02:00+00:00,c64_2,control,conversion,0
2026-01-02T08:02:00+00:00,c64_2,control,error_rate,0
2026-01-02T08:03:00+00:00,c64_3,control,conversion,1
2026-01-02T08:03:00+00:00,c64_3,control,error_rate,0
2026-01-02T08:04:00+00:00,c64_4,control,conversion,0
2026-01-02T08:04:00+00:00,c64_4,control,error_rate,0
2026-01-02T08:05:00+00:00,c64_5,control,conversion,0
2026-01-02T08:05:00+00:00,c64_5,control,error_rate,1
2026-01-02T08:06:00+00:00,c64_6,control,conversion,0
2026-01-02T08:06:00+00:00,c64_6,control,error_rate,1
2026-01-02T08:07:00+00:00,c64_7,control,conversion,0
2026-01-02T08:07:00+00:00,c64_7,control,error_rate,0
2026-01-02T08:08:00+00:00,c64_8,control,conversion,1
2026-01-02T08:08:00+00:00,c64_8,control,error_rate,0
2026-01-02T08:09:00+00:00,c64_9,control,conversion,0
2026-01-02T08:09:00+00:00,c64_9,control,error_rate,1
2026-01-02T08:10:00+00:00,c64_10,control,conversion,0
2026-01-02T08:10:00+00:00,c64_10,control,error_rate,0
2026-01-02T08:11:00+00:00,c64_11,control,conversion,0
2026-01-02T08:11:00+00:00,c64_11,control,error_rate,0
2026-01-02T08:12:00+00:00,c64_12,control,conversion,0
2026-01-02T08:12:00+00:00,c64_12,control,error_rate,1
2026-01-02T08:13:00+00:00,c64_13,control,conversion,0
2026-01-02T08:13:00+00:00,c64_13,control,error_rate,0
2026-01-02T08:14:00+00:00,c64_14,control,conversion,0
2026-01-02T08:14:00+00:00,c64_14,control,error_rate,0
2026-01-02T08:15:00+00:00,c64_15,control,conversion,0
2026-01-02T08:15:00+00:00,c64_15,control,error_rate,1
2026-01-02T08:16:00+00:00,c64_16,control,conversion,0
2026-01-02T08:16:00+00:00,c64_16,control,error_rate,1
2026-01-02T08:17:00+00:00,c64_17,control,conversion,0
2026-01-02T08:17:00+00:00,c64_17,control,error_rate,0
2026-01-02T08:18:00+00:00,c64_18,control,conversion,0
2026-01-02T08:18:00+00:00,c64_18,control,error_rate,0
2026-01-02T08:19:00+00:00,c64_19,control,conversion,0
2026-01-02T08:19:00+00:00,c64_19,control,error_rate,0
2026-01-02T08:20:00+00:00,c64_20,control,conversion,0
2026-01-02T08:20:00+00:00,c64_20,control,error_rate,0
2026-01-02T08:21:00+00:00,c64_21,control,conversion,0
2026-01-02T08:21:00+00:00,c64_21,control,error_rate,0
2026-01-02T08:22:00+00:00,c64_22,control,conversion,0
2026-01-02T08:22:00+00:00,c64_22,control,error_rate,0
2026-01-02T08:23:00+00:00,c64_23,control,conversion,0
2026-01-02T08:23:00+00:00,c64_23,control,error_rate,0
2026-01-02T08:24:00+00:00,c64_24,control,conversion,0
2026-01-02T08:24:00+00:00,c64_24,control,error_rate,0
2026-01-02T08:25:00+00:00,c64_25,control,conversion,1
2026-01-02T08:25:00+00:00,c64_25,control,error_rate,0
2026-01-02T08:26:00+00:00,c64_26,control,conversion,0
2026-01-02T08:26:00+00:00,c64_26,control,error_rate,1
2026-01-02T08:27:00+00:00,c64_27,control,conversion,0
2026-01-02T08:27:00+00:00,c64_27,control,error_rate,0
2026-01-02T08:28:00+00:00,c64_28,control,conversion,1
2026-01-02T08:28:00+00:00,c64_28,control,error_rate,0
2026-01-02T08:29:00+00:00,c64_29,control,conversion,0
2026-01-02T08:29:00+00:00,c64_29,control,error_rate,0
2026-01-02T08:00:00+00:00,t64_0,treatment,conversion,0
2026-01-02T08:00:00+00:00,t64_0,treatment,error_rate,0
2026-01-02T08:01:00+00:00,t64_1,treatment,conversion,1
2026-01-02T08:01:00+00:00,t64_1,treatment,error_rate,0
2026-01-02T08:02:00+00:00,t64_2,treatment,conversion,0
2026-01-02T08:02:00+00:00,t64_2,treatment,error_rate,0
2026-01-02T08:03:00+00:00,t64_3,treatment,conversion,0
2026-01-02T08:03:00+00:00,t64_3,treatment,error_rate,0
2026-01-02T08:04:00+00:00,t64_4,treatment,conversion,0
2026-01-02T08:04:00+00:00,t64_4,treatment,error_rate,0
2026-01-02T08:05:00+00:00,t64_5,treatment,conversion,0
2026-01-02T08:05:00+00:00,t64_5,treatment,error_rate,0
2026-01-02T08:06:00+00:00,t64_6,treatment,conversion,1
2026-01-02T08:06:00+00:00,t64_6,treatment,error_rate,0
2026-01-02T08:07:00+00:00,t64_7,treatment,conversion,0
2026-01-02T08:07:00+00:00,t64_7,treatment,error_rate,0
2026-01-02T08:08:00+00:00,t64_8,treatment,conversion,0
2026-01-02T08:08:00+00:00,t64_8,treatment,error_rate,0
2026-01-02T08:09:00+00:00,t64_9,treatment,conversion,0
2026-01-02T08:09:00+00:00,t64_9,treatment,error_rate,0
2026-01-02T08:10:00+00:00,t64_10,treatment,conversion,0
2026-01-02T08:10:00+00:00,t64_10,treatment,error_rate,0
2026-01-02T08:11:00+00:00,t64_11,treatment,conversion,1
2026-01-02T08:11:00+00:00,t64_11,treatment,error_rate,1
2026-01-02T08:12:00+00:00,t64_12,treatment,conversion,0
2026-01-02T08:12:00+00:00,t64_12,treatment,error_rate,1
2026-01-02T08:13:00+00:00,t64_13,treatment,conversion,0
2026-01-02T08:13:00+00:00,t64_13,treatment,error_rate,1
2026-01-02T08:14:00+00:00,t64_14,treatment,conversion,0
2026-01-02T08:14:00+00:00,t64_14,treatment,error_rate,0
2026-01-02T08:15:00+00:00,t64_15,treatment,conversion,0
2026-01-02T08:15:00+00:00,t64_15,treatment,error_rate,1
2026-01-02T08:16:00+00:00,t64_16,treatment,conversion,0
2026-01-02T08:16:00+00:00,t64_16,treatment,error_rate,0
2026-01-02T08:17:00+00:00,t64_17,treatment,conversion,0
2026-01-02T08:17:00+00:00,t64_17,treatment,error_rate,0
2026-01-02T08:18:00+00:00,t64_18,treatment,conversion,0
2026-01-02T08:18:00+00:00,t64_18,treatment,error_rate,0
2026-01-02T08:19:00+00:00,t64_19,treatment,conversion,0
2026-01-02T08:19:00+00:00,t64_19,treatment,error_rate,0
2026-01-02T08:20:00+00:00,t64_20,treatment,conversion,1
2026-01-02T08:20:00+00:00,t64_20,treatment,error_rate,1
2026-01-02T08:21:00+00:00,t64_21,treatment,conversion,0
2026-01-02T08:21:00+00:00,t64_21,treatment,error_rate,0
2026-01-02T08:22:00+00:00,t64_22,treatment,conversion,0
2026-01-02T08:22:00+00:00,t64_22,treatment,error_rate,0
2026-01-02T08:23:00+00:00,t64_23,treatment,conversion,0
2026-01-02T08:23:00+00:00,t64_23,treatment,error_rate,0
2026-01-02T08:24:00+00:00,t64_24,treatment,conversion,1
2026-01-02T08:24:00+00:00,t64_24,treatment,error_rate,0
2026-01-02T08:25:00+00:00,t64_25,treatment,conversion,0
2026-01-02T08:25:00+00:00,t64_25,treatment,error_rate,0
2026-01-02T08:26:00+00:00,t64_26,treatment,conversion,1
2026-01-02T08:26:00+00:00,t64_26,treatment,error_rate,0
2026-01-02T08:27:00+00:00,t64_27,treatment,conversion,0
2026-01-02T08:27:00+00:00,t64_27,treatment,error_rate,0
2026-01-02T08:28:00+00:00,t64_28,treatment,conversion,1
2026-01-02T08:28:00+00:00,t64_28,treatment,error_rate,0
2026-01-02T08:29:00+00:00,t64_29,treatment,conversion,0
2026-01-02T08:29:00+00:00,t64_29,treatment,error_rate,0
2026-01-02T08:30:00+00:00,c65_0,control,conversion,0
2026-01-02T08:30:00+00:00,c65_0,control,error_rate,0
2026-01-02T08:31:00+00:00,c65_1,control,conversion,0
2026-01-02T08:31:00+00:00,c65_1,control,error_rate,1
2026-01-02T08:32:00+00:00,c65_2,control,conversion,0
2026-01-02T08:32:00+00:00,c65_2,control,error_rate,0
2026-01-02T08:33:00+00:00,c65_3,control,conversion,0
2026-01-02T08:33:00+00:00,c65_3,control,error_rate,0
2026-01-02T08:34:00+00:00,c65_4,control,conversion,1
2026-01-02T08:34:00+00:00,c65_4,control,error_rate,0
2026-01-02T08:35:00+00:00,c65_5,control,conversion,0
2026-01-02T08:35:00+00:00,c65_5,control,error_rate,0
2026-01-02T08:36:00+00:00,c65_6,control,conversion,0
2026-01-02T08:36:00+00:00,c65_6,control,error_rate,0
2026-01-02T08:37:00+00:00,c65_7,control,conversion,0
2026-01-02T08:37:00+00:00,c65_7,control,error_rate,1
2026-01-02T08:38:00+00:00,c65_8,control,conversion,0
2026-01-02T08:38:00+00:00,c65_8,control,error_rate,0
2026-01-02T08:39:00+00:00,c65_9,control,conversion,0
2026-01-02T08:39:00+00:00,c65_9,control,error_rate,0
2026-01-02T08:40:00+00:00,c65_10,control,conversion,0
2026-01-02T08:40:00+00:00,c65_10,control,error_rate,0
2026-01-02T08:41:00+00:00,c65_11,control,conversion,0
2026-01-02T08:41:00+00:00,c65_11,control,error_rate,0
2026-01-02T08:42:00+00:00,c65_12,control,conversion,1
2026-01-02T08:42:00+00:00,c65_12,control,error_rate,0
2026-01-02T08:43:00+00:00,c65_13,control,conversion,0
2026-01-02T08:43:00+00:00,c65_13,control,error_rate,0
2026-01-02T08:44:00+00:00,c65_14,control,conversion,0
2026-01-02T08:44:00+00:00,c65_14,control,error_rate,1
2026-01-02T08:45:00+00:00,c65_15,control,conversion,0
2026-01-02T08:45:00+00:00,c65_15,control,error_rate,0
2026-01-02T08:46:00+00:00,c65_16,control,conversion,0
2026-01-02T08:46:00+00:00,c65_16,control,error_rate,0
2026-01-02T08:47:00+00:00,c65_17,control,conversion,0
2026-01-02T08:47:00+00:00,c65_17,control,error_rate,0
2026-01-02T08:48:00+00:00,c65_18,control,conversion,0
2026-01-02T08:48:00+00:00,c65_18,control,error_rate,0
2026-01-02T08:49:00+00:00,c65_19,control,conversion,0
2026-01-02T08:49:00+00:00,c65_19,control,error_rate,0
2026-01-02T08:50:00+00:00,c65_20,control,conversion,0
2026-01-02T08:50:00+00:00,c65_20,control,error_rate,0
2026-01-02T08:51:00+00:00,c65_21,control,conversion,1
2026-01-02T08:51:00+00:00,c65_21,control,error_rate,0
2026-01-02T08:52:00+00:00,c65_22,control,conversion,0
2026-01-02T08:52:00+00:00,c65_22,control,error_rate,0
2026-01-02T08:53:00+00:00,c65_23,control,conversion,0
2026-01-02T08:53:00+00:00,c65_23,control,error_rate,0
2026-01-02T08:54:00+00:00,c65_24,control,conversion,0
2026-01-02T08:54:00+00:00,c65_24,control,error_rate,0
2026-01-02T08:55:00+00:00,c65_25,control,conversion,1
2026-01-02T08:55:00+00:00,c65_25,control,error_rate,0
2026-01-02T08:56:00+00:00,c65_26,control,conversion,0
2026-01-02T08:56:00+00:00,c65_26,control,error_rate,0
2026-01-02T08:57:00+00:00,c65_27,control,conversion,0
2026-01-02T08:57:00+00:00,c65_27,control,error_rate,0
2026-01-02T08:58:00+00:00,c65_28,control,conversion,0
2026-01-02T08:58:00+00:00,c65_28,control,error_rate,0
2026-01-02T08:59:00+00:00,c65_29,control,conversion,0
2026-01-02T08:59:00+00:00,c65_29,control,error_rate,0
2026-01-02T08:30:00+00:00,t65_0,treatment,conversion,0
2026-01-02T08:30:00+00:00,t65_0,treatment,error_rate,0
2026-01-02T08:31:00+00:00,t65_1,treatment,conversion,1
2026-01-02T08:31:00+00:00,t65_1,treatment,error_rate,0
2026-01-02T08:32:00+00:00,t65_2,treatment,conversion,0
2026-01-02T08:32:00+00:00,t65_2,treatment,error_rate,0
2026-01-02T08:33:00+00:00,t65_3,treatment,conversion,0
2026-01-02T08:33:00+00:00,t65_3,treatment,error_rate,0
2026-01-02T08:34:00+00:00,t65_4,treatment,conversion,0
2026-01-02T08:34:00+00:00,t65_4,treatment,error_rate,0
2026-01-02T08:35:00+00:00,t65_5,treatment,conversion,0
2026-01-02T08:35:00+00:00,t65_5,treatment,error_rate,0
2026-01-02T08:36:00+00:00,t65_6,treatment,conversion,0
2026-01-02T08:36:00+00:00,t65_6,treatment,error_rate,1
2026-01-02T08:37:00+00:00,t65_7,treatment,conversion,0
2026-01-02T08:37:00+00:00,t65_7,treatment,error_rate,0
2026-01-02T08:38:00+00:00,t65_8,treatment,conversion,0
2026-01-02T08:38:00+00:00,t65_8,treatment,error_rate,1
2026-01-02T08:39:00+00:00,t65_9,treatment,conversion,0
2026-01-02T08:39:00+00:00,t65_9,treatment,error_rate,0
2026-01-02T08:40:00+00:00,t65_10,treatment,conversion,0
2026-01-02T08:40:00+00:00,t65_10,treatment,error_rate,1
2026-01-02T08:41:00+00:00,t65_11,treatment,conversion,0
2026-01-02T08:41:00+00:00,t65_11,treatment,error_rate,0
2026-01-02T08:42:00+00:00,t65_12,treatment,conversion,0
2026-01-02T08:42:00+00:00,t65_12,treatment,error_rate,1
2026-01-02T08:43:00+00:00,t65_13,treatment,conversion,1
2026-01-02T08:43:00+00:00,t65_13,treatment,error_rate,0
2026-01-02T08:44:00+00:00,t65_14,treatment,conversion,1
2026-01-02T08:44:00+00:00,t65_14,treatment,error_rate,0
2026-01-02T08:45:00+00:00,t65_15,treatment,conversion,0
2026-01-02T08:45:00+00:00,t65_15,treatment,error_rate,0
2026-01-02T08:46:00+00:00,t65_16,treatment,conversion,0
2026-01-02T08:46:00+00:00,t65_16,treatment,error_rate,0
2026-01-02T08:47:00+00:00,t65_17,treatment,conversion,0
2026-01-02T08:47:00+00:00,t65_17,treatment,error_rate,0
2026-01-02T08:48:00+00:00,t65_18,treatment,conversion,0
2026-01-02T08:48:00+00:00,t65_18,treatment,error_rate,0
2026-01-02T08:49:00+00:00,t65_19,treatment,conversion,0
2026-01-02T08:49:00+00:00,t65_19,treatment,error_rate,1
2026-01-02T08:50:00+00:00,t65_20,treatment,conversion,0
2026-01-02T08:50:00+00:00,t65_20,treatment,error_rate,0
2026-01-02T08:51:00+00:00,t65_21,treatment,conversion,1
2026-01-02T08:51:00+00:00,t65_21,treatment,error_rate,0
2026-01-02T08:52:00+00:00,t65_22,treatment,conversion,0
2026-01-02T08:52:00+00:00,t65_22,treatment,error_rate,0
2026-01-02T08:53:00+00:00,t65_23,treatment,conversion,0
2026-01-02T08:53:00+00:00,t65_23,treatment,error_rate,0
2026-01-02T08:54:00+00:00,t65_24,treatment,conversion,0
2026-01-02T08:54:00+00:00,t65_24,treatment,error_rate,0
2026-01-02T08:55:00+00:00,t65_25,treatment,conversion,0
2026-01-02T08:55:00+00:00,t65_25,treatment,error_rate,0
2026-01-02T08:56:00+00:00,t65_26,treatment,conversion,0
2026-01-02T08:56:00+00:00,t65_26,treatment,error_rate,0
2026-01-02T08:57:00+00:00,t65_27,treatment,conversion,0
2026-01-02T08:57:00+00:00,t65_27,treatment,error_rate,0
2026-01-02T08:58:00+00:00,t65_28,treatment,conversion,0
2026-01-02T08:58:00+00:00,t65_28,treatment,error_rate,0
2026-01-02T08:59:00+00:00,t65_29,treatment,conversion,0
2026-01-02T08:59:00+00:00,t65_29,treatment,error_rate,0
2026-01-02T09:00:00+00:00,c66_0,control,conversion,0
2026-01-02T09:00:00+00:00,c66_0,control,error_rate,0
2026-01-02T09:01:00+00:00,c66_1,control,conversion,0
2026-01-02T09:01:00+00:00,c66_1,control,error_rate,0
2026-01-02T09:02:00+00:00,c66_2,control,conversion,0
2026-01-02T09:02:00+00:00,c66_2,control,error_rate,0
2026-01-02T09:03:00+00:00,c66_3,control,conversion,0
2026-01-02T09:03:00+00:00,c66_3,control,error_rate,0
2026-01-02T09:04:00+00:00,c66_4,control,conversion,0
2026-01-02T09:04:00+00:00,c66_4,control,error_rate,0
2026-01-02T09:05:00+00:00,c66_5,control,conversion,0
2026-01-02T09:05:00+00:00,c66_5,control,error_rate,1
2026-01-02T09:06:00+00:00,c66_6,control,conversion,0
2026-01-02T09:06:00+00:00,c66_6,control,error_rate,0
2026-01-02T09:07:00+00:00,c66_7,control,conversion,0
2026-01-02T09:07:00+00:00,c66_7,control,error_rate,0
2026-01-02T09:08:00+00:00,c66_8,control,conversion,1
2026-01-02T09:08:00+00:00,c66_8,control,error_rate,0
2026-01-02T09:09:00+00:00,c66_9,control,conversion,0
2026-01-02T09:09:00+00:00,c66_9,control,error_rate,0
2026-01-02T09:10:00+00:00,c66_10,control,conversion,0
2026-01-02T09:10:00+00:00,c66_10,control,error_rate,1
2026-01-02T09:11:00+00:00,c66_11,control,conversion,0
2026-01-02T09:11:00+00:00,c66_11,control,error_rate,0
2026-01-02T09:12:00+00:00,c66_12,control,conversion,0
2026-01-02T09:12:00+00:00,c66_12,control,error_rate,0
2026-01-02T09:13:00+00:00,c66_13,control,conversion,0
2026-01-02T09:13:00+00:00,c66_13,control,error_rate,0
2026-01-02T09:14:00+00:00,c66_14,control,conversion,0
2026-01-02T09:14:00+00:00,c66_14,control,error_rate,0
2026-01-02T09:15:00+00:00,c66_15,control,conversion,0
2026-01-02T09:15:00+00:00,c66_15,control,error_rate,0
2026-01-02T09:16:00+00:00,c66_16,control,conversion,0
2026-01-02T09:16:00+00:00,c66_16,control,error_rate,0
2026-01-02T09:17:00+00:00,c66_17,control,conversion,0
2026-01-02T09:17:00+00:00,c66_17,control,error_rate,1
2026-01-02T09:18:00+00:00,c66_18,control,conversion,0
2026-01-02T09:18:00+00:00,c66_18,control,error_rate,0
2026-01-02T09:19:00+00:00,c66_19,control,conversion,0
2026-01-02T09:19:00+00:00,c66_19,control,error_rate,0
2026-01-02T09:20:00+00:00,c66_20,control,conversion,0
2026-01-02T09:20:00+00:00,c66_20,control,error_rate,0
2026-01-02T09:21:00+00:00,c66_21,control,conversion,0
2026-01-02T09:21:00+00:00,c66_21,control,error_rate,0
2026-01-02T09:22:00+00:00,c66_22,control,conversion,0
2026-01-02T09:22:00+00:00,c66_22,control,error_rate,0
2026-01-02T09:23:00+00:00,c66_23,control,conversion,0
2026-01-02T09:23:00+00:00,c66_23,control,error_rate,0
2026-01-02T09:24:00+00:00,c66_24,control,conversion,0
2026-01-02T09:24:00+00:00,c66_24,control,error_rate,0
2026-01-02T09:25:00+00:00,c66_25,control,conversion,0
2026-01-02T09:25:00+00:00,c66_25,control,error_rate,0
2026-01-02T09:26:00+00:00,c66_26,control,conversion,0
2026-01-02T09:26:00+00:00,c66_26,control,error_rate,0
2026-01-02T09:27:00+00:00,c66_27,control,conversion,1
2026-01-02T09:27:00+00:00,c66_27,control,error_rate,0
2026-01-02T09:28:00+00:00,c66_28,control,conversion,1
2026-01-02T09:28:00+00:00,c66_28,control,error_rate,0
2026-01-02T09:29:00+00:00,c66_29,control,conversion,0
2026-01-02T09:29:00+00:00,c66_29,control,error_rate,0
2026-01-02T09:00:00+00:00,t66_0,treatment,conversion,0
2026-01-02T09:00:00+00:00,t66_0,treatment,error_rate,0
2026-01-02T09:01:00+00:00,t66_1,treatment,conversion,0
2026-01-02T09:01:00+00:00,t66_1,treatment,error_rate,0
2026-01-02T09:02:00+00:00,t66_2,treatment,conversion,0
2026-01-02T09:02:00+00:00,t66_2,treatment,error_rate,0
2026-01-02T09:03:00+00:00,t66_3,treatment,conversion,0
2026-01-02T09:03:00+00:00,t66_3,treatment,error_rate,0
2026-01-02T09:04:00+00:00,t66_4,treatment,conversion,0
2026-01-02T09:04:00+00:00,t66_4,treatment,error_rate,0
2026-01-02T09:05:00+00:00,t66_5,treatment,conversion,0
2026-01-02T09:05:00+00:00,t66_5,treatment,error_rate,0
2026-01-02T09:06:00+00:00,t66_6,treatment,conversion,0
2026-01-02T09:06:00+00:00,t66_6,treatment,error_rate,0
2026-01-02T09:07:00+00:00,t66_7,treatment,conversion,0
2026-01-02T09:07:00+00:00,t66_7,treatment,error_rate,1
2026-01-02T09:08:00+00:00,t66_8,treatment,conversion,0
2026-01-02T09:08:00+00:00,t66_8,treatment,error_rate,0
2026-01-02T09:09:00+00:00,t66_9,treatment,conversion,0
2026-01-02T09:09:00+00:00,t66_9,treatment,error_rate,0
2026-01-02T09:10:00+00:00,t66_10,treatment,conversion,0
2026-01-02T09:10:00+00:00,t66_10,treatment,error_rate,0
2026-01-02T09:11:00+00:00,t66_11,treatment,conversion,0
2026-01-02T09:11:00+00:00,t66_11,treatment,error_rate,0
2026-01-02T09:12:00+00:00,t66_12,treatment,conversion,0
2026-01-02T09:12:00+00:00,t66_12,treatment,error_rate,0
2026-01-02T09:13:00+00:00,t66_13,treatment,conversion,0
2026-01-02T09:13:00+00:00,t66_13,treatment,error_rate,0
2026-01-02T09:14:00+00:00,t66_14,treatment,conversion,0
2026-01-02T09:14:00+00:00,t66_14,treatment,error_rate,0
2026-01-02T09:15:00+00:00,t66_15,treatment,conversion,0
2026-01-02T09:15:00+00:00,t66_15,treatment,error_rate,0
2026-01-02T09:16:00+00:00,t66_16,treatment,conversion,0
2026-01-02T09:16:00+00:00,t66_16,treatment,error_rate,0
2026-01-02T09:17:00+00:00,t66_17,treatment,conversion,1
2026-01-02T09:17:00+00:00,t66_17,treatment,error_rate,0
2026-01-02T09:18:00+00:00,t66_18,treatment,conversion,1
2026-01-02T09:18:00+00:00,t66_18,treatment,error_rate,0
2026-01-02T09:19:00+00:00,t66_19,treatment,conversion,1
2026-01-02T09:19:00+00:00,t66_19,treatment,error_rate,0
2026-01-02T09:20:00+00:00,t66_20,treatment,conversion,0
2026-01-02T09:20:00+00:00,t66_20,treatment,error_rate,1
2026-01-02T09:21:00+00:00,t66_21,treatment,conversion,0
2026-01-02T09:21:00+00:00,t66_21,treatment,error_rate,0
2026-01-02T09:22:00+00:00,t66_22,treatment,conversion,0
2026-01-02T09:22:00+00:00,t66_22,treatment,error_rate,0
2026-01-02T09:23:00+00:00,t66_23,treatment,conversion,0
2026-01-02T09:23:00+00:00,t66_23,treatment,error_rate,0
2026-01-02T09:24:00+00:00,t66_24,treatment,conversion,1
2026-01-02T09:24:00+00:00,t66_24,treatment,error_rate,0
2026-01-02T09:25:00+00:00,t66_25,treatment,conversion,1
2026-01-02T09:25:00+00:00,t66_25,treatment,error_rate,0
2026-01-02T09:26:00+00:00,t66_26,treatment,conversion,0
2026-01-02T09:26:00+00:00,t66_26,treatment,error_rate,0
2026-01-02T09:27:00+00:00,t66_27,treatment,conversion,0
2026-01-02T09:27:00+00:00,t66_27,treatment,error_rate,0
2026-01-02T09:28:00+00:00,t66_28,treatment,conversion,0
2026-01-02T09:28:00+00:00,t66_28,treatment,error_rate,0
2026-01-02T09:29:00+00:00,t66_29,treatment,conversion,1
2026-01-02T09:29:00+00:00,t66_29,treatment,error_rate,0
2026-01-02T09:30:00+00:00,c67_0,control,conversion,0
2026-01-02T09:30:00+00:00,c67_0,control,error_rate,0
2026-01-02T09:31:00+00:00,c67_1,control,conversion,0
2026-01-02T09:31:00+00:00,c67_1,control,error_rate,0
2026-01-02T09:32:00+00:00,c67_2,control,conversion,0
2026-01-02T09:32:00+00:00,c67_2,control,error_rate,0
2026-01-02T09:33:00+00:00,c67_3,control,conversion,0
2026-01-02T09:33:00+00:00,c67_3,control,error_rate,0
2026-01-02T09:34:00+00:00,c67_4,control,conversion,0
2026-01-02T09:34:00+00:00,c67_4,control,error_rate,0
2026-01-02T09:35:00+00:00,c67_5,control,conversion,0
2026-01-02T09:35:00+00:00,c67_5,control,error_rate,0
2026-01-02T09:36:00+00:00,c67_6,control,conversion,0
2026-01-02T09:36:00+00:00,c67_6,control,error_rate,0
2026-01-02T09:37:00+00:00,c67_7,control,conversion,1
2026-01-02T09:37:00+00:00,c67_7,control,error_rate,0
2026-01-02T09:38:00+00:00,c67_8,control,conversion,0
2026-01-02T09:38:00+00:00,c67_8,control,error_rate,0
2026-01-02T09:39:00+00:00,c67_9,control,conversion,0
2026-01-02T09:39:00+00:00,c67_9,control,error_rate,1
2026-01-02T09:40:00+00:00,c67_10,control,conversion,0
2026-01-02T09:40:00+00:00,c67_10,control,error_rate,0
2026-01-02T09:41:00+00:00,c67_11,control,conversion,0
2026-01-02T09:41:00+00:00,c67_11,control,error_rate,0
2026-01-02T09:42:00+00:00,c67_12,control,conversion,0
2026-01-02T09:42:00+00:00,c67_12,control,error_rate,0
2026-01-02T09:43:00+00:00,c67_13,control,conversion,1
2026-01-02T09:43:00+00:00,c67_13,control,error_rate,0
2026-01-02T09:44:00+00:00,c67_14,control,conversion,0
2026-01-02T09:44:00+00:00,c67_14,control,error_rate,0
2026-01-02T09:45:00+00:00,c67_15,control,conversion,0
2026-01-02T09:45:00+00:00,c67_15,control,error_rate,0
2026-01-02T09:46:00+00:00,c67_16,control,conversion,1
2026-01-02T09:46:00+00:00,c67_16,control,error_rate,0
2026-01-02T09:47:00+00:00,c67_17,control,conversion,0
2026-01-02T09:47:00+00:00,c67_17,control,error_rate,0
2026-01-02T09:48:00+00:00,c67_18,control,conversion,0
2026-01-02T09:48:00+00:00,c67_18,control,error_rate,0
2026-01-02T09:49:00+00:00,c67_19,control,conversion,0
2026-01-02T09:49:00+00:00,c67_19,control,error_rate,0
2026-01-02T09:50:00+00:00,c67_20,control,conversion,0
2026-01-02T09:50:00+00:00,c67_20,control,error_rate,0
2026-01-02T09:51:00+00:00,c67_21,control,conversion,0
2026-01-02T09:51:00+00:00,c67_21,control,error_rate,0
2026-01-02T09:52:00+00:00,c67_22,control,conversion,0
2026-01-02T09:52:00+00:00,c67_22,control,error_rate,0
2026-01-02T09:53:00+00:00,c67_23,control,conversion,1
2026-01-02T09:53:00+00:00,c67_23,control,error_rate,0
2026-01-02T09:54:00+00:00,c67_24,control,conversion,0
2026-01-02T09:54:00+00:00,c67_24,control,error_rate,0
2026-01-02T09:55:00+00:00,c67_25,control,conversion,1
2026-01-02T09:55:00+00:00,c67_25,control,error_rate,0
2026-01-02T09:56:00+00:00,c67_26,control,conversion,0
2026-01-02T09:56:00+00:00,c67_26,control,error_rate,0
2026-01-02T09:57:00+00:00,c67_27,control,conversion,0
2026-01-02T09:57:00+00:00,c67_27,control,error_rate,0
2026-01-02T09:58:00+00:00,c67_28,control,conversion,0
2026-01-02T09:58:00+00:00,c67_28,control,error_rate,0
2026-01-02T09:59:00+00:00,c67_29,control,conversion,0
2026-01-02T09:59:00+00:00,c67_29,control,error_rate,0
2026-01-02T09:30:00+00:00,t67_0,treatment,conversion,1
2026-01-02T09:30:00+00:00,t67_0,treatment,error_rate,0
2026-01-02T09:31:00+00:00,t67_1,treatment,conversion,1
2026-01-02T09:31:00+00:00,t67_1,treatment,error_rate,0
2026-01-02T09:32:00+00:00,t67_2,treatment,conversion,0
2026-01-02T09:32:00+00:00,t67_2,treatment,error_rate,0
2026-01-02T09:33:00+00:00,t67_3,treatment,conversion,0
2026-01-02T09:33:00+00:00,t67_3,treatment,error_rate,0
2026-01-02T09:34:00+00:00,t67_4,treatment,conversion,1
2026-01-02T09:34:00+00:00,t67_4,treatment,error_rate,0
2026-01-02T09:35:00+00:00,t67_5,treatment,conversion,0
2026-01-02T09:35:00+00:00,t67_5,treatment,error_rate,0
2026-01-02T09:36:00+00:00,t67_6,treatment,conversion,0
2026-01-02T09:36:00+00:00,t67_6,treatment,error_rate,0
2026-01-02T09:37:00+00:00,t67_7,treatment,conversion,0
2026-01-02T09:37:00+00:00,t67_7,treatment,error_rate,0
2026-01-02T09:38:00+00:00,t67_8,treatment,conversion,0
2026-01-02T09:38:00+00:00,t67_8,treatment,error_rate,0
2026-01-02T09:39:00+00:00,t67_9,treatment,conversion,0
2026-01-02T09:39:00+00:00,t67_9,treatment,error_rate,0
2026-01-02T09:40:00+00:00,t67_10,treatment,conversion,1
2026-01-02T09:40:00+00:00,t67_10,treatment,error_rate,0
2026-01-02T09:41:00+00:00,t67_11,treatment,conversion,0
2026-01-02T09:41:00+00:00,t67_11,treatment,error_rate,0
2026-01-02T09:42:00+00:00,t67_12,treatment,conversion,0
2026-01-02T09:42:00+00:00,t67_12,treatment,error_rate,0
2026-01-02T09:43:00+00:00,t67_13,treatment,conversion,0
2026-01-02T09:43:00+00:00,t67_13,treatment,error_rate,0
2026-01-02T09:44:00+00:00,t67_14,treatment,conversion,0
2026-01-02T09:44:00+00:00,t67_14,treatment,error_rate,0
2026-01-02T09:45:00+00:00,t67_15,treatment,conversion,0
2026-01-02T09:45:00+00:00,t67_15,treatment,error_rate,0
2026-01-02T09:46:00+00:00,t67_16,treatment,conversion,0
2026-01-02T09:46:00+00:00,t67_16,treatment,error_rate,0
2026-01-02T09:47:00+00:00,t67_17,treatment,conversion,0
2026-01-02T09:47:00+00:00,t67_17,treatment,error_rate,0
2026-01-02T09:48:00+00:00,t67_18,treatment,conversion,0
2026-01-02T09:48:00+00:00,t67_18,treatment,error_rate,0
2026-01-02T09:49:00+00:00,t67_19,treatment,conversion,0
2026-01-02T09:49:00+00:00,t67_19,treatment,error_rate,0
2026-01-02T09:50:00+00:00,t67_20,treatment,conversion,0
2026-01-02T09:50:00+00:00,t67_20,treatment,error_rate,0
2026-01-02T09:51:00+00:00,t67_21,treatment,conversion,1
2026-01-02T09:51:00+00:00,t67_21,treatment,error_rate,0
2026-01-02T09:52:00+00:00,t67_22,treatment,conversion,1
2026-01-02T09:52:00+00:00,t67_22,treatment,error_rate,0
2026-01-02T09:53:00+00:00,t67_23,treatment,conversion,0
2026-01-02T09:53:00+00:00,t67_23,treatment,error_rate,1
2026-01-02T09:54:00+00:00,t67_24,treatment,conversion,0
2026-01-02T09:54:00+00:00,t67_24,treatment,error_rate,0
2026-01-02T09:55:00+00:00,t67_25,treatment,conversion,0
2026-01-02T09:55:00+00:00,t67_25,treatment,error_rate,0
2026-01-02T09:56:00+00:00,t67_26,treatment,conversion,0
2026-01-02T09:56:00+00:00,t67_26,treatment,error_rate,0
2026-01-02T09:57:00+00:00,t67_27,treatment,conversion,0
2026-01-02T09:57:00+00:00,t67_27,treatment,error_rate,0
2026-01-02T09:58:00+00:00,t67_28,treatment,conversion,1
2026-01-02T09:58:00+00:00,t67_28,treatment,error_rate,0
2026-01-02T09:59:00+00:00,t67_29,treatment,conversion,0
2026-01-02T09:59:00+00:00,t67_29,treatment,error_rate,0
2026-01-02T10:00:00+00:00,c68_0,control,conversion,1
2026-01-02T10:00:00+00:00,c68_0,control,error_rate,0
2026-01-02T10:01:00+00:00,c68_1,control,conversion,0
2026-01-02T10:01:00+00:00,c68_1,control,error_rate,0
2026-01-02T10:02:00+00:00,c68_2,control,conversion,0
2026-01-02T10:02:00+00:00,c68_2,control,error_rate,0
2026-01-02T10:03:00+00:00,c68_3,control,conversion,1
2026-01-02T10:03:00+00:00,c68_3,control,error_rate,0
2026-01-02T10:04:00+00:00,c68_4,control,conversion,0
2026-01-02T10:04:00+00:00,c68_4,control,error_rate,0
2026-01-02T10:05:00+00:00,c68_5,control,conversion,0
2026-01-02T10:05:00+00:00,c68_5,control,error_rate,0
2026-01-02T10:06:00+00:00,c68_6,control,conversion,0
2026-01-02T10:06:00+00:00,c68_6,control,error_rate,0
2026-01-02T10:07:00+00:00,c68_7,control,conversion,0
2026-01-02T10:07:00+00:00,c68_7,control,error_rate,0
2026-01-02T10:08:00+00:00,c68_8,control,conversion,1
2026-01-02T10:08:00+00:00,c68_8,control,error_rate,0
2026-01-02T10:09:00+00:00,c68_9,control,conversion,0
2026-01-02T10:09:00+00:00,c68_9,control,error_rate,0
2026-01-02T10:10:00+00:00,c68_10,control,conversion,0
2026-01-02T10:10:00+00:00,c68_10,control,error_rate,0
2026-01-02T10:11:00+00:00,c68_11,control,conversion,0
2026-01-02T10:11:00+00:00,c68_11,control,error_rate,0
2026-01-02T10:12:00+00:00,c68_12,control,conversion,0
2026-01-02T10:12:00+00:00,c68_12,control,error_rate,0
2026-01-02T10:13:00+00:00,c68_13,control,conversion,0
2026-01-02T10:13:00+00:00,c68_13,control,error_rate,0
2026-01-02T10:14:00+00:00,c68_14,control,conversion,0
2026-01-02T10:14:00+00:00,c68_14,control,error_rate,0
2026-01-02T10:15:00+00:00,c68_15,control,conversion,1
2026-01-02T10:15:00+00:00,c68_15,control,error_rate,0
2026-01-02T10:16:00+00:00,c68_16,control,conversion,0
2026-01-02T10:16:00+00:00,c68_16,control,error_rate,0
2026-01-02T10:17:00+00:00,c68_17,control,conversion,0
2026-01-02T10:17:00+00:00,c68_17,control,error_rate,0
2026-01-02T10:18:00+00:00,c68_18,control,conversion,0
2026-01-02T10:18:00+00:00,c68_18,control,error_rate,0
2026-01-02T10:19:00+00:00,c68_19,control,conversion,0
2026-01-02T10:19:00+00:00,c68_19,control,error_rate,0
2026-01-02T10:20:00+00:00,c68_20,control,conversion,0
2026-01-02T10:20:00+00:00,c68_20,control,error_rate,0
2026-01-02T10:21:00+00:00,c68_21,control,conversion,0
2026-01-02T10:21:00+00:00,c68_21,control,error_rate,0
2026-01-02T10:22:00+00:00,c68_22,control,conversion,0
2026-01-02T10:22:00+00:00,c68_22,control,error_rate,0
2026-01-02T10:23:00+00:00,c68_23,control,conversion,0
2026-01-02T10:23:00+00:00,c68_23,control,error_rate,0
2026-01-02T10:24:00+00:00,c68_24,control,conversion,0
2026-01-02T10:24:00+00:00,c68_24,control,error_rate,1
2026-01-02T10:25:00+00:00,c68_25,control,conversion,0
2026-01-02T10:25:00+00:00,c68_25,control,error_rate,0
2026-01-02T10:26:00+00:00,c68_26,control,conversion,0
2026-01-02T10:26:00+00:00,c68_26,control,error_rate,1
2026-01-02T10:27:00+00:00,c68_27,control,conversion,0
2026-01-02T10:27:00+00:00,c68_27,control,error_rate,0
2026-01-02T10:28:00+00:00,c68_28,control,conversion,0
2026-01-02T10:28:00+00:00,c68_28,control,error_rate,1
2026-01-02T10:29:00+00:00,c68_29,control,conversion,0
2026-01-02T10:29:00+00:00,c68_29,control,error_rate,0
2026-01-02T10:00:00+00:00,t68_0,treatment,conversion,0
2026-01-02T10:00:00+00:00,t68_0,treatment,error_rate,0
2026-01-02T10:01:00+00:00,t68_1,treatment,conversion,0
2026-01-02T10:01:00+00:00,t68_1,treatment,error_rate,0
2026-01-02T10:02:00+00:00,t68_2,treatment,conversion,0
2026-01-02T10:02:00+00:00,t68_2,treatment,error_rate,0
2026-01-02T10:03:00+00:00,t68_3,treatment,conversion,0
2026-01-02T10:03:00+00:00,t68_3,treatment,error_rate,0
2026-01-02T10:04:00+00:00,t68_4,treatment,conversion,0
2026-01-02T10:04:00+00:00,t68_4,treatment,error_rate,0
2026-01-02T10:05:00+00:00,t68_5,treatment,conversion,0
2026-01-02T10:05:00+00:00,t68_5,treatment,error_rate,0
2026-01-02T10:06:00+00:00,t68_6,treatment,conversion,0
2026-01-02T10:06:00+00:00,t68_6,treatment,error_rate,0
2026-01-02T10:07:00+00:00,t68_7,treatment,conversion,0
2026-01-02T10:07:00+00:00,t68_7,treatment,error_rate,0
2026-01-02T10:08:00+00:00,t68_8,treatment,conversion,0
2026-01-02T10:08:00+00:00,t68_8,treatment,error_rate,0
2026-01-02T10:09:00+00:00,t68_9,treatment,conversion,0
2026-01-02T10:09:00+00:00,t68_9,treatment,error_rate,0
2026-01-02T10:10:00+00:00,t68_10,treatment,conversion,0
2026-01-02T10:10:00+00:00,t68_10,treatment,error_rate,0
2026-01-02T10:11:00+00:00,t68_11,treatment,conversion,0
2026-01-02T10:11:00+00:00,t68_11,treatment,error_rate,0
2026-01-02T10:12:00+00:00,t68_12,treatment,conversion,0
2026-01-02T10:12:00+00:00,t68_12,treatment,error_rate,1
2026-01-02T10:13:00+00:00,t68_13,treatment,conversion,0
2026-01-02T10:13:00+00:00,t68_13,treatment,error_rate,1
2026-01-02T10:14:00+00:00,t68_14,treatment,conversion,0
2026-01-02T10:14:00+00:00,t68_14,treatment,error_rate,0
2026-01-02T10:15:00+00:00,t68_15,treatment,conversion,0
2026-01-02T10:15:00+00:00,t68_15,treatment,error_rate,0
2026-01-02T10:16:00+00:00,t68_16,treatment,conversion,1
2026-01-02T10:16:00+00:00,t68_16,treatment,error_rate,0
2026-01-02T10:17:00+00:00,t68_17,treatment,conversion,0
2026-01-02T10:17:00+00:00,t68_17,treatment,error_rate,1
2026-01-02T10:18:00+00:00,t68_18,treatment,conversion,0
2026-01-02T10:18:00+00:00,t68_18,treatment,error_rate,0
2026-01-02T10:19:00+00:00,t68_19,treatment,conversion,0
2026-01-02T10:19:00+00:00,t68_19,treatment,error_rate,0
2026-01-02T10:20:00+00:00,t68_20,treatment,conversion,0
2026-01-02T10:20:00+00:00,t68_20,treatment,error_rate,0
2026-01-02T10:21:00+00:00,t68_21,treatment,conversion,0
2026-01-02T10:21:00+00:00,t68_21,treatment,error_rate,1
2026-01-02T10:22:00+00:00,t68_22,treatment,conversion,0
2026-01-02T10:22:00+00:00,t68_22,treatment,error_rate,0
2026-01-02T10:23:00+00:00,t68_23,treatment,conversion,0
2026-01-02T10:23:00+00:00,t68_23,treatment,error_rate,1
2026-01-02T10:24:00+00:00,t68_24,treatment,conversion,0
2026-01-02T10:24:00+00:00,t68_24,treatment,error_rate,0
2026-01-02T10:25:00+00:00,t68_25,treatment,conversion,1
2026-01-02T10:25:00+00:00,t68_25,treatment,error_rate,0
2026-01-02T10:26:00+00:00,t68_26,treatment,conversion,0
2026-01-02T10:26:00+00:00,t68_26,treatment,error_rate,0
2026-01-02T10:27:00+00:00,t68_27,treatment,conversion,1
2026-01-02T10:27:00+00:00,t68_27,treatment,error_rate,0
2026-01-02T10:28:00+00:00,t68_28,treatment,conversion,0
2026-01-02T10:28:00+00:00,t68_28,treatment,error_rate,1
2026-01-02T10:29:00+00:00,t68_29,treatment,conversion,0
2026-01-02T10:29:00+00:00,t68_29,treatment,error_rate,0
2026-01-02T10:30:00+00:00,c69_0,control,conversion,0
2026-01-02T10:30:00+00:00,c69_0,control,error_rate,0
2026-01-02T10:31:00+00:00,c69_1,control,conversion,0
2026-01-02T10:31:00+00:00,c69_1,control,error_rate,1
2026-01-02T10:32:00+00:00,c69_2,control,conversion,0
2026-01-02T10:32:00+00:00,c69_2,control,error_rate,0
2026-01-02T10:33:00+00:00,c69_3,control,conversion,0
2026-01-02T10:33:00+00:00,c69_3,control,error_rate,0
2026-01-02T10:34:00+00:00,c69_4,control,conversion,0
2026-01-02T10:34:00+00:00,c69_4,control,error_rate,0
2026-01-02T10:35:00+00:00,c69_5,control,conversion,0
2026-01-02T10:35:00+00:00,c69_5,control,error_rate,0
2026-01-02T10:36:00+00:00,c69_6,control,conversion,0
2026-01-02T10:36:00+00:00,c69_6,control,error_rate,0
2026-01-02T10:37:00+00:00,c69_7,control,conversion,0
2026-01-02T10:37:00+00:00,c69_7,control,error_rate,0
2026-01-02T10:38:00+00:00,c69_8,control,conversion,0
2026-01-02T10:38:00+00:00,c69_8,control,error_rate,0
2026-01-02T10:39:00+00:00,c69_9,control,conversion,0
2026-01-02T10:39:00+00:00,c69_9,control,error_rate,0
2026-01-02T10:40:00+00:00,c69_10,control,conversion,0
2026-01-02T10:40:00+00:00,c69_10,control,error_rate,0
2026-01-02T10:41:00+00:00,c69_11,control,conversion,0
2026-01-02T10:41:00+00:00,c69_11,control,error_rate,1
2026-01-02T10:42:00+00:00,c69_12,control,conversion,0
2026-01-02T10:42:00+00:00,c69_12,control,error_rate,0
2026-01-02T10:43:00+00:00,c69_13,control,conversion,0
2026-01-02T10:43:00+00:00,c69_13,control,error_rate,0
2026-01-02T10:44:00+00:00,c69_14,control,conversion,0
2026-01-02T10:44:00+00:00,c69_14,control,error_rate,0
2026-01-02T10:45:00+00:00,c69_15,control,conversion,0
2026-01-02T10:45:00+00:00,c69_15,control,error_rate,0
2026-01-02T10:46:00+00:00,c69_16,control,conversion,0
2026-01-02T10:46:00+00:00,c69_16,control,error_rate,0
2026-01-02T10:47:00+00:00,c69_17,control,conversion,0
2026-01-02T10:47:00+00:00,c69_17,control,error_rate,0
2026-01-02T10:48:00+00:00,c69_18,control,conversion,0
2026-01-02T10:48:00+00:00,c69_18,control,error_rate,0
2026-01-02T10:49:00+00:00,c69_19,control,conversion,0
2026-01-02T10:49:00+00:00,c69_19,control,error_rate,0
2026-01-02T10:50:00+00:00,c69_20,control,conversion,0
2026-01-02T10:50:00+00:00,c69_20,control,error_rate,0
2026-01-02T10:51:00+00:00,c69_21,control,conversion,0
2026-01-02T10:51:00+00:00,c69_21,control,error_rate,0
2026-01-02T10:52:00+00:00,c69_22,control,conversion,0
2026-01-02T10:52:00+00:00,c69_22,control,error_rate,0
2026-01-02T10:53:00+00:00,c69_23,control,conversion,0
2026-01-02T10:53:00+00:00,c69_23,control,error_rate,0
2026-01-02T10:54:00+00:00,c69_24,control,conversion,0
2026-01-02T10:54:00+00:00,c69_24,control,error_rate,1
2026-01-02T10:55:00+00:00,c69_25,control,conversion,0
2026-01-02T10:55:00+00:00,c69_25,control,error_rate,0
2026-01-02T10:56:00+00:00,c69_26,control,conversion,0
2026-01-02T10:56:00+00:00,c69_26,control,error_rate,0
2026-01-02T10:57:00+00:00,c69_27,control,conversion,0
2026-01-02T10:57:00+00:00,c69_27,control,error_rate,0
2026-01-02T10:58:00+00:00,c69_28,control,conversion,0
2026-01-02T10:58:00+00:00,c69_28,control,error_rate,0
2026-01-02T10:59:00+00:00,c69_29,control,conversion,0
2026-01-02T10:59:00+00:00,c69_29,control,error_rate,0
2026-01-02T10:30:00+00:00,t69_0,treatment,conversion,0
2026-01-02T10:30:00+00:00,t69_0,treatment,error_rate,0
2026-01-02T10:31:00+00:00,t69_1,treatment,conversion,1
2026-01-02T10:31:00+00:00,t69_1,treatment,error_rate,0
2026-01-02T10:32:00+00:00,t69_2,treatment,conversion,0
2026-01-02T10:32:00+00:00,t69_2,treatment,error_rate,0
2026-01-02T10:33:00+00:00,t69_3,treatment,conversion,0
2026-01-02T10:33:00+00:00,t69_3,treatment,error_rate,1
2026-01-02T10:34:00+00:00,t69_4,treatment,conversion,0
2026-01-02T10:34:00+00:00,t69_4,treatment,error_rate,0
2026-01-02T10:35:00+00:00,t69_5,treatment,conversion,0
2026-01-02T10:35:00+00:00,t69_5,treatment,error_rate,1
2026-01-02T10:36:00+00:00,t69_6,treatment,conversion,0
2026-01-02T10:36:00+00:00,t69_6,treatment,error_rate,0
2026-01-02T10:37:00+00:00,t69_7,treatment,conversion,1
2026-01-02T10:37:00+00:00,t69_7,treatment,error_rate,0
2026-01-02T10:38:00+00:00,t69_8,treatment,conversion,0
2026-01-02T10:38:00+00:00,t69_8,treatment,error_rate,0
2026-01-02T10:39:00+00:00,t69_9,treatment,conversion,0
2026-01-02T10:39:00+00:00,t69_9,treatment,error_rate,0
2026-01-02T10:40:00+00:00,t69_10,treatment,conversion,1
2026-01-02T10:40:00+00:00,t69_10,treatment,error_rate,0
2026-01-02T10:41:00+00:00,t69_11,treatment,conversion,0
2026-01-02T10:41:00+00:00,t69_11,treatment,error_rate,0
2026-01-02T10:42:00+00:00,t69_12,treatment,conversion,0
2026-01-02T10:42:00+00:00,t69_12,treatment,error_rate,0
2026-01-02T10:43:00+00:00,t69_13,treatment,conversion,0
2026-01-02T10:43:00+00:00,t69_13,treatment,error_rate,0
2026-01-02T10:44:00+00:00,t69_14,treatment,conversion,1
2026-01-02T10:44:00+00:00,t69_14,treatment,error_rate,0
2026-01-02T10:45:00+00:00,t69_15,treatment,conversion,0
2026-01-02T10:45:00+00:00,t69_15,treatment,error_rate,1
2026-01-02T10:46:00+00:00,t69_16,treatment,conversion,0
2026-01-02T10:46:00+00:00,t69_16,treatment,error_rate,0
2026-01-02T10:47:00+00:00,t69_17,treatment,conversion,1
2026-01-02T10:47:00+00:00,t69_17,treatment,error_rate,0
2026-01-02T10:48:00+00:00,t69_18,treatment,conversion,0
2026-01-02T10:48:00+00:00,t69_18,treatment,error_rate,0
2026-01-02T10:49:00+00:00,t69_19,treatment,conversion,0
2026-01-02T10:49:00+00:00,t69_19,treatment,error_rate,0
2026-01-02T10:50:00+00:00,t69_20,treatment,conversion,0
2026-01-02T10:50:00+00:00,t69_20,treatment,error_rate,1
2026-01-02T10:51:00+00:00,t69_21,treatment,conversion,1
2026-01-02T10:51:00+00:00,t69_21,treatment,error_rate,0
2026-01-02T10:52:00+00:00,t69_22,treatment,conversion,0
2026-01-02T10:52:00+00:00,t69_22,treatment,error_rate,0
2026-01-02T10:53:00+00:00,t69_23,treatment,conversion,0
2026-01-02T10:53:00+00:00,t69_23,treatment,error_rate,0
2026-01-02T10:54:00+00:00,t69_24,treatment,conversion,0
2026-01-02T10:54:00+00:00,t69_24,treatment,error_rate,0
2026-01-02T10:55:00+00:00,t69_25,treatment,conversion,0
2026-01-02T10:55:00+00:00,t69_25,treatment,error_rate,0
2026-01-02T10:56:00+00:00,t69_26,treatment,conversion,1
2026-01-02T10:56:00+00:00,t69_26,treatment,error_rate,1
2026-01-02T10:57:00+00:00,t69_27,treatment,conversion,0
2026-01-02T10:57:00+00:00,t69_27,treatment,error_rate,0
2026-01-02T10:58:00+00:00,t69_28,treatment,conversion,0
2026-01-02T10:58:00+00:00,t69_28,treatment,error_rate,0
2026-01-02T10:59:00+00:00,t69_29,treatment,conversion,1
2026-01-02T10:59:00+00:00,t69_29,treatment,error_rate,0
2026-01-02T11:00:00+00:00,c70_0,control,conversion,0
2026-01-02T11:00:00+00:00,c70_0,control,error_rate,0
2026-01-02T11:01:00+00:00,c70_1,control,conversion,0
2026-01-02T11:01:00+00:00,c70_1,control,error_rate,0
2026-01-02T11:02:00+00:00,c70_2,control,conversion,0
2026-01-02T11:02:00+00:00,c70_2,control,error_rate,0
2026-01-02T11:03:00+00:00,c70_3,control,conversion,0
2026-01-02T11:03:00+00:00,c70_3,control,error_rate,0
2026-01-02T11:04:00+00:00,c70_4,control,conversion,0
2026-01-02T11:04:00+00:00,c70_4,control,error_rate,1
2026-01-02T11:05:00+00:00,c70_5,control,conversion,0
2026-01-02T11:05:00+00:00,c70_5,control,error_rate,0
2026-01-02T11:06:00+00:00,c70_6,control,conversion,0
2026-01-02T11:06:00+00:00,c70_6,control,error_rate,0
2026-01-02T11:07:00+00:00,c70_7,control,conversion,0
2026-01-02T11:07:00+00:00,c70_7,control,error_rate,0
2026-01-02T11:08:00+00:00,c70_8,control,conversion,0
2026-01-02T11:08:00+00:00,c70_8,control,error_rate,0
2026-01-02T11:09:00+00:00,c70_9,control,conversion,0
2026-01-02T11:09:00+00:00,c70_9,control,error_rate,0
2026-01-02T11:10:00+00:00,c70_10,control,conversion,0
2026-01-02T11:10:00+00:00,c70_10,control,error_rate,0
2026-01-02T11:11:00+00:00,c70_11,control,conversion,0
2026-01-02T11:11:00+00:00,c70_11,control,error_rate,1
2026-01-02T11:12:00+00:00,c70_12,control,conversion,0
2026-01-02T11:12:00+00:00,c70_12,control,error_rate,0
2026-01-02T11:13:00+00:00,c70_13,control,conversion,1
2026-01-02T11:13:00+00:00,c70_13,control,error_rate,0
2026-01-02T11:14:00+00:00,c70_14,control,conversion,0
2026-01-02T11:14:00+00:00,c70_14,control,error_rate,0
2026-01-02T11:15:00+00:00,c70_15,control,conversion,0
2026-01-02T11:15:00+00:00,c70_15,control,error_rate,0
2026-01-02T11:16:00+00:00,c70_16,control,conversion,0
2026-01-02T11:16:00+00:00,c70_16,control,error_rate,0
2026-01-02T11:17:00+00:00,c70_17,control,conversion,0
2026-01-02T11:17:00+00:00,c70_17,control,error_rate,0
2026-01-02T11:18:00+00:00,c70_18,control,conversion,0
2026-01-02T11:18:00+00:00,c70_18,control,error_rate,1
2026-01-02T11:19:00+00:00,c70_19,control,conversion,0
2026-01-02T11:19:00+00:00,c70_19,control,error_rate,0
2026-01-02T11:20:00+00:00,c70_20,control,conversion,0
2026-01-02T11:20:00+00:00,c70_20,control,error_rate,0
2026-01-02T11:21:00+00:00,c70_21,control,conversion,0
2026-01-02T11:21:00+00:00,c70_21,control,error_rate,0
2026-01-02T11:22:00+00:00,c70_22,control,conversion,0
2026-01-02T11:22:00+00:00,c70_22,control,error_rate,0
2026-01-02T11:23:00+00:00,c70_23,control,conversion,0
2026-01-02T11:23:00+00:00,c70_23,control,error_rate,0
2026-01-02T11:24:00+00:00,c70_24,control,conversion,0
2026-01-02T11:24:00+00:00,c70_24,control,error_rate,0
2026-01-02T11:25:00+00:00,c70_25,control,conversion,0
2026-01-02T11:25:00+00:00,c70_25,control,error_rate,0
2026-01-02T11:26:00+00:00,c70_26,control,conversion,1
2026-01-02T11:26:00+00:00,c70_26,control,error_rate,0
2026-01-02T11:27:00+00:00,c70_27,control,conversion,0
2026-01-02T11:27:00+00:00,c70_27,control,error_rate,1
2026-01-02T11:28:00+00:00,c70_28,control,conversion,0
2026-01-02T11:28:00+00:00,c70_28,control,error_rate,0
2026-01-02T11:29:00+00:00,c70_29,control,conversion,0
2026-01-02T11:29:00+00:00,c70_29,control,error_rate,0
2026-01-02T11:00:00+00:00,t70_0,treatment,conversion,1
2026-01-02T11:00:00+00:00,t70_0,treatment,error_rate,0
2026-01-02T11:01:00+00:00,t70_1,treatment,conversion,1
2026-01-02T11:01:00+00:00,t70_1,treatment,error_rate,0
2026-01-02T11:02:00+00:00,t70_2,treatment,conversion,0
2026-01-02T11:02:00+00:00,t70_2,treatment,error_rate,0
2026-01-02T11:03:00+00:00,t70_3,treatment,conversion,0
2026-01-02T11:03:00+00:00,t70_3,treatment,error_rate,0
2026-01-02T11:04:00+00:00,t70_4,treatment,conversion,0
2026-01-02T11:04:00+00:00,t70_4,treatment,error_rate,0
2026-01-02T11:05:00+00:00,t70_5,treatment,conversion,0
2026-01-02T11:05:00+00:00,t70_5,treatment,error_rate,0
2026-01-02T11:06:00+00:00,t70_6,treatment,conversion,0
2026-01-02T11:06:00+00:00,t70_6,treatment,error_rate,0
2026-01-02T11:07:00+00:00,t70_7,treatment,conversion,0
2026-01-02T11:07:00+00:00,t70_7,treatment,error_rate,0
2026-01-02T11:08:00+00:00,t70_8,treatment,conversion,0
2026-01-02T11:08:00+00:00,t70_8,treatment,error_rate,0
2026-01-02T11:09:00+00:00,t70_9,treatment,conversion,1
2026-01-02T11:09:00+00:00,t70_9,treatment,error_rate,0
2026-01-02T11:10:00+00:00,t70_10,treatment,conversion,0
2026-01-02T11:10:00+00:00,t70_10,treatment,error_rate,0
2026-01-02T11:11:00+00:00,t70_11,treatment,conversion,0
2026-01-02T11:11:00+00:00,t70_11,treatment,error_rate,0
2026-01-02T11:12:00+00:00,t70_12,treatment,conversion,1
2026-01-02T11:12:00+00:00,t70_12,treatment,error_rate,0
2026-01-02T11:13:00+00:00,t70_13,treatment,conversion,1
2026-01-02T11:13:00+00:00,t70_13,treatment,error_rate,0
2026-01-02T11:14:00+00:00,t70_14,treatment,conversion,1
2026-01-02T11:14:00+00:00,t70_14,treatment,error_rate,0
2026-01-02T11:15:00+00:00,t70_15,treatment,conversion,0
2026-01-02T11:15:00+00:00,t70_15,treatment,error_rate,0
2026-01-02T11:16:00+00:00,t70_16,treatment,conversion,1
2026-01-02T11:16:00+00:00,t70_16,treatment,error_rate,0
2026-01-02T11:17:00+00:00,t70_17,treatment,conversion,0
2026-01-02T11:17:00+00:00,t70_17,treatment,error_rate,0
2026-01-02T11:18:00+00:00,t70_18,treatment,conversion,0
2026-01-02T11:18:00+00:00,t70_18,treatment,error_rate,1
2026-01-02T11:19:00+00:00,t70_19,treatment,conversion,0
2026-01-02T11:19:00+00:00,t70_19,treatment,error_rate,1
2026-01-02T11:20:00+00:00,t70_20,treatment,conversion,1
2026-01-02T11:20:00+00:00,t70_20,treatment,error_rate,0
2026-01-02T11:21:00+00:00,t70_21,treatment,conversion,0
2026-01-02T11:21:00+00:00,t70_21,treatment,error_rate,0
2026-01-02T11:22:00+00:00,t70_22,treatment,conversion,0
2026-01-02T11:22:00+00:00,t70_22,treatment,error_rate,0
2026-01-02T11:23:00+00:00,t70_23,treatment,conversion,0
2026-01-02T11:23:00+00:00,t70_23,treatment,error_rate,0
2026-01-02T11:24:00+00:00,t70_24,treatment,conversion,0
2026-01-02T11:24:00+00:00,t70_24,treatment,error_rate,0
2026-01-02T11:25:00+00:00,t70_25,treatment,conversion,0
2026-01-02T11:25:00+00:00,t70_25,treatment,error_rate,0
2026-01-02T11:26:00+00:00,t70_26,treatment,conversion,0
2026-01-02T11:26:00+00:00,t70_26,treatment,error_rate,0
2026-01-02T11:27:00+00:00,t70_27,treatment,conversion,0
2026-01-02T11:27:00+00:00,t70_27,treatment,error_rate,0
2026-01-02T11:28:00+00:00,t70_28,treatment,conversion,0
2026-01-02T11:28:00+00:00,t70_28,treatment,error_rate,0
2026-01-02T11:29:00+00:00,t70_29,treatment,conversion,0
2026-01-02T11:29:00+00:00,t70_29,treatment,error_rate,0
2026-01-02T11:30:00+00:00,c71_0,control,conversion,0
2026-01-02T11:30:00+00:00,c71_0,control,error_rate,0
2026-01-02T11:31:00+00:00,c71_1,control,conversion,0
2026-01-02T11:31:00+00:00,c71_1,control,error_rate,0
2026-01-02T11:32:00+00:00,c71_2,control,conversion,0
2026-01-02T11:32:00+00:00,c71_2,control,error_rate,1
2026-01-02T11:33:00+00:00,c71_3,control,conversion,0
2026-01-02T11:33:00+00:00,c71_3,control,error_rate,0
2026-01-02T11:34:00+00:00,c71_4,control,conversion,0
2026-01-02T11:34:00+00:00,c71_4,control,error_rate,0
2026-01-02T11:35:00+00:00,c71_5,control,conversion,0
2026-01-02T11:35:00+00:00,c71_5,control,error_rate,0
2026-01-02T11:36:00+00:00,c71_6,control,conversion,0
2026-01-02T11:36:00+00:00,c71_6,control,error_rate,0
2026-01-02T11:37:00+00:00,c71_7,control,conversion,0
2026-01-02T11:37:00+00:00,c71_7,control,error_rate,0
2026-01-02T11:38:00+00:00,c71_8,control,conversion,0
2026-01-02T11:38:00+00:00,c71_8,control,error_rate,0
2026-01-02T11:39:00+00:00,c71_9,control,conversion,0
2026-01-02T11:39:00+00:00,c71_9,control,error_rate,0
2026-01-02T11:40:00+00:00,c71_10,control,conversion,0
2026-01-02T11:40:00+00:00,c71_10,control,error_rate,0
2026-01-02T11:41:00+00:00,c71_11,control,conversion,0
2026-01-02T11:41:00+00:00,c71_11,control,error_rate,0
2026-01-02T11:42:00+00:00,c71_12,control,conversion,0
2026-01-02T11:42:00+00:00,c71_12,control,error_rate,1
2026-01-02T11:43:00+00:00,c71_13,control,conversion,0
2026-01-02T11:43:00+00:00,c71_13,control,error_rate,0
2026-01-02T11:44:00+00:00,c71_14,control,conversion,0
2026-01-02T11:44:00+00:00,c71_14,control,error_rate,0
2026-01-02T11:45:00+00:00,c71_15,control,conversion,0
2026-01-02T11:45:00+00:00,c71_15,control,error_rate,0
2026-01-02T11:46:00+00:00,c71_16,control,conversion,0
2026-01-02T11:46:00+00:00,c71_16,control,error_rate,0
2026-01-02T11:47:00+00:00,c71_17,control,conversion,0
2026-01-02T11:47:00+00:00,c71_17,control,error_rate,1
2026-01-02T11:48:00+00:00,c71_18,control,conversion,0
2026-01-02T11:48:00+00:00,c71_18,control,error_rate,1
2026-01-02T11:49:00+00:00,c71_19,control,conversion,1
2026-01-02T11:49:00+00:00,c71_19,control,error_rate,0
2026-01-02T11:50:00+00:00,c71_20,control,conversion,0
2026-01-02T11:50:00+00:00,c71_20,control,error_rate,0
2026-01-02T11:51:00+00:00,c71_21,control,conversion,0
2026-01-02T11:51:00+00:00,c71_21,control,error_rate,0
2026-01-02T11:52:00+00:00,c71_22,control,conversion,0
2026-01-02T11:52:00+00:00,c71_22,control,error_rate,0
2026-01-02T11:53:00+00:00,c71_23,control,conversion,0
2026-01-02T11:53:00+00:00,c71_23,control,error_rate,0
2026-01-02T11:54:00+00:00,c71_24,control,conversion,0
2026-01-02T11:54:00+00:00,c71_24,control,error_rate,1
2026-01-02T11:55:00+00:00,c71_25,control,conversion,0
2026-01-02T11:55:00+00:00,c71_25,control,error_rate,0
2026-01-02T11:56:00+00:00,c71_26,control,conversion,1
2026-01-02T11:56:00+00:00,c71_26,control,error_rate,0
2026-01-02T11:57:00+00:00,c71_27,control,conversion,0
2026-01-02T11:57:00+00:00,c71_27,control,error_rate,1
2026-01-02T11:58:00+00:00,c71_28,control,conversion,0
2026-01-02T11:58:00+00:00,c71_28,control,error_rate,0
2026-01-02T11:59:00+00:00,c71_29,control,conversion,0
2026-01-02T11:59:00+00:00,c71_29,control,error_rate,0
2026-01-02T11:30:00+00:00,t71_0,treatment,conversion,1
2026-01-02T11:30:00+00:00,t71_0,treatment,error_rate,0
2026-01-02T11:31:00+00:00,t71_1,treatment,conversion,0
2026-01-02T11:31:00+00:00,t71_1,treatment,error_rate,0
2026-01-02T11:32:00+00:00,t71_2,treatment,conversion,0
2026-01-02T11:32:00+00:00,t71_2,treatment,error_rate,0
2026-01-02T11:33:00+00:00,t71_3,treatment,conversion,1
2026-01-02T11:33:00+00:00,t71_3,treatment,error_rate,0
2026-01-02T11:34:00+00:00,t71_4,treatment,conversion,0
2026-01-02T11:34:00+00:00,t71_4,treatment,error_rate,0
2026-01-02T11:35:00+00:00,t71_5,treatment,conversion,0
2026-01-02T11:35:00+00:00,t71_5,treatment,error_rate,0
2026-01-02T11:36:00+00:00,t71_6,treatment,conversion,0
2026-01-02T11:36:00+00:00,t71_6,treatment,error_rate,0
2026-01-02T11:37:00+00:00,t71_7,treatment,conversion,0
2026-01-02T11:37:00+00:00,t71_7,treatment,error_rate,0
2026-01-02T11:38:00+00:00,t71_8,treatment,conversion,0
2026-01-02T11:38:00+00:00,t71_8,treatment,error_rate,0
2026-01-02T11:39:00+00:00,t71_9,treatment,conversion,0
2026-01-02T11:39:00+00:00,t71_9,treatment,error_rate,0
2026-01-02T11:40:00+00:00,t71_10,treatment,conversion,0
2026-01-02T11:40:00+00:00,t71_10,treatment,error_rate,0
2026-01-02T11:41:00+00:00,t71_11,treatment,conversion,0
2026-01-02T11:41:00+00:00,t71_11,treatment,error_rate,1
2026-01-02T11:42:00+00:00,t71_12,treatment,conversion,1
2026-01-02T11:42:00+00:00,t71_12,treatment,error_rate,0
2026-01-02T11:43:00+00:00,t71_13,treatment,conversion,0
2026-01-02T11:43:00+00:00,t71_13,treatment,error_rate,0
2026-01-02T11:44:00+00:00,t71_14,treatment,conversion,1
2026-01-02T11:44:00+00:00,t71_14,treatment,error_rate,0
2026-01-02T11:45:00+00:00,t71_15,treatment,conversion,0
2026-01-02T11:45:00+00:00,t71_15,treatment,error_rate,0
2026-01-02T11:46:00+00:00,t71_16,treatment,conversion,0
2026-01-02T11:46:00+00:00,t71_16,treatment,error_rate,0
2026-01-02T11:47:00+00:00,t71_17,treatment,conversion,1
2026-01-02T11:47:00+00:00,t71_17,treatment,error_rate,0
2026-01-02T11:48:00+00:00,t71_18,treatment,conversion,0
2026-01-02T11:48:00+00:00,t71_18,treatment,error_rate,0
2026-01-02T11:49:00+00:00,t71_19,treatment,conversion,0
2026-01-02T11:49:00+00:00,t71_19,treatment,error_rate,0
2026-01-02T11:50:00+00:00,t71_20,treatment,conversion,0
2026-01-02T11:50:00+00:00,t71_20,treatment,error_rate,0
2026-01-02T11:51:00+00:00,t71_21,treatment,conversion,0
2026-01-02T11:51:00+00:00,t71_21,treatment,error_rate,0
2026-01-02T11:52:00+00:00,t71_22,treatment,conversion,0
2026-01-02T11:52:00+00:00,t71_22,treatment,error_rate,0
2026-01-02T11:53:00+00:00,t71_23,treatment,conversion,1
2026-01-02T11:53:00+00:00,t71_23,treatment,error_rate,1
2026-01-02T11:54:00+00:00,t71_24,treatment,conversion,0
2026-01-02T11:54:00+00:00,t71_24,treatment,error_rate,0
2026-01-02T11:55:00+00:00,t71_25,treatment,conversion,0
2026-01-02T11:55:00+00:00,t71_25,treatment,error_rate,0
2026-01-02T11:56:00+00:00,t71_26,treatment,conversion,0
2026-01-02T11:56:00+00:00,t71_26,treatment,error_rate,0
2026-01-02T11:57:00+00:00,t71_27,treatment,conversion,0
2026-01-02T11:57:00+00:00,t71_27,treatment,error_rate,0
2026-01-02T11:58:00+00:00,t71_28,treatment,conversion,1
2026-01-02T11:58:00+00:00,t71_28,treatment,error_rate,0
2026-01-02T11:59:00+00:00,t71_29,treatment,conversion,0
2026-01-02T11:59:00+00:00,t71_29,treatment,error_rate,0
2026-01-02T12:00:00+00:00,c72_0,control,conversion,0
2026-01-02T12:00:00+00:00,c72_0,control,error_rate,0
2026-01-02T12:01:00+00:00,c72_1,control,conversion,1
2026-01-02T12:01:00+00:00,c72_1,control,error_rate,0
2026-01-02T12:02:00+00:00,c72_2,control,conversion,0
2026-01-02T12:02:00+00:00,c72_2,control,error_rate,0
2026-01-02T12:03:00+00:00,c72_3,control,conversion,0
2026-01-02T12:03:00+00:00,c72_3,control,error_rate,0
2026-01-02T12:04:00+00:00,c72_4,control,conversion,0
2026-01-02T12:04:00+00:00,c72_4,control,error_rate,0
2026-01-02T12:05:00+00:00,c72_5,control,conversion,0
2026-01-02T12:05:00+00:00,c72_5,control,error_rate,1
2026-01-02T12:06:00+00:00,c72_6,control,conversion,0
2026-01-02T12:06:00+00:00,c72_6,control,error_rate,1
2026-01-02T12:07:00+00:00,c72_7,control,conversion,0
2026-01-02T12:07:00+00:00,c72_7,control,error_rate,0
2026-01-02T12:08:00+00:00,c72_8,control,conversion,1
2026-01-02T12:08:00+00:00,c72_8,control,error_rate,0
2026-01-02T12:09:00+00:00,c72_9,control,conversion,0
2026-01-02T12:09:00+00:00,c72_9,control,error_rate,1
2026-01-02T12:10:00+00:00,c72_10,control,conversion,0
2026-01-02T12:10:00+00:00,c72_10,control,error_rate,0
2026-01-02T12:11:00+00:00,c72_11,control,conversion,0
2026-01-02T12:11:00+00:00,c72_11,control,error_rate,0
2026-01-02T12:12:00+00:00,c72_12,control,conversion,0
2026-01-02T12:12:00+00:00,c72_12,control,error_rate,1
2026-01-02T12:13:00+00:00,c72_13,control,conversion,0
2026-01-02T12:13:00+00:00,c72_13,control,error_rate,0
2026-01-02T12:14:00+00:00,c72_14,control,conversion,0
2026-01-02T12:14:00+00:00,c72_14,control,error_rate,0
2026-01-02T12:15:00+00:00,c72_15,control,conversion,0
2026-01-02T12:15:00+00:00,c72_15,control,error_rate,1
2026-01-02T12:16:00+00:00,c72_16,control,conversion,0
2026-01-02T12:16:00+00:00,c72_16,control,error_rate,0
2026-01-02T12:17:00+00:00,c72_17,control,conversion,0
2026-01-02T12:17:00+00:00,c72_17,control,error_rate,0
2026-01-02T12:18:00+00:00,c72_18,control,conversion,0
2026-01-02T12:18:00+00:00,c72_18,control,error_rate,0
2026-01-02T12:19:00+00:00,c72_19,control,conversion,0
2026-01-02T12:19:00+00:00,c72_19,control,error_rate,0
2026-01-02T12:20:00+00:00,c72_20,control,conversion,0
2026-01-02T12:20:00+00:00,c72_20,control,error_rate,1
2026-01-02T12:21:00+00:00,c72_21,control,conversion,0
2026-01-02T12:21:00+00:00,c72_21,control,error_rate,0
2026-01-02T12:22:00+00:00,c72_22,control,conversion,0
2026-01-02T12:22:00+00:00,c72_22,control,error_rate,0
2026-01-02T12:23:00+00:00,c72_23,control,conversion,0
2026-01-02T12:23:00+00:00,c72_23,control,error_rate,0
2026-01-02T12:24:00+00:00,c72_24,control,conversion,1
2026-01-02T12:24:00+00:00,c72_24,control,error_rate,0
2026-01-02T12:25:00+00:00,c72_25,control,conversion,0
2026-01-02T12:25:00+00:00,c72_25,control,error_rate,0
2026-01-02T12:26:00+00:00,c72_26,control,conversion,0
2026-01-02T12:26:00+00:00,c72_26,control,error_rate,0
2026-01-02T12:27:00+00:00,c72_27,control,conversion,0
2026-01-02T12:27:00+00:00,c72_27,control,error_rate,0
2026-01-02T12:28:00+00:00,c72_28,control,conversion,0
2026-01-02T12:28:00+00:00,c72_28,control,error_rate,0
2026-01-02T12:29:00+00:00,c72_29,control,conversion,0
2026-01-02T12:29:00+00:00,c72_29,control,error_rate,0
2026-01-02T12:00:00+00:00,t72_0,treatment,conversion,0
2026-01-02T12:00:00+00:00,t72_0,treatment,error_rate,0
2026-01-02T12:01:00+00:00,t72_1,treatment,conversion,1
2026-01-02T12:01:00+00:00,t72_1,treatment,error_rate,0
2026-01-02T12:02:00+00:00,t72_2,treatment,conversion,0
2026-01-02T12:02:00+00:00,t72_2,treatment,error_rate,0
2026-01-02T12:03:00+00:00,t72_3,treatment,conversion,0
2026-01-02T12:03:00+00:00,t72_3,treatment,error_rate,0
2026-01-02T12:04:00+00:00,t72_4,treatment,conversion,0
2026-01-02T12:04:00+00:00,t72_4,treatment,error_rate,0
2026-01-02T12:05:00+00:00,t72_5,treatment,conversion,0
2026-01-02T12:05:00+00:00,t72_5,treatment,error_rate,0
2026-01-02T12:06:00+00:00,t72_6,treatment,conversion,0
2026-01-02T12:06:00+00:00,t72_6,treatment,error_rate,0
2026-01-02T12:07:00+00:00,t72_7,treatment,conversion,0
2026-01-02T12:07:00+00:00,t72_7,treatment,error_rate,0
2026-01-02T12:08:00+00:00,t72_8,treatment,conversion,0
2026-01-02T12:08:00+00:00,t72_8,treatment,error_rate,0
2026-01-02T12:09:00+00:00,t72_9,treatment,conversion,0
2026-01-02T12:09:00+00:00,t72_9,treatment,error_rate,0
2026-01-02T12:10:00+00:00,t72_10,treatment,conversion,0
2026-01-02T12:10:00+00:00,t72_10,treatment,error_rate,0
2026-01-02T12:11:00+00:00,t72_11,treatment,conversion,0
2026-01-02T12:11:00+00:00,t72_11,treatment,error_rate,1
2026-01-02T12:12:00+00:00,t72_12,treatment,conversion,0
2026-01-02T12:12:00+00:00,t72_12,treatment,error_rate,0
2026-01-02T12:13:00+00:00,t72_13,treatment,conversion,0
2026-01-02T12:13:00+00:00,t72_13,treatment,error_rate,0
2026-01-02T12:14:00+00:00,t72_14,treatment,conversion,1
2026-01-02T12:14:00+00:00,t72_14,treatment,error_rate,0
2026-01-02T12:15:00+00:00,t72_15,treatment,conversion,0
2026-01-02T12:15:00+00:00,t72_15,treatment,error_rate,0
2026-01-02T12:16:00+00:00,t72_16,treatment,conversion,0
2026-01-02T12:16:00+00:00,t72_16,treatment,error_rate,0
2026-01-02T12:17:00+00:00,t72_17,treatment,conversion,0
2026-01-02T12:17:00+00:00,t72_17,treatment,error_rate,0
2026-01-02T12:18:00+00:00,t72_18,treatment,conversion,0
2026-01-02T12:18:00+00:00,t72_18,treatment,error_rate,0
2026-01-02T12:19:00+00:00,t72_19,treatment,conversion,1
2026-01-02T12:19:00+00:00,t72_19,treatment,error_rate,1
2026-01-02T12:20:00+00:00,t72_20,treatment,conversion,0
2026-01-02T12:20:00+00:00,t72_20,treatment,error_rate,0
2026-01-02T12:21:00+00:00,t72_21,treatment,conversion,0
2026-01-02T12:21:00+00:00,t72_21,treatment,error_rate,0
2026-01-02T12:22:00+00:00,t72_22,treatment,conversion,0
2026-01-02T12:22:00+00:00,t72_22,treatment,error_rate,1
2026-01-02T12:23:00+00:00,t72_23,treatment,conversion,0
2026-01-02T12:23:00+00:00,t72_23,treatment,error_rate,0
2026-01-02T12:24:00+00:00,t72_24,treatment,conversion,1
2026-01-02T12:24:00+00:00,t72_24,treatment,error_rate,0
2026-01-02T12:25:00+00:00,t72_25,treatment,conversion,0
2026-01-02T12:25:00+00:00,t72_25,treatment,error_rate,1
2026-01-02T12:26:00+00:00,t72_26,treatment,conversion,0
2026-01-02T12:26:00+00:00,t72_26,treatment,error_rate,0
2026-01-02T12:27:00+00:00,t72_27,treatment,conversion,0
2026-01-02T12:27:00+00:00,t72_27,treatment,error_rate,0
2026-01-02T12:28:00+00:00,t72_28,treatment,conversion,1
2026-01-02T12:28:00+00:00,t72_28,treatment,error_rate,0
2026-01-02T12:29:00+00:00,t72_29,treatment,conversion,0
2026-01-02T12:29:00+00:00,t72_29,treatment,error_rate,0
2026-01-02T12:30:00+00:00,c73_0,control,conversion,0
2026-01-02T12:30:00+00:00,c73_0,control,error_rate,0
2026-01-02T12:31:00+00:00,c73_1,control,conversion,0
2026-01-02T12:31:00+00:00,c73_1,control,error_rate,0
2026-01-02T12:32:00+00:00,c73_2,control,conversion,0
2026-01-02T12:32:00+00:00,c73_2,control,error_rate,0
2026-01-02T12:33:00+00:00,c73_3,control,conversion,0
2026-01-02T12:33:00+00:00,c73_3,control,error_rate,1
2026-01-02T12:34:00+00:00,c73_4,control,conversion,0
2026-01-02T12:34:00+00:00,c73_4,control,error_rate,0
2026-01-02T12:35:00+00:00,c73_5,control,conversion,0
2026-01-02T12:35:00+00:00,c73_5,control,error_rate,1
2026-01-02T12:36:00+00:00,c73_6,control,conversion,0
2026-01-02T12:36:00+00:00,c73_6,control,error_rate,1
2026-01-02T12:37:00+00:00,c73_7,control,conversion,0
2026-01-02T12:37:00+00:00,c73_7,control,error_rate,0
2026-01-02T12:38:00+00:00,c73_8,control,conversion,0
2026-01-02T12:38:00+00:00,c73_8,control,error_rate,0
2026-01-02T12:39:00+00:00,c73_9,control,conversion,0
2026-01-02T12:39:00+00:00,c73_9,control,error_rate,0
2026-01-02T12:40:00+00:00,c73_10,control,conversion,0
2026-01-02T12:40:00+00:00,c73_10,control,error_rate,0
2026-01-02T12:41:00+00:00,c73_11,control,conversion,1
2026-01-02T12:41:00+00:00,c73_11,control,error_rate,0
2026-01-02T12:42:00+00:00,c73_12,control,conversion,0
2026-01-02T12:42:00+00:00,c73_12,control,error_rate,0
2026-01-02T12:43:00+00:00,c73_13,control,conversion,0
2026-01-02T12:43:00+00:00,c73_13,control,error_rate,0
2026-01-02T12:44:00+00:00,c73_14,control,conversion,0
2026-01-02T12:44:00+00:00,c73_14,control,error_rate,0
2026-01-02T12:45:00+00:00,c73_15,control,conversion,1
2026-01-02T12:45:00+00:00,c73_15,control,error_rate,0
2026-01-02T12:46:00+00:00,c73_16,control,conversion,0
2026-01-02T12:46:00+00:00,c73_16,control,error_rate,0
2026-01-02T12:47:00+00:00,c73_17,control,conversion,0
2026-01-02T12:47:00+00:00,c73_17,control,error_rate,0
2026-01-02T12:48:00+00:00,c73_18,control,conversion,0
2026-01-02T12:48:00+00:00,c73_18,control,error_rate,0
2026-01-02T12:49:00+00:00,c73_19,control,conversion,1
2026-01-02T12:49:00+00:00,c73_19,control,error_rate,0
2026-01-02T12:50:00+00:00,c73_20,control,conversion,0
2026-01-02T12:50:00+00:00,c73_20,control,error_rate,0
2026-01-02T12:51:00+00:00,c73_21,control,conversion,0
2026-01-02T12:51:00+00:00,c73_21,control,error_rate,0
2026-01-02T12:52:00+00:00,c73_22,control,conversion,0
2026-01-02T12:52:00+00:00,c73_22,control,error_rate,0
2026-01-02T12:53:00+00:00,c73_23,control,conversion,0
2026-01-02T12:53:00+00:00,c73_23,control,error_rate,0
2026-01-02T12:54:00+00:00,c73_24,control,conversion,0
2026-01-02T12:54:00+00:00,c73_24,control,error_rate,0
2026-01-02T12:55:00+00:00,c73_25,control,conversion,0
2026-01-02T12:55:00+00:00,c73_25,control,error_rate,0
2026-01-02T12:56:00+00:00,c73_26,control,conversion,0
2026-01-02T12:56:00+00:00,c73_26,control,error_rate,0
2026-01-02T12:57:00+00:00,c73_27,control,conversion,0
2026-01-02T12:57:00+00:00,c73_27,control,error_rate,0
2026-01-02T12:58:00+00:00,c73_28,control,conversion,0
2026-01-02T12:58:00+00:00,c73_28,control,error_rate,0
2026-01-02T12:59:00+00:00,c73_29,control,conversion,1
2026-01-02T12:59:00+00:00,c73_29,control,error_rate,0
2026-01-02T12:30:00+00:00,t73_0,treatment,conversion,1
2026-01-02T12:30:00+00:00,t73_0,treatment,error_rate,0
2026-01-02T12:31:00+00:00,t73_1,treatment,conversion,0
2026-01-02T12:31:00+00:00,t73_1,treatment,error_rate,0
2026-01-02T12:32:00+00:00,t73_2,treatment,conversion,0
2026-01-02T12:32:00+00:00,t73_2,treatment,error_rate,0
2026-01-02T12:33:00+00:00,t73_3,treatment,conversion,0
2026-01-02T12:33:00+00:00,t73_3,treatment,error_rate,0
2026-01-02T12:34:00+00:00,t73_4,treatment,conversion,0
2026-01-02T12:34:00+00:00,t73_4,treatment,error_rate,0
2026-01-02T12:35:00+00:00,t73_5,treatment,conversion,0
2026-01-02T12:35:00+00:00,t73_5,treatment,error_rate,0
2026-01-02T12:36:00+00:00,t73_6,treatment,conversion,0
2026-01-02T12:36:00+00:00,t73_6,treatment,error_rate,0
2026-01-02T12:37:00+00:00,t73_7,treatment,conversion,0
2026-01-02T12:37:00+00:00,t73_7,treatment,error_rate,0
2026-01-02T12:38:00+00:00,t73_8,treatment,conversion,0
2026-01-02T12:38:00+00:00,t73_8,treatment,error_rate,0
2026-01-02T12:39:00+00:00,t73_9,treatment,conversion,0
2026-01-02T12:39:00+00:00,t73_9,treatment,error_rate,1
2026-01-02T12:40:00+00:00,t73_10,treatment,conversion,0
2026-01-02T12:40:00+00:00,t73_10,treatment,error_rate,0
2026-01-02T12:41:00+00:00,t73_11,treatment,conversion,0
2026-01-02T12:41:00+00:00,t73_11,treatment,error_rate,0
2026-01-02T12:42:00+00:00,t73_12,treatment,conversion,0
2026-01-02T12:42:00+00:00,t73_12,treatment,error_rate,0
2026-01-02T12:43:00+00:00,t73_13,treatment,conversion,0
2026-01-02T12:43:00+00:00,t73_13,treatment,error_rate,0
2026-01-02T12:44:00+00:00,t73_14,treatment,conversion,0
2026-01-02T12:44:00+00:00,t73_14,treatment,error_rate,0
2026-01-02T12:45:00+00:00,t73_15,treatment,conversion,0
2026-01-02T12:45:00+00:00,t73_15,treatment,error_rate,0
2026-01-02T12:46:00+00:00,t73_16,treatment,conversion,0
2026-01-02T12:46:00+00:00,t73_16,treatment,error_rate,0
2026-01-02T12:47:00+00:00,t73_17,treatment,conversion,1
2026-01-02T12:47:00+00:00,t73_17,treatment,error_rate,0
2026-01-02T12:48:00+00:00,t73_18,treatment,conversion,0
2026-01-02T12:48:00+00:00,t73_18,treatment,error_rate,0
2026-01-02T12:49:00+00:00,t73_19,treatment,conversion,0
2026-01-02T12:49:00+00:00,t73_19,treatment,error_rate,0
2026-01-02T12:50:00+00:00,t73_20,treatment,conversion,0
2026-01-02T12:50:00+00:00,t73_20,treatment,error_rate,0
2026-01-02T12:51:00+00:00,t73_21,treatment,conversion,0
2026-01-02T12:51:00+00:00,t73_21,treatment,error_rate,0
2026-01-02T12:52:00+00:00,t73_22,treatment,conversion,1
2026-01-02T12:52:00+00:00,t73_22,treatment,error_rate,0
2026-01-02T12:53:00+00:00,t73_23,treatment,conversion,1
2026-01-02T12:53:00+00:00,t73_23,treatment,error_rate,0
2026-01-02T12:54:00+00:00,t73_24,treatment,conversion,0
2026-01-02T12:54:00+00:00,t73_24,treatment,error_rate,0
2026-01-02T12:55:00+00:00,t73_25,treatment,conversion,1
2026-01-02T12:55:00+00:00,t73_25,treatment,error_rate,0
2026-01-02T12:56:00+00:00,t73_26,treatment,conversion,0
2026-01-02T12:56:00+00:00,t73_26,treatment,error_rate,0
2026-01-02T12:57:00+00:00,t73_27,treatment,conversion,0
2026-01-02T12:57:00+00:00,t73_27,treatment,error_rate,1
2026-01-02T12:58:00+00:00,t73_28,treatment,conversion,1
2026-01-02T12:58:00+00:00,t73_28,treatment,error_rate,0
2026-01-02T12:59:00+00:00,t73_29,treatment,conversion,0
2026-01-02T12:59:00+00:00,t73_29,treatment,error_rate,0
2026-01-02T13:00:00+00:00,c74_0,control,conversion,0
2026-01-02T13:00:00+00:00,c74_0,control,error_rate,1
2026-01-02T13:01:00+00:00,c74_1,control,conversion,0
2026-01-02T13:01:00+00:00,c74_1,control,error_rate,0
2026-01-02T13:02:00+00:00,c74_2,control,conversion,0
2026-01-02T13:02:00+00:00,c74_2,control,error_rate,0
2026-01-02T13:03:00+00:00,c74_3,control,conversion,0
2026-01-02T13:03:00+00:00,c74_3,control,error_rate,0
2026-01-02T13:04:00+00:00,c74_4,control,conversion,0
2026-01-02T13:04:00+00:00,c74_4,control,error_rate,1
2026-01-02T13:05:00+00:00,c74_5,control,conversion,0
2026-01-02T13:05:00+00:00,c74_5,control,error_rate,0
2026-01-02T13:06:00+00:00,c74_6,control,conversion,0
2026-01-02T13:06:00+00:00,c74_6,control,error_rate,0
2026-01-02T13:07:00+00:00,c74_7,control,conversion,0
2026-01-02T13:07:00+00:00,c74_7,control,error_rate,1
2026-01-02T13:08:00+00:00,c74_8,control,conversion,0
2026-01-02T13:08:00+00:00,c74_8,control,error_rate,0
2026-01-02T13:09:00+00:00,c74_9,control,conversion,0
2026-01-02T13:09:00+00:00,c74_9,control,error_rate,0
2026-01-02T13:10:00+00:00,c74_10,control,conversion,0
2026-01-02T13:10:00+00:00,c74_10,control,error_rate,0
2026-01-02T13:11:00+00:00,c74_11,control,conversion,0
2026-01-02T13:11:00+00:00,c74_11,control,error_rate,0
2026-01-02T13:12:00+00:00,c74_12,control,conversion,0
2026-01-02T13:12:00+00:00,c74_12,control,error_rate,0
2026-01-02T13:13:00+00:00,c74_13,control,conversion,0
2026-01-02T13:13:00+00:00,c74_13,control,error_rate,0
2026-01-02T13:14:00+00:00,c74_14,control,conversion,1
2026-01-02T13:14:00+00:00,c74_14,control,error_rate,0
2026-01-02T13:15:00+00:00,c74_15,control,conversion,0
2026-01-02T13:15:00+00:00,c74_15,control,error_rate,0
2026-01-02T13:16:00+00:00,c74_16,control,conversion,0
2026-01-02T13:16:00+00:00,c74_16,control,error_rate,1
2026-01-02T13:17:00+00:00,c74_17,control,conversion,0
2026-01-02T13:17:00+00:00,c74_17,control,error_rate,0
2026-01-02T13:18:00+00:00,c74_18,control,conversion,0
2026-01-02T13:18:00+00:00,c74_18,control,error_rate,0
2026-01-02T13:19:00+00:00,c74_19,control,conversion,0
2026-01-02T13:19:00+00:00,c74_19,control,error_rate,0
2026-01-02T13:20:00+00:00,c74_20,control,conversion,0
2026-01-02T13:20:00+00:00,c74_20,control,error_rate,0
2026-01-02T13:21:00+00:00,c74_21,control,conversion,0
2026-01-02T13:21:00+00:00,c74_21,control,error_rate,0
2026-01-02T13:22:00+00:00,c74_22,control,conversion,0
2026-01-02T13:22:00+00:00,c74_22,control,error_rate,1
2026-01-02T13:23:00+00:00,c74_23,control,conversion,0
2026-01-02T13:23:00+00:00,c74_23,control,error_rate,0
2026-01-02T13:24:00+00:00,c74_24,control,conversion,0
2026-01-02T13:24:00+00:00,c74_24,control,error_rate,0
2026-01-02T13:25:00+00:00,c74_25,control,conversion,0
2026-01-02T13:25:00+00:00,c74_25,control,error_rate,0
2026-01-02T13:26:00+00:00,c74_26,control,conversion,0
2026-01-02T13:26:00+00:00,c74_26,control,error_rate,0
2026-01-02T13:27:00+00:00,c74_27,control,conversion,0
2026-01-02T13:27:00+00:00,c74_27,control,error_rate,0
2026-01-02T13:28:00+00:00,c74_28,control,conversion,0
2026-01-02T13:28:00+00:00,c74_28,control,error_rate,0
2026-01-02T13:29:00+00:00,c74_29,control,conversion,1
2026-01-02T13:29:00+00:00,c74_29,control,error_rate,0
2026-01-02T13:00:00+00:00,t74_0,treatment,conversion,1
2026-01-02T13:00:00+00:00,t74_0,treatment,error_rate,0
2026-01-02T13:01:00+00:00,t74_1,treatment,conversion,1
2026-01-02T13:01:00+00:00,t74_1,treatment,error_rate,0
2026-01-02T13:02:00+00:00,t74_2,treatment,conversion,0
2026-01-02T13:02:00+00:00,t74_2,treatment,error_rate,0
2026-01-02T13:03:00+00:00,t74_3,treatment,conversion,1
2026-01-02T13:03:00+00:00,t74_3,treatment,error_rate,0
2026-01-02T13:04:00+00:00,t74_4,treatment,conversion,0
2026-01-02T13:04:00+00:00,t74_4,treatment,error_rate,1
2026-01-02T13:05:00+00:00,t74_5,treatment,conversion,0
2026-01-02T13:05:00+00:00,t74_5,treatment,error_rate,0
2026-01-02T13:06:00+00:00,t74_6,treatment,conversion,1
2026-01-02T13:06:00+00:00,t74_6,treatment,error_rate,0
2026-01-02T13:07:00+00:00,t74_7,treatment,conversion,0
2026-01-02T13:07:00+00:00,t74_7,treatment,error_rate,0
2026-01-02T13:08:00+00:00,t74_8,treatment,conversion,0
2026-01-02T13:08:00+00:00,t74_8,treatment,error_rate,0
2026-01-02T13:09:00+00:00,t74_9,treatment,conversion,0
2026-01-02T13:09:00+00:00,t74_9,treatment,error_rate,0
2026-01-02T13:10:00+00:00,t74_10,treatment,conversion,0
2026-01-02T13:10:00+00:00,t74_10,treatment,error_rate,0
2026-01-02T13:11:00+00:00,t74_11,treatment,conversion,0
2026-01-02T13:11:00+00:00,t74_11,treatment,error_rate,0
2026-01-02T13:12:00+00:00,t74_12,treatment,conversion,0
2026-01-02T13:12:00+00:00,t74_12,treatment,error_rate,1
2026-01-02T13:13:00+00:00,t74_13,treatment,conversion,0
2026-01-02T13:13:00+00:00,t74_13,treatment,error_rate,0
2026-01-02T13:14:00+00:00,t74_14,treatment,conversion,0
2026-01-02T13:14:00+00:00,t74_14,treatment,error_rate,0
2026-01-02T13:15:00+00:00,t74_15,treatment,conversion,0
2026-01-02T13:15:00+00:00,t74_15,treatment,error_rate,0
2026-01-02T13:16:00+00:00,t74_16,treatment,conversion,0
2026-01-02T13:16:00+00:00,t74_16,treatment,error_rate,1
2026-01-02T13:17:00+00:00,t74_17,treatment,conversion,1
2026-01-02T13:17:00+00:00,t74_17,treatment,error_rate,1
2026-01-02T13:18:00+00:00,t74_18,treatment,conversion,0
2026-01-02T13:18:00+00:00,t74_18,treatment,error_rate,0
2026-01-02T13:19:00+00:00,t74_19,treatment,conversion,0
2026-01-02T13:19:00+00:00,t74_19,treatment,error_rate,0
2026-01-02T13:20:00+00:00,t74_20,treatment,conversion,0
2026-01-02T13:20:00+00:00,t74_20,treatment,error_rate,0
2026-01-02T13:21:00+00:00,t74_21,treatment,conversion,0
2026-01-02T13:21:00+00:00,t74_21,treatment,error_rate,0
2026-01-02T13:22:00+00:00,t74_22,treatment,conversion,0
2026-01-02T13:22:00+00:00,t74_22,treatment,error_rate,0
2026-01-02T13:23:00+00:00,t74_23,treatment,conversion,0
2026-01-02T13:23:00+00:00,t74_23,treatment,error_rate,1
2026-01-02T13:24:00+00:00,t74_24,treatment,conversion,1
2026-01-02T13:24:00+00:00,t74_24,treatment,error_rate,0
2026-01-02T13:25:00+00:00,t74_25,treatment,conversion,1
2026-01-02T13:25:00+00:00,t74_25,treatment,error_rate,0
2026-01-02T13:26:00+00:00,t74_26,treatment,conversion,0
2026-01-02T13:26:00+00:00,t74_26,treatment,error_rate,1
2026-01-02T13:27:00+00:00,t74_27,treatment,conversion,0
2026-01-02T13:27:00+00:00,t74_27,treatment,error_rate,0
2026-01-02T13:28:00+00:00,t74_28,treatment,conversion,0
2026-01-02T13:28:00+00:00,t74_28,treatment,error_rate,0
2026-01-02T13:29:00+00:00,t74_29,treatment,conversion,0
2026-01-02T13:29:00+00:00,t74_29,treatment,error_rate,0
2026-01-02T13:30:00+00:00,c75_0,control,conversion,0
2026-01-02T13:30:00+00:00,c75_0,control,error_rate,0
2026-01-02T13:31:00+00:00,c75_1,control,conversion,0
2026-01-02T13:31:00+00:00,c75_1,control,error_rate,0
2026-01-02T13:32:00+00:00,c75_2,control,conversion,0
2026-01-02T13:32:00+00:00,c75_2,control,error_rate,0
2026-01-02T13:33:00+00:00,c75_3,control,conversion,0
2026-01-02T13:33:00+00:00,c75_3,control,error_rate,0
2026-01-02T13:34:00+00:00,c75_4,control,conversion,0
2026-01-02T13:34:00+00:00,c75_4,control,error_rate,0
2026-01-02T13:35:00+00:00,c75_5,control,conversion,0
2026-01-02T13:35:00+00:00,c75_5,control,error_rate,1
2026-01-02T13:36:00+00:00,c75_6,control,conversion,0
2026-01-02T13:36:00+00:00,c75_6,control,error_rate,0
2026-01-02T13:37:00+00:00,c75_7,control,conversion,0
2026-01-02T13:37:00+00:00,c75_7,control,error_rate,0
2026-01-02T13:38:00+00:00,c75_8,control,conversion,0
2026-01-02T13:38:00+00:00,c75_8,control,error_rate,0
2026-01-02T13:39:00+00:00,c75_9,control,conversion,0
2026-01-02T13:39:00+00:00,c75_9,control,error_rate,0
2026-01-02T13:40:00+00:00,c75_10,control,conversion,0
2026-01-02T13:40:00+00:00,c75_10,control,error_rate,0
2026-01-02T13:41:00+00:00,c75_11,control,conversion,0
2026-01-02T13:41:00+00:00,c75_11,control,error_rate,1
2026-01-02T13:42:00+00:00,c75_12,control,conversion,0
2026-01-02T13:42:00+00:00,c75_12,control,error_rate,0
2026-01-02T13:43:00+00:00,c75_13,control,conversion,0
2026-01-02T13:43:00+00:00,c75_13,control,error_rate,0
2026-01-02T13:44:00+00:00,c75_14,control,conversion,0
2026-01-02T13:44:00+00:00,c75_14,control,error_rate,1
2026-01-02T13:45:00+00:00,c75_15,control,conversion,0
2026-01-02T13:45:00+00:00,c75_15,control,error_rate,0
2026-01-02T13:46:00+00:00,c75_16,control,conversion,0
2026-01-02T13:46:00+00:00,c75_16,control,error_rate,0
2026-01-02T13:47:00+00:00,c75_17,control,conversion,1
2026-01-02T13:47:00+00:00,c75_17,control,error_rate,0
2026-01-02T13:48:00+00:00,c75_18,control,conversion,0
2026-01-02T13:48:00+00:00,c75_18,control,error_rate,0
2026-01-02T13:49:00+00:00,c75_19,control,conversion,0
2026-01-02T13:49:00+00:00,c75_19,control,error_rate,0
2026-01-02T13:50:00+00:00,c75_20,control,conversion,0
2026-01-02T13:50:00+00:00,c75_20,control,error_rate,0
2026-01-02T13:51:00+00:00,c75_21,control,conversion,0
2026-01-02T13:51:00+00:00,c75_21,control,error_rate,0
2026-01-02T13:52:00+00:00,c75_22,control,conversion,1
2026-01-02T13:52:00+00:00,c75_22,control,error_rate,0
2026-01-02T13:53:00+00:00,c75_23,control,conversion,0
2026-01-02T13:53:00+00:00,c75_23,control,error_rate,0
2026-01-02T13:54:00+00:00,c75_24,control,conversion,0
2026-01-02T13:54:00+00:00,c75_24,control,error_rate,0
2026-01-02T13:55:00+00:00,c75_25,control,conversion,0
2026-01-02T13:55:00+00:00,c75_25,control,error_rate,0
2026-01-02T13:56:00+00:00,c75_26,control,conversion,0
2026-01-02T13:56:00+00:00,c75_26,control,error_rate,0
2026-01-02T13:57:00+00:00,c75_27,control,conversion,0
2026-01-02T13:57:00+00:00,c75_27,control,error_rate,0
2026-01-02T13:58:00+00:00,c75_28,control,conversion,0
2026-01-02T13:58:00+00:00,c75_28,control,error_rate,0
2026-01-02T13:59:00+00:00,c75_29,control,conversion,0
2026-01-02T13:59:00+00:00,c75_29,control,error_rate,0
2026-01-02T13:30:00+00:00,t75_0,treatment,conversion,0
2026-01-02T13:30:00+00:00,t75_0,treatment,error_rate,0
2026-01-02T13:31:00+00:00,t75_1,treatment,conversion,1
2026-01-02T13:31:00+00:00,t75_1,treatment,error_rate,0
2026-01-02T13:32:00+00:00,t75_2,treatment,conversion,1
2026-01-02T13:32:00+00:00,t75_2,treatment,error_rate,0
2026-01-02T13:33:00+00:00,t75_3,treatment,conversion,0
2026-01-02T13:33:00+00:00,t75_3,treatment,error_rate,0
2026-01-02T13:34:00+00:00,t75_4,treatment,conversion,0
2026-01-02T13:34:00+00:00,t75_4,treatment,error_rate,0
2026-01-02T13:35:00+00:00,t75_5,treatment,conversion,0
2026-01-02T13:35:00+00:00,t75_5,treatment,error_rate,0
2026-01-02T13:36:00+00:00,t75_6,treatment,conversion,0
2026-01-02T13:36:00+00:00,t75_6,treatment,error_rate,0
2026-01-02T13:37:00+00:00,t75_7,treatment,conversion,0
2026-01-02T13:37:00+00:00,t75_7,treatment,error_rate,0
2026-01-02T13:38:00+00:00,t75_8,treatment,conversion,0
2026-01-02T13:38:00+00:00,t75_8,treatment,error_rate,0
2026-01-02T13:39:00+00:00,t75_9,treatment,conversion,0
2026-01-02T13:39:00+00:00,t75_9,treatment,error_rate,0
2026-01-02T13:40:00+00:00,t75_10,treatment,conversion,0
2026-01-02T13:40:00+00:00,t75_10,treatment,error_rate,0
2026-01-02T13:41:00+00:00,t75_11,treatment,conversion,1
2026-01-02T13:41:00+00:00,t75_11,treatment,error_rate,0
2026-01-02T13:42:00+00:00,t75_12,treatment,conversion,1
2026-01-02T13:42:00+00:00,t75_12,treatment,error_rate,0
2026-01-02T13:43:00+00:00,t75_13,treatment,conversion,0
2026-01-02T13:43:00+00:00,t75_13,treatment,error_rate,0
2026-01-02T13:44:00+00:00,t75_14,treatment,conversion,0
2026-01-02T13:44:00+00:00,t75_14,treatment,error_rate,0
2026-01-02T13:45:00+00:00,t75_15,treatment,conversion,0
2026-01-02T13:45:00+00:00,t75_15,treatment,error_rate,0
2026-01-02T13:46:00+00:00,t75_16,treatment,conversion,0
2026-01-02T13:46:00+00:00,t75_16,treatment,error_rate,0
2026-01-02T13:47:00+00:00,t75_17,treatment,conversion,1
2026-01-02T13:47:00+00:00,t75_17,treatment,error_rate,0
2026-01-02T13:48:00+00:00,t75_18,treatment,conversion,0
2026-01-02T13:48:00+00:00,t75_18,treatment,error_rate,1
2026-01-02T13:49:00+00:00,t75_19,treatment,conversion,0
2026-01-02T13:49:00+00:00,t75_19,treatment,error_rate,0
2026-01-02T13:50:00+00:00,t75_20,treatment,conversion,0
2026-01-02T13:50:00+00:00,t75_20,treatment,error_rate,0
2026-01-02T13:51:00+00:00,t75_21,treatment,conversion,0
2026-01-02T13:51:00+00:00,t75_21,treatment,error_rate,0
2026-01-02T13:52:00+00:00,t75_22,treatment,conversion,0
2026-01-02T13:52:00+00:00,t75_22,treatment,error_rate,0
2026-01-02T13:53:00+00:00,t75_23,treatment,conversion,0
2026-01-02T13:53:00+00:00,t75_23,treatment,error_rate,0
2026-01-02T13:54:00+00:00,t75_24,treatment,conversion,0
2026-01-02T13:54:00+00:00,t75_24,treatment,error_rate,1
2026-01-02T13:55:00+00:00,t75_25,treatment,conversion,0
2026-01-02T13:55:00+00:00,t75_25,treatment,error_rate,0
2026-01-02T13:56:00+00:00,t75_26,treatment,conversion,1
2026-01-02T13:56:00+00:00,t75_26,treatment,error_rate,1
2026-01-02T13:57:00+00:00,t75_27,treatment,conversion,0
2026-01-02T13:57:00+00:00,t75_27,treatment,error_rate,0
2026-01-02T13:58:00+00:00,t75_28,treatment,conversion,0
2026-01-02T13:58:00+00:00,t75_28,treatment,error_rate,0
2026-01-02T13:59:00+00:00,t75_29,treatment,conversion,0
2026-01-02T13:59:00+00:00,t75_29,treatment,error_rate,0
2026-01-02T14:00:00+00:00,c76_0,control,conversion,0
2026-01-02T14:00:00+00:00,c76_0,control,error_rate,1
2026-01-02T14:01:00+00:00,c76_1,control,conversion,0
2026-01-02T14:01:00+00:00,c76_1,control,error_rate,1
2026-01-02T14:02:00+00:00,c76_2,control,conversion,0
2026-01-02T14:02:00+00:00,c76_2,control,error_rate,0
2026-01-02T14:03:00+00:00,c76_3,control,conversion,0
2026-01-02T14:03:00+00:00,c76_3,control,error_rate,0
2026-01-02T14:04:00+00:00,c76_4,control,conversion,0
2026-01-02T14:04:00+00:00,c76_4,control,error_rate,0
2026-01-02T14:05:00+00:00,c76_5,control,conversion,0
2026-01-02T14:05:00+00:00,c76_5,control,error_rate,0
2026-01-02T14:06:00+00:00,c76_6,control,conversion,0
2026-01-02T14:06:00+00:00,c76_6,control,error_rate,0
2026-01-02T14:07:00+00:00,c76_7,control,conversion,0
2026-01-02T14:07:00+00:00,c76_7,control,error_rate,0
2026-01-02T14:08:00+00:00,c76_8,control,conversion,1
2026-01-02T14:08:00+00:00,c76_8,control,error_rate,0
2026-01-02T14:09:00+00:00,c76_9,control,conversion,0
2026-01-02T14:09:00+00:00,c76_9,control,error_rate,0
2026-01-02T14:10:00+00:00,c76_10,control,conversion,0
2026-01-02T14:10:00+00:00,c76_10,control,error_rate,0
2026-01-02T14:11:00+00:00,c76_11,control,conversion,0
2026-01-02T14:11:00+00:00,c76_11,control,error_rate,0
2026-01-02T14:12:00+00:00,c76_12,control,conversion,0
2026-01-02T14:12:00+00:00,c76_12,control,error_rate,0
2026-01-02T14:13:00+00:00,c76_13,control,conversion,0
2026-01-02T14:13:00+00:00,c76_13,control,error_rate,0
2026-01-02T14:14:00+00:00,c76_14,control,conversion,0
2026-01-02T14:14:00+00:00,c76_14,control,error_rate,0
2026-01-02T14:15:00+00:00,c76_15,control,conversion,0
2026-01-02T14:15:00+00:00,c76_15,control,error_rate,0
2026-01-02T14:16:00+00:00,c76_16,control,conversion,0
2026-01-02T14:16:00+00:00,c76_16,control,error_rate,0
2026-01-02T14:17:00+00:00,c76_17,control,conversion,0
2026-01-02T14:17:00+00:00,c76_17,control,error_rate,0
2026-01-02T14:18:00+00:00,c76_18,control,conversion,0
2026-01-02T14:18:00+00:00,c76_18,control,error_rate,0
2026-01-02T14:19:00+00:00,c76_19,control,conversion,0
2026-01-02T14:19:00+00:00,c76_19,control,error_rate,0
2026-01-02T14:20:00+00:00,c76_20,control,conversion,0
2026-01-02T14:20:00+00:00,c76_20,control,error_rate,0
2026-01-02T14:21:00+00:00,c76_21,control,conversion,0
2026-01-02T14:21:00+00:00,c76_21,control,error_rate,0
2026-01-02T14:22:00+00:00,c76_22,control,conversion,1
2026-01-02T14:22:00+00:00,c76_22,control,error_rate,0
2026-01-02T14:23:00+00:00,c76_23,control,conversion,0
2026-01-02T14:23:00+00:00,c76_23,control,error_rate,0
2026-01-02T14:24:00+00:00,c76_24,control,conversion,0
2026-01-02T14:24:00+00:00,c76_24,control,error_rate,0
2026-01-02T14:25:00+00:00,c76_25,control,conversion,0
2026-01-02T14:25:00+00:00,c76_25,control,error_rate,0
2026-01-02T14:26:00+00:00,c76_26,control,conversion,1
2026-01-02T14:26:00+00:00,c76_26,control,error_rate,0
2026-01-02T14:27:00+00:00,c76_27,control,conversion,0
2026-01-02T14:27:00+00:00,c76_27,control,error_rate,0
2026-01-02T14:28:00+00:00,c76_28,control,conversion,0
2026-01-02T14:28:00+00:00,c76_28,control,error_rate,0
2026-01-02T14:29:00+00:00,c76_29,control,conversion,0
2026-01-02T14:29:00+00:00,c76_29,control,error_rate,1
2026-01-02T14:00:00+00:00,t76_0,treatment,conversion,0
2026-01-02T14:00:00+00:00,t76_0,treatment,error_rate,0
2026-01-02T14:01:00+00:00,t76_1,treatment,conversion,0
2026-01-02T14:01:00+00:00,t76_1,treatment,error_rate,0
2026-01-02T14:02:00+00:00,t76_2,treatment,conversion,1
2026-01-02T14:02:00+00:00,t76_2,treatment,error_rate,0
2026-01-02T14:03:00+00:00,t76_3,treatment,conversion,0
2026-01-02T14:03:00+00:00,t76_3,treatment,error_rate,0
2026-01-02T14:04:00+00:00,t76_4,treatment,conversion,1
2026-01-02T14:04:00+00:00,t76_4,treatment,error_rate,0
2026-01-02T14:05:00+00:00,t76_5,treatment,conversion,0
2026-01-02T14:05:00+00:00,t76_5,treatment,error_rate,0
2026-01-02T14:06:00+00:00,t76_6,treatment,conversion,0
2026-01-02T14:06:00+00:00,t76_6,treatment,error_rate,0
2026-01-02T14:07:00+00:00,t76_7,treatment,conversion,1
2026-01-02T14:07:00+00:00,t76_7,treatment,error_rate,0
2026-01-02T14:08:00+00:00,t76_8,treatment,conversion,0
2026-01-02T14:08:00+00:00,t76_8,treatment,error_rate,0
2026-01-02T14:09:00+00:00,t76_9,treatment,conversion,0
2026-01-02T14:09:00+00:00,t76_9,treatment,error_rate,0
2026-01-02T14:10:00+00:00,t76_10,treatment,conversion,0
2026-01-02T14:10:00+00:00,t76_10,treatment,error_rate,0
2026-01-02T14:11:00+00:00,t76_11,treatment,conversion,0
2026-01-02T14:11:00+00:00,t76_11,treatment,error_rate,0
2026-01-02T14:12:00+00:00,t76_12,treatment,conversion,0
2026-01-02T14:12:00+00:00,t76_12,treatment,error_rate,0
2026-01-02T14:13:00+00:00,t76_13,treatment,conversion,0
2026-01-02T14:13:00+00:00,t76_13,treatment,error_rate,0
2026-01-02T14:14:00+00:00,t76_14,treatment,conversion,0
2026-01-02T14:14:00+00:00,t76_14,treatment,error_rate,0
2026-01-02T14:15:00+00:00,t76_15,treatment,conversion,0
2026-01-02T14:15:00+00:00,t76_15,treatment,error_rate,0
2026-01-02T14:16:00+00:00,t76_16,treatment,conversion,0
2026-01-02T14:16:00+00:00,t76_16,treatment,error_rate,0
2026-01-02T14:17:00+00:00,t76_17,treatment,conversion,0
2026-01-02T14:17:00+00:00,t76_17,treatment,error_rate,0
2026-01-02T14:18:00+00:00,t76_18,treatment,conversion,1
2026-01-02T14:18:00+00:00,t76_18,treatment,error_rate,0
2026-01-02T14:19:00+00:00,t76_19,treatment,conversion,0
2026-01-02T14:19:00+00:00,t76_19,treatment,error_rate,0
2026-01-02T14:20:00+00:00,t76_20,treatment,conversion,0
2026-01-02T14:20:00+00:00,t76_20,treatment,error_rate,0
2026-01-02T14:21:00+00:00,t76_21,treatment,conversion,0
2026-01-02T14:21:00+00:00,t76_21,treatment,error_rate,0
2026-01-02T14:22:00+00:00,t76_22,treatment,conversion,0
2026-01-02T14:22:00+00:00,t76_22,treatment,error_rate,0
2026-01-02T14:23:00+00:00,t76_23,treatment,conversion,0
2026-01-02T14:23:00+00:00,t76_23,treatment,error_rate,0
2026-01-02T14:24:00+00:00,t76_24,treatment,conversion,0
2026-01-02T14:24:00+00:00,t76_24,treatment,error_rate,0
2026-01-02T14:25:00+00:00,t76_25,treatment,conversion,0
2026-01-02T14:25:00+00:00,t76_25,treatment,error_rate,0
2026-01-02T14:26:00+00:00,t76_26,treatment,conversion,0
2026-01-02T14:26:00+00:00,t76_26,treatment,error_rate,1
2026-01-02T14:27:00+00:00,t76_27,treatment,conversion,0
2026-01-02T14:27:00+00:00,t76_27,treatment,error_rate,0
2026-01-02T14:28:00+00:00,t76_28,treatment,conversion,0
2026-01-02T14:28:00+00:00,t76_28,treatment,error_rate,0
2026-01-02T14:29:00+00:00,t76_29,treatment,conversion,0
2026-01-02T14:29:00+00:00,t76_29,treatment,error_rate,0
2026-01-02T14:30:00+00:00,c77_0,control,conversion,0
2026-01-02T14:30:00+00:00,c77_0,control,error_rate,0
2026-01-02T14:31:00+00:00,c77_1,control,conversion,1
2026-01-02T14:31:00+00:00,c77_1,control,error_rate,0
2026-01-02T14:32:00+00:00,c77_2,control,conversion,0
2026-01-02T14:32:00+00:00,c77_2,control,error_rate,0
2026-01-02T14:33:00+00:00,c77_3,control,conversion,1
2026-01-02T14:33:00+00:00,c77_3,control,error_rate,0
2026-01-02T14:34:00+00:00,c77_4,control,conversion,0
2026-01-02T14:34:00+00:00,c77_4,control,error_rate,0
2026-01-02T14:35:00+00:00,c77_5,control,conversion,0
2026-01-02T14:35:00+00:00,c77_5,control,error_rate,0
2026-01-02T14:36:00+00:00,c77_6,control,conversion,0
2026-01-02T14:36:00+00:00,c77_6,control,error_rate,0
2026-01-02T14:37:00+00:00,c77_7,control,conversion,0
2026-01-02T14:37:00+00:00,c77_7,control,error_rate,1
2026-01-02T14:38:00+00:00,c77_8,control,conversion,0
2026-01-02T14:38:00+00:00,c77_8,control,error_rate,0
2026-01-02T14:39:00+00:00,c77_9,control,conversion,0
2026-01-02T14:39:00+00:00,c77_9,control,error_rate,0
2026-01-02T14:40:00+00:00,c77_10,control,conversion,0
2026-01-02T14:40:00+00:00,c77_10,control,error_rate,0
2026-01-02T14:41:00+00:00,c77_11,control,conversion,0
2026-01-02T14:41:00+00:00,c77_11,control,error_rate,0
2026-01-02T14:42:00+00:00,c77_12,control,conversion,0
2026-01-02T14:42:00+00:00,c77_12,control,error_rate,0
2026-01-02T14:43:00+00:00,c77_13,control,conversion,0
2026-01-02T14:43:00+00:00,c77_13,control,error_rate,0
2026-01-02T14:44:00+00:00,c77_14,control,conversion,1
2026-01-02T14:44:00+00:00,c77_14,control,error_rate,1
2026-01-02T14:45:00+00:00,c77_15,control,conversion,0
2026-01-02T14:45:00+00:00,c77_15,control,error_rate,0
2026-01-02T14:46:00+00:00,c77_16,control,conversion,0
2026-01-02T14:46:00+00:00,c77_16,control,error_rate,0
2026-01-02T14:47:00+00:00,c77_17,control,conversion,0
2026-01-02T14:47:00+00:00,c77_17,control,error_rate,0
2026-01-02T14:48:00+00:00,c77_18,control,conversion,0
2026-01-02T14:48:00+00:00,c77_18,control,error_rate,1
2026-01-02T14:49:00+00:00,c77_19,control,conversion,0
2026-01-02T14:49:00+00:00,c77_19,control,error_rate,0
2026-01-02T14:50:00+00:00,c77_20,control,conversion,0
2026-01-02T14:50:00+00:00,c77_20,control,error_rate,0
2026-01-02T14:51:00+00:00,c77_21,control,conversion,0
2026-01-02T14:51:00+00:00,c77_21,control,error_rate,0
2026-01-02T14:52:00+00:00,c77_22,control,conversion,0
2026-01-02T14:52:00+00:00,c77_22,control,error_rate,0
2026-01-02T14:53:00+00:00,c77_23,control,conversion,0
2026-01-02T14:53:00+00:00,c77_23,control,error_rate,0
2026-01-02T14:54:00+00:00,c77_24,control,conversion,0
2026-01-02T14:54:00+00:00,c77_24,control,error_rate,0
2026-01-02T14:55:00+00:00,c77_25,control,conversion,1
2026-01-02T14:55:00+00:00,c77_25,control,error_rate,0
2026-01-02T14:56:00+00:00,c77_26,control,conversion,0
2026-01-02T14:56:00+00:00,c77_26,control,error_rate,0
2026-01-02T14:57:00+00:00,c77_27,control,conversion,0
2026-01-02T14:57:00+00:00,c77_27,control,error_rate,0
2026-01-02T14:58:00+00:00,c77_28,control,conversion,0
2026-01-02T14:58:00+00:00,c77_28,control,error_rate,0
2026-01-02T14:59:00+00:00,c77_29,control,conversion,0
2026-01-02T14:59:00+00:00,c77_29,control,error_rate,0
2026-01-02T14:30:00+00:00,t77_0,treatment,conversion,0
2026-01-02T14:30:00+00:00,t77_0,treatment,error_rate,0
2026-01-02T14:31:00+00:00,t77_1,treatment,conversion,0
2026-01-02T14:31:00+00:00,t77_1,treatment,error_rate,0
2026-01-02T14:32:00+00:00,t77_2,treatment,conversion,0
2026-01-02T14:32:00+00:00,t77_2,treatment,error_rate,0
2026-01-02T14:33:00+00:00,t77_3,treatment,conversion,0
2026-01-02T14:33:00+00:00,t77_3,treatment,error_rate,0
2026-01-02T14:34:00+00:00,t77_4,treatment,conversion,0
2026-01-02T14:34:00+00:00,t77_4,treatment,error_rate,0
2026-01-02T14:35:00+00:00,t77_5,treatment,conversion,0
2026-01-02T14:35:00+00:00,t77_5,treatment,error_rate,0
2026-01-02T14:36:00+00:00,t77_6,treatment,conversion,0
2026-01-02T14:36:00+00:00,t77_6,treatment,error_rate,0
2026-01-02T14:37:00+00:00,t77_7,treatment,conversion,0
2026-01-02T14:37:00+00:00,t77_7,treatment,error_rate,0
2026-01-02T14:38:00+00:00,t77_8,treatment,conversion,0
2026-01-02T14:38:00+00:00,t77_8,treatment,error_rate,0
2026-01-02T14:39:00+00:00,t77_9,treatment,conversion,0
2026-01-02T14:39:00+00:00,t77_9,treatment,error_rate,0
2026-01-02T14:40:00+00:00,t77_10,treatment,conversion,0
2026-01-02T14:40:00+00:00,t77_10,treatment,error_rate,0
2026-01-02T14:41:00+00:00,t77_11,treatment,conversion,1
2026-01-02T14:41:00+00:00,t77_11,treatment,error_rate,0
2026-01-02T14:42:00+00:00,t77_12,treatment,conversion,0
2026-01-02T14:42:00+00:00,t77_12,treatment,error_rate,0
2026-01-02T14:43:00+00:00,t77_13,treatment,conversion,0
2026-01-02T14:43:00+00:00,t77_13,treatment,error_rate,0
2026-01-02T14:44:00+00:00,t77_14,treatment,conversion,0
2026-01-02T14:44:00+00:00,t77_14,treatment,error_rate,1
2026-01-02T14:45:00+00:00,t77_15,treatment,conversion,1
2026-01-02T14:45:00+00:00,t77_15,treatment,error_rate,0
2026-01-02T14:46:00+00:00,t77_16,treatment,conversion,1
2026-01-02T14:46:00+00:00,t77_16,treatment,error_rate,0
2026-01-02T14:47:00+00:00,t77_17,treatment,conversion,0
2026-01-02T14:47:00+00:00,t77_17,treatment,error_rate,0
2026-01-02T14:48:00+00:00,t77_18,treatment,conversion,0
2026-01-02T14:48:00+00:00,t77_18,treatment,error_rate,0
2026-01-02T14:49:00+00:00,t77_19,treatment,conversion,0
2026-01-02T14:49:00+00:00,t77_19,treatment,error_rate,0
2026-01-02T14:50:00+00:00,t77_20,treatment,conversion,0
2026-01-02T14:50:00+00:00,t77_20,treatment,error_rate,0
2026-01-02T14:51:00+00:00,t77_21,treatment,conversion,0
2026-01-02T14:51:00+00:00,t77_21,treatment,error_rate,0
2026-01-02T14:52:00+00:00,t77_22,treatment,conversion,0
2026-01-02T14:52:00+00:00,t77_22,treatment,error_rate,0
2026-01-02T14:53:00+00:00,t77_23,treatment,conversion,0
2026-01-02T14:53:00+00:00,t77_23,treatment,error_rate,0
2026-01-02T14:54:00+00:00,t77_24,treatment,conversion,0
2026-01-02T14:54:00+00:00,t77_24,treatment,error_rate,0
2026-01-02T14:55:00+00:00,t77_25,treatment,conversion,0
2026-01-02T14:55:00+00:00,t77_25,treatment,error_rate,0
2026-01-02T14:56:00+00:00,t77_26,treatment,conversion,0
2026-01-02T14:56:00+00:00,t77_26,treatment,error_rate,0
2026-01-02T14:57:00+00:00,t77_27,treatment,conversion,0
2026-01-02T14:57:00+00:00,t77_27,treatment,error_rate,0
2026-01-02T14:58:00+00:00,t77_28,treatment,conversion,0
2026-01-02T14:58:00+00:00,t77_28,treatment,error_rate,0
2026-01-02T14:59:00+00:00,t77_29,treatment,conversion,0
2026-01-02T14:59:00+00:00,t77_29,treatment,error_rate,0
2026-01-02T15:00:00+00:00,c78_0,control,conversion,0
2026-01-02T15:00:00+00:00,c78_0,control,error_rate,0
2026-01-02T15:01:00+00:00,c78_1,control,conversion,0
2026-01-02T15:01:00+00:00,c78_1,control,error_rate,0
2026-01-02T15:02:00+00:00,c78_2,control,conversion,0
2026-01-02T15:02:00+00:00,c78_2,control,error_rate,0
2026-01-02T15:03:00+00:00,c78_3,control,conversion,0
2026-01-02T15:03:00+00:00,c78_3,control,error_rate,0
2026-01-02T15:04:00+00:00,c78_4,control,conversion,0
2026-01-02T15:04:00+00:00,c78_4,control,error_rate,0
2026-01-02T15:05:00+00:00,c78_5,control,conversion,1
2026-01-02T15:05:00+00:00,c78_5,control,error_rate,0
2026-01-02T15:06:00+00:00,c78_6,control,conversion,0
2026-01-02T15:06:00+00:00,c78_6,control,error_rate,0
2026-01-02T15:07:00+00:00,c78_7,control,conversion,0
2026-01-02T15:07:00+00:00,c78_7,control,error_rate,0
2026-01-02T15:08:00+00:00,c78_8,control,conversion,0
2026-01-02T15:08:00+00:00,c78_8,control,error_rate,0
2026-01-02T15:09:00+00:00,c78_9,control,conversion,0
2026-01-02T15:09:00+00:00,c78_9,control,error_rate,0
2026-01-02T15:10:00+00:00,c78_10,control,conversion,0
2026-01-02T15:10:00+00:00,c78_10,control,error_rate,0
2026-01-02T15:11:00+00:00,c78_11,control,conversion,0
2026-01-02T15:11:00+00:00,c78_11,control,error_rate,1
2026-01-02T15:12:00+00:00,c78_12,control,conversion,0
2026-01-02T15:12:00+00:00,c78_12,control,error_rate,0
2026-01-02T15:13:00+00:00,c78_13,control,conversion,0
2026-01-02T15:13:00+00:00,c78_13,control,error_rate,0
2026-01-02T15:14:00+00:00,c78_14,control,conversion,0
2026-01-02T15:14:00+00:00,c78_14,control,error_rate,0
2026-01-02T15:15:00+00:00,c78_15,control,conversion,0
2026-01-02T15:15:00+00:00,c78_15,control,error_rate,0
2026-01-02T15:16:00+00:00,c78_16,control,conversion,1
2026-01-02T15:16:00+00:00,c78_16,control,error_rate,0
2026-01-02T15:17:00+00:00,c78_17,control,conversion,1
2026-01-02T15:17:00+00:00,c78_17,control,error_rate,0
2026-01-02T15:18:00+00:00,c78_18,control,conversion,0
2026-01-02T15:18:00+00:00,c78_18,control,error_rate,0
2026-01-02T15:19:00+00:00,c78_19,control,conversion,0
2026-01-02T15:19:00+00:00,c78_19,control,error_rate,0
2026-01-02T15:20:00+00:00,c78_20,control,conversion,0
2026-01-02T15:20:00+00:00,c78_20,control,error_rate,0
2026-01-02T15:21:00+00:00,c78_21,control,conversion,0
2026-01-02T15:21:00+00:00,c78_21,control,error_rate,1
2026-01-02T15:22:00+00:00,c78_22,control,conversion,0
2026-01-02T15:22:00+00:00,c78_22,control,error_rate,0
2026-01-02T15:23:00+00:00,c78_23,control,conversion,1
2026-01-02T15:23:00+00:00,c78_23,control,error_rate,0
2026-01-02T15:24:00+00:00,c78_24,control,conversion,0
2026-01-02T15:24:00+00:00,c78_24,control,error_rate,0
2026-01-02T15:25:00+00:00,c78_25,control,conversion,0
2026-01-02T15:25:00+00:00,c78_25,control,error_rate,0
2026-01-02T15:26:00+00:00,c78_26,control,conversion,0
2026-01-02T15:26:00+00:00,c78_26,control,error_rate,0
2026-01-02T15:27:00+00:00,c78_27,control,conversion,0
2026-01-02T15:27:00+00:00,c78_27,control,error_rate,0
2026-01-02T15:28:00+00:00,c78_28,control,conversion,0
2026-01-02T15:28:00+00:00,c78_28,control,error_rate,0
2026-01-02T15:29:00+00:00,c78_29,control,conversion,1
2026-01-02T15:29:00+00:00,c78_29,control,error_rate,0
2026-01-02T15:00:00+00:00,t78_0,treatment,conversion,0
2026-01-02T15:00:00+00:00,t78_0,treatment,error_rate,0
2026-01-02T15:01:00+00:00,t78_1,treatment,conversion,0
2026-01-02T15:01:00+00:00,t78_1,treatment,error_rate,1
2026-01-02T15:02:00+00:00,t78_2,treatment,conversion,0
2026-01-02T15:02:00+00:00,t78_2,treatment,error_rate,0
2026-01-02T15:03:00+00:00,t78_3,treatment,conversion,0
2026-01-02T15:03:00+00:00,t78_3,treatment,error_rate,0
2026-01-02T15:04:00+00:00,t78_4,treatment,conversion,0
2026-01-02T15:04:00+00:00,t78_4,treatment,error_rate,0
2026-01-02T15:05:00+00:00,t78_5,treatment,conversion,0
2026-01-02T15:05:00+00:00,t78_5,treatment,error_rate,0
2026-01-02T15:06:00+00:00,t78_6,treatment,conversion,0
2026-01-02T15:06:00+00:00,t78_6,treatment,error_rate,0
2026-01-02T15:07:00+00:00,t78_7,treatment,conversion,0
2026-01-02T15:07:00+00:00,t78_7,treatment,error_rate,0
2026-01-02T15:08:00+00:00,t78_8,treatment,conversion,0
2026-01-02T15:08:00+00:00,t78_8,treatment,error_rate,1
2026-01-02T15:09:00+00:00,t78_9,treatment,conversion,0
2026-01-02T15:09:00+00:00,t78_9,treatment,error_rate,0
2026-01-02T15:10:00+00:00,t78_10,treatment,conversion,0
2026-01-02T15:10:00+00:00,t78_10,treatment,error_rate,0
2026-01-02T15:11:00+00:00,t78_11,treatment,conversion,1
2026-01-02T15:11:00+00:00,t78_11,treatment,error_rate,0
2026-01-02T15:12:00+00:00,t78_12,treatment,conversion,1
2026-01-02T15:12:00+00:00,t78_12,treatment,error_rate,0
2026-01-02T15:13:00+00:00,t78_13,treatment,conversion,1
2026-01-02T15:13:00+00:00,t78_13,treatment,error_rate,0
2026-01-02T15:14:00+00:00,t78_14,treatment,conversion,1
2026-01-02T15:14:00+00:00,t78_14,treatment,error_rate,0
2026-01-02T15:15:00+00:00,t78_15,treatment,conversion,1
2026-01-02T15:15:00+00:00,t78_15,treatment,error_rate,0
2026-01-02T15:16:00+00:00,t78_16,treatment,conversion,0
2026-01-02T15:16:00+00:00,t78_16,treatment,error_rate,0
2026-01-02T15:17:00+00:00,t78_17,treatment,conversion,0
2026-01-02T15:17:00+00:00,t78_17,treatment,error_rate,0
2026-01-02T15:18:00+00:00,t78_18,treatment,conversion,0
2026-01-02T15:18:00+00:00,t78_18,treatment,error_rate,0
2026-01-02T15:19:00+00:00,t78_19,treatment,conversion,0
2026-01-02T15:19:00+00:00,t78_19,treatment,error_rate,1
2026-01-02T15:20:00+00:00,t78_20,treatment,conversion,0
2026-01-02T15:20:00+00:00,t78_20,treatment,error_rate,0
2026-01-02T15:21:00+00:00,t78_21,treatment,conversion,0
2026-01-02T15:21:00+00:00,t78_21,treatment,error_rate,0
2026-01-02T15:22:00+00:00,t78_22,treatment,conversion,0
2026-01-02T15:22:00+00:00,t78_22,treatment,error_rate,0
2026-01-02T15:23:00+00:00,t78_23,treatment,conversion,1
2026-01-02T15:23:00+00:00,t78_23,treatment,error_rate,1
2026-01-02T15:24:00+00:00,t78_24,treatment,conversion,1
2026-01-02T15:24:00+00:00,t78_24,treatment,error_rate,0
2026-01-02T15:25:00+00:00,t78_25,treatment,conversion,1
2026-01-02T15:25:00+00:00,t78_25,treatment,error_rate,0
2026-01-02T15:26:00+00:00,t78_26,treatment,conversion,0
2026-01-02T15:26:00+00:00,t78_26,treatment,error_rate,0
2026-01-02T15:27:00+00:00,t78_27,treatment,conversion,1
2026-01-02T15:27:00+00:00,t78_27,treatment,error_rate,0
2026-01-02T15:28:00+00:00,t78_28,treatment,conversion,0
2026-01-02T15:28:00+00:00,t78_28,treatment,error_rate,0
2026-01-02T15:29:00+00:00,t78_29,treatment,conversion,0
2026-01-02T15:29:00+00:00,t78_29,treatment,error_rate,0
2026-01-02T15:30:00+00:00,c79_0,control,conversion,0
2026-01-02T15:30:00+00:00,c79_0,control,error_rate,0
2026-01-02T15:31:00+00:00,c79_1,control,conversion,0
2026-01-02T15:31:00+00:00,c79_1,control,error_rate,0
2026-01-02T15:32:00+00:00,c79_2,control,conversion,0
2026-01-02T15:32:00+00:00,c79_2,control,error_rate,0
2026-01-02T15:33:00+00:00,c79_3,control,conversion,1
2026-01-02T15:33:00+00:00,c79_3,control,error_rate,0
2026-01-02T15:34:00+00:00,c79_4,control,conversion,0
2026-01-02T15:34:00+00:00,c79_4,control,error_rate,0
2026-01-02T15:35:00+00:00,c79_5,control,conversion,0
2026-01-02T15:35:00+00:00,c79_5,control,error_rate,0
2026-01-02T15:36:00+00:00,c79_6,control,conversion,0
2026-01-02T15:36:00+00:00,c79_6,control,error_rate,0
2026-01-02T15:37:00+00:00,c79_7,control,conversion,0
2026-01-02T15:37:00+00:00,c79_7,control,error_rate,0
2026-01-02T15:38:00+00:00,c79_8,control,conversion,1
2026-01-02T15:38:00+00:00,c79_8,control,error_rate,0
2026-01-02T15:39:00+00:00,c79_9,control,conversion,0
2026-01-02T15:39:00+00:00,c79_9,control,error_rate,0
2026-01-02T15:40:00+00:00,c79_10,control,conversion,0
2026-01-02T15:40:00+00:00,c79_10,control,error_rate,0
2026-01-02T15:41:00+00:00,c79_11,control,conversion,0
2026-01-02T15:41:00+00:00,c79_11,control,error_rate,1
2026-01-02T15:42:00+00:00,c79_12,control,conversion,0
2026-01-02T15:42:00+00:00,c79_12,control,error_rate,0
2026-01-02T15:43:00+00:00,c79_13,control,conversion,0
2026-01-02T15:43:00+00:00,c79_13,control,error_rate,0
2026-01-02T15:44:00+00:00,c79_14,control,conversion,0
2026-01-02T15:44:00+00:00,c79_14,control,error_rate,0
2026-01-02T15:45:00+00:00,c79_15,control,conversion,0
2026-01-02T15:45:00+00:00,c79_15,control,error_rate,0
2026-01-02T15:46:00+00:00,c79_16,control,conversion,0
2026-01-02T15:46:00+00:00,c79_16,control,error_rate,0
2026-01-02T15:47:00+00:00,c79_17,control,conversion,0
2026-01-02T15:47:00+00:00,c79_17,control,error_rate,0
2026-01-02T15:48:00+00:00,c79_18,control,conversion,0
2026-01-02T15:48:00+00:00,c79_18,control,error_rate,1
2026-01-02T15:49:00+00:00,c79_19,control,conversion,1
2026-01-02T15:49:00+00:00,c79_19,control,error_rate,0
2026-01-02T15:50:00+00:00,c79_20,control,conversion,1
2026-01-02T15:50:00+00:00,c79_20,control,error_rate,0
2026-01-02T15:51:00+00:00,c79_21,control,conversion,0
2026-01-02T15:51:00+00:00,c79_21,control,error_rate,0
2026-01-02T15:52:00+00:00,c79_22,control,conversion,0
2026-01-02T15:52:00+00:00,c79_22,control,error_rate,0
2026-01-02T15:53:00+00:00,c79_23,control,conversion,0
2026-01-02T15:53:00+00:00,c79_23,control,error_rate,0
2026-01-02T15:54:00+00:00,c79_24,control,conversion,1
2026-01-02T15:54:00+00:00,c79_24,control,error_rate,0
2026-01-02T15:55:00+00:00,c79_25,control,conversion,0
2026-01-02T15:55:00+00:00,c79_25,control,error_rate,0
2026-01-02T15:56:00+00:00,c79_26,control,conversion,0
2026-01-02T15:56:00+00:00,c79_26,control,error_rate,0
2026-01-02T15:57:00+00:00,c79_27,control,conversion,0
2026-01-02T15:57:00+00:00,c79_27,control,error_rate,0
2026-01-02T15:58:00+00:00,c79_28,control,conversion,0
2026-01-02T15:58:00+00:00,c79_28,control,error_rate,0
2026-01-02T15:59:00+00:00,c79_29,control,conversion,1
2026-01-02T15:59:00+00:00,c79_29,control,error_rate,0
2026-01-02T15:30:00+00:00,t79_0,treatment,conversion,0
2026-01-02T15:30:00+00:00,t79_0,treatment,error_rate,0
2026-01-02T15:31:00+00:00,t79_1,treatment,conversion,0
2026-01-02T15:31:00+00:00,t79_1,treatment,error_rate,0
2026-01-02T15:32:00+00:00,t79_2,treatment,conversion,1
2026-01-02T15:32:00+00:00,t79_2,treatment,error_rate,0
2026-01-02T15:33:00+00:00,t79_3,treatment,conversion,0
2026-01-02T15:33:00+00:00,t79_3,treatment,error_rate,0
2026-01-02T15:34:00+00:00,t79_4,treatment,conversion,0
2026-01-02T15:34:00+00:00,t79_4,treatment,error_rate,0
2026-01-02T15:35:00+00:00,t79_5,treatment,conversion,0
2026-01-02T15:35:00+00:00,t79_5,treatment,error_rate,0
2026-01-02T15:36:00+00:00,t79_6,treatment,conversion,1
2026-01-02T15:36:00+00:00,t79_6,treatment,error_rate,0
2026-01-02T15:37:00+00:00,t79_7,treatment,conversion,0
2026-01-02T15:37:00+00:00,t79_7,treatment,error_rate,0
2026-01-02T15:38:00+00:00,t79_8,treatment,conversion,0
2026-01-02T15:38:00+00:00,t79_8,treatment,error_rate,0
2026-01-02T15:39:00+00:00,t79_9,treatment,conversion,0
2026-01-02T15:39:00+00:00,t79_9,treatment,error_rate,0
2026-01-02T15:40:00+00:00,t79_10,treatment,conversion,0
2026-01-02T15:40:00+00:00,t79_10,treatment,error_rate,0
2026-01-02T15:41:00+00:00,t79_11,treatment,conversion,1
2026-01-02T15:41:00+00:00,t79_11,treatment,error_rate,0
2026-01-02T15:42:00+00:00,t79_12,treatment,conversion,0
2026-01-02T15:42:00+00:00,t79_12,treatment,error_rate,0
2026-01-02T15:43:00+00:00,t79_13,treatment,conversion,0
2026-01-02T15:43:00+00:00,t79_13,treatment,error_rate,0
2026-01-02T15:44:00+00:00,t79_14,treatment,conversion,0
2026-01-02T15:44:00+00:00,t79_14,treatment,error_rate,1
2026-01-02T15:45:00+00:00,t79_15,treatment,conversion,0
2026-01-02T15:45:00+00:00,t79_15,treatment,error_rate,0
2026-01-02T15:46:00+00:00,t79_16,treatment,conversion,0
2026-01-02T15:46:00+00:00,t79_16,treatment,error_rate,0
2026-01-02T15:47:00+00:00,t79_17,treatment,conversion,0
2026-01-02T15:47:00+00:00,t79_17,treatment,error_rate,0
2026-01-02T15:48:00+00:00,t79_18,treatment,conversion,1
2026-01-02T15:48:00+00:00,t79_18,treatment,error_rate,0
2026-01-02T15:49:00+00:00,t79_19,treatment,conversion,1
2026-01-02T15:49:00+00:00,t79_19,treatment,error_rate,0
2026-01-02T15:50:00+00:00,t79_20,treatment,conversion,0
2026-01-02T15:50:00+00:00,t79_20,treatment,error_rate,0
2026-01-02T15:51:00+00:00,t79_21,treatment,conversion,1
2026-01-02T15:51:00+00:00,t79_21,treatment,error_rate,0
2026-01-02T15:52:00+00:00,t79_22,treatment,conversion,0
2026-01-02T15:52:00+00:00,t79_22,treatment,error_rate,0
2026-01-02T15:53:00+00:00,t79_23,treatment,conversion,0
2026-01-02T15:53:00+00:00,t79_23,treatment,error_rate,0
2026-01-02T15:54:00+00:00,t79_24,treatment,conversion,0
2026-01-02T15:54:00+00:00,t79_24,treatment,error_rate,0
2026-01-02T15:55:00+00:00,t79_25,treatment,conversion,0
2026-01-02T15:55:00+00:00,t79_25,treatment,error_rate,1
2026-01-02T15:56:00+00:00,t79_26,treatment,conversion,0
2026-01-02T15:56:00+00:00,t79_26,treatment,error_rate,1
2026-01-02T15:57:00+00:00,t79_27,treatment,conversion,0
2026-01-02T15:57:00+00:00,t79_27,treatment,error_rate,1
2026-01-02T15:58:00+00:00,t79_28,treatment,conversion,0
2026-01-02T15:58:00+00:00,t79_28,treatment,error_rate,0
2026-01-02T15:59:00+00:00,t79_29,treatment,conversion,0
2026-01-02T15:59:00+00:00,t79_29,treatment,error_rate,0
2026-01-02T16:00:00+00:00,c80_0,control,conversion,1
2026-01-02T16:00:00+00:00,c80_0,control,error_rate,0
2026-01-02T16:01:00+00:00,c80_1,control,conversion,0
2026-01-02T16:01:00+00:00,c80_1,control,error_rate,0
2026-01-02T16:02:00+00:00,c80_2,control,conversion,0
2026-01-02T16:02:00+00:00,c80_2,control,error_rate,1
2026-01-02T16:03:00+00:00,c80_3,control,conversion,1
2026-01-02T16:03:00+00:00,c80_3,control,error_rate,0
2026-01-02T16:04:00+00:00,c80_4,control,conversion,0
2026-01-02T16:04:00+00:00,c80_4,control,error_rate,0
2026-01-02T16:05:00+00:00,c80_5,control,conversion,0
2026-01-02T16:05:00+00:00,c80_5,control,error_rate,1
2026-01-02T16:06:00+00:00,c80_6,control,conversion,0
2026-01-02T16:06:00+00:00,c80_6,control,error_rate,0
2026-01-02T16:07:00+00:00,c80_7,control,conversion,0
2026-01-02T16:07:00+00:00,c80_7,control,error_rate,0
2026-01-02T16:08:00+00:00,c80_8,control,conversion,0
2026-01-02T16:08:00+00:00,c80_8,control,error_rate,0
2026-01-02T16:09:00+00:00,c80_9,control,conversion,0
2026-01-02T16:09:00+00:00,c80_9,control,error_rate,0
2026-01-02T16:10:00+00:00,c80_10,control,conversion,1
2026-01-02T16:10:00+00:00,c80_10,control,error_rate,0
2026-01-02T16:11:00+00:00,c80_11,control,conversion,0
2026-01-02T16:11:00+00:00,c80_11,control,error_rate,1
2026-01-02T16:12:00+00:00,c80_12,control,conversion,0
2026-01-02T16:12:00+00:00,c80_12,control,error_rate,0
2026-01-02T16:13:00+00:00,c80_13,control,conversion,0
2026-01-02T16:13:00+00:00,c80_13,control,error_rate,0
2026-01-02T16:14:00+00:00,c80_14,control,conversion,0
2026-01-02T16:14:00+00:00,c80_14,control,error_rate,1
2026-01-02T16:15:00+00:00,c80_15,control,conversion,0
2026-01-02T16:15:00+00:00,c80_15,control,error_rate,0
2026-01-02T16:16:00+00:00,c80_16,control,conversion,0
2026-01-02T16:16:00+00:00,c80_16,control,error_rate,0
2026-01-02T16:17:00+00:00,c80_17,control,conversion,0
2026-01-02T16:17:00+00:00,c80_17,control,error_rate,0
2026-01-02T16:18:00+00:00,c80_18,control,conversion,0
2026-01-02T16:18:00+00:00,c80_18,control,error_rate,0
2026-01-02T16:19:00+00:00,c80_19,control,conversion,0
2026-01-02T16:19:00+00:00,c80_19,control,error_rate,0
2026-01-02T16:20:00+00:00,c80_20,control,conversion,0
2026-01-02T16:20:00+00:00,c80_20,control,error_rate,0
2026-01-02T16:21:00+00:00,c80_21,control,conversion,1
2026-01-02T16:21:00+00:00,c80_21,control,error_rate,0
2026-01-02T16:22:00+00:00,c80_22,control,conversion,0
2026-01-02T16:22:00+00:00,c80_22,control,error_rate,0
2026-01-02T16:23:00+00:00,c80_23,control,conversion,0
2026-01-02T16:23:00+00:00,c80_23,control,error_rate,0
2026-01-02T16:24:00+00:00,c80_24,control,conversion,0
2026-01-02T16:24:00+00:00,c80_24,control,error_rate,0
2026-01-02T16:25:00+00:00,c80_25,control,conversion,0
2026-01-02T16:25:00+00:00,c80_25,control,error_rate,0
2026-01-02T16:26:00+00:00,c80_26,control,conversion,0
2026-01-02T16:26:00+00:00,c80_26,control,error_rate,0
2026-01-02T16:27:00+00:00,c80_27,control,conversion,0
2026-01-02T16:27:00+00:00,c80_27,control,error_rate,0
2026-01-02T16:28:00+00:00,c80_28,control,conversion,0
2026-01-02T16:28:00+00:00,c80_28,control,error_rate,0
2026-01-02T16:29:00+00:00,c80_29,control,conversion,0
2026-01-02T16:29:00+00:00,c80_29,control,error_rate,0
2026-01-02T16:00:00+00:00,t80_0,treatment,conversion,1
2026-01-02T16:00:00+00:00,t80_0,treatment,error_rate,0
2026-01-02T16:01:00+00:00,t80_1,treatment,conversion,0
2026-01-02T16:01:00+00:00,t80_1,treatment,error_rate,0
2026-01-02T16:02:00+00:00,t80_2,treatment,conversion,1
2026-01-02T16:02:00+00:00,t80_2,treatment,error_rate,0
2026-01-02T16:03:00+00:00,t80_3,treatment,conversion,0
2026-01-02T16:03:00+00:00,t80_3,treatment,error_rate,0
2026-01-02T16:04:00+00:00,t80_4,treatment,conversion,0
2026-01-02T16:04:00+00:00,t80_4,treatment,error_rate,0
2026-01-02T16:05:00+00:00,t80_5,treatment,conversion,1
2026-01-02T16:05:00+00:00,t80_5,treatment,error_rate,0
2026-01-02T16:06:00+00:00,t80_6,treatment,conversion,0
2026-01-02T16:06:00+00:00,t80_6,treatment,error_rate,0
2026-01-02T16:07:00+00:00,t80_7,treatment,conversion,0
2026-01-02T16:07:00+00:00,t80_7,treatment,error_rate,0
2026-01-02T16:08:00+00:00,t80_8,treatment,conversion,0
2026-01-02T16:08:00+00:00,t80_8,treatment,error_rate,0
2026-01-02T16:09:00+00:00,t80_9,treatment,conversion,1
2026-01-02T16:09:00+00:00,t80_9,treatment,error_rate,0
2026-01-02T16:10:00+00:00,t80_10,treatment,conversion,0
2026-01-02T16:10:00+00:00,t80_10,treatment,error_rate,0
2026-01-02T16:11:00+00:00,t80_11,treatment,conversion,0
2026-01-02T16:11:00+00:00,t80_11,treatment,error_rate,0
2026-01-02T16:12:00+00:00,t80_12,treatment,conversion,0
2026-01-02T16:12:00+00:00,t80_12,treatment,error_rate,0
2026-01-02T16:13:00+00:00,t80_13,treatment,conversion,1
2026-01-02T16:13:00+00:00,t80_13,treatment,error_rate,0
2026-01-02T16:14:00+00:00,t80_14,treatment,conversion,0
2026-01-02T16:14:00+00:00,t80_14,treatment,error_rate,0
2026-01-02T16:15:00+00:00,t80_15,treatment,conversion,0
2026-01-02T16:15:00+00:00,t80_15,treatment,error_rate,0
2026-01-02T16:16:00+00:00,t80_16,treatment,conversion,0
2026-01-02T16:16:00+00:00,t80_16,treatment,error_rate,0
2026-01-02T16:17:00+00:00,t80_17,treatment,conversion,0
2026-01-02T16:17:00+00:00,t80_17,treatment,error_rate,0
2026-01-02T16:18:00+00:00,t80_18,treatment,conversion,0
2026-01-02T16:18:00+00:00,t80_18,treatment,error_rate,0
2026-01-02T16:19:00+00:00,t80_19,treatment,conversion,0
2026-01-02T16:19:00+00:00,t80_19,treatment,error_rate,0
2026-01-02T16:20:00+00:00,t80_20,treatment,conversion,0
2026-01-02T16:20:00+00:00,t80_20,treatment,error_rate,0
2026-01-02T16:21:00+00:00,t80_21,treatment,conversion,0
2026-01-02T16:21:00+00:00,t80_21,treatment,error_rate,0
2026-01-02T16:22:00+00:00,t80_22,treatment,conversion,0
2026-01-02T16:22:00+00:00,t80_22,treatment,error_rate,0
2026-01-02T16:23:00+00:00,t80_23,treatment,conversion,1
2026-01-02T16:23:00+00:00,t80_23,treatment,error_rate,0
2026-01-02T16:24:00+00:00,t80_24,treatment,conversion,0
2026-01-02T16:24:00+00:00,t80_24,treatment,error_rate,0
2026-01-02T16:25:00+00:00,t80_25,treatment,conversion,0
2026-01-02T16:25:00+00:00,t80_25,treatment,error_rate,0
2026-01-02T16:26:00+00:00,t80_26,treatment,conversion,1
2026-01-02T16:26:00+00:00,t80_26,treatment,error_rate,0
2026-01-02T16:27:00+00:00,t80_27,treatment,conversion,1
2026-01-02T16:27:00+00:00,t80_27,treatment,error_rate,0
2026-01-02T16:28:00+00:00,t80_28,treatment,conversion,0
2026-01-02T16:28:00+00:00,t80_28,treatment,error_rate,0
2026-01-02T16:29:00+00:00,t80_29,treatment,conversion,1
2026-01-02T16:29:00+00:00,t80_29,treatment,error_rate,0
2026-01-02T16:30:00+00:00,c81_0,control,conversion,0
2026-01-02T16:30:00+00:00,c81_0,control,error_rate,1
2026-01-02T16:31:00+00:00,c81_1,control,conversion,0
2026-01-02T16:31:00+00:00,c81_1,control,error_rate,0
2026-01-02T16:32:00+00:00,c81_2,control,conversion,0
2026-01-02T16:32:00+00:00,c81_2,control,error_rate,0
2026-01-02T16:33:00+00:00,c81_3,control,conversion,0
2026-01-02T16:33:00+00:00,c81_3,control,error_rate,0
2026-01-02T16:34:00+00:00,c81_4,control,conversion,1
2026-01-02T16:34:00+00:00,c81_4,control,error_rate,0
2026-01-02T16:35:00+00:00,c81_5,control,conversion,0
2026-01-02T16:35:00+00:00,c81_5,control,error_rate,1
2026-01-02T16:36:00+00:00,c81_6,control,conversion,0
2026-01-02T16:36:00+00:00,c81_6,control,error_rate,0
2026-01-02T16:37:00+00:00,c81_7,control,conversion,1
2026-01-02T16:37:00+00:00,c81_7,control,error_rate,0
2026-01-02T16:38:00+00:00,c81_8,control,conversion,0
2026-01-02T16:38:00+00:00,c81_8,control,error_rate,0
2026-01-02T16:39:00+00:00,c81_9,control,conversion,1
2026-01-02T16:39:00+00:00,c81_9,control,error_rate,0
2026-01-02T16:40:00+00:00,c81_10,control,conversion,0
2026-01-02T16:40:00+00:00,c81_10,control,error_rate,0
2026-01-02T16:41:00+00:00,c81_11,control,conversion,0
2026-01-02T16:41:00+00:00,c81_11,control,error_rate,0
2026-01-02T16:42:00+00:00,c81_12,control,conversion,0
2026-01-02T16:42:00+00:00,c81_12,control,error_rate,0
2026-01-02T16:43:00+00:00,c81_13,control,conversion,0
2026-01-02T16:43:00+00:00,c81_13,control,error_rate,0
2026-01-02T16:44:00+00:00,c81_14,control,conversion,0
2026-01-02T16:44:00+00:00,c81_14,control,error_rate,0
2026-01-02T16:45:00+00:00,c81_15,control,conversion,0
2026-01-02T16:45:00+00:00,c81_15,control,error_rate,0
2026-01-02T16:46:00+00:00,c81_16,control,conversion,0
2026-01-02T16:46:00+00:00,c81_16,control,error_rate,0
2026-01-02T16:47:00+00:00,c81_17,control,conversion,0
2026-01-02T16:47:00+00:00,c81_17,control,error_rate,0
2026-01-02T16:48:00+00:00,c81_18,control,conversion,0
2026-01-02T16:48:00+00:00,c81_18,control,error_rate,0
2026-01-02T16:49:00+00:00,c81_19,control,conversion,0
2026-01-02T16:49:00+00:00,c81_19,control,error_rate,0
2026-01-02T16:50:00+00:00,c81_20,control,conversion,0
2026-01-02T16:50:00+00:00,c81_20,control,error_rate,0
2026-01-02T16:51:00+00:00,c81_21,control,conversion,0
2026-01-02T16:51:00+00:00,c81_21,control,error_rate,0
2026-01-02T16:52:00+00:00,c81_22,control,conversion,0
2026-01-02T16:52:00+00:00,c81_22,control,error_rate,0
2026-01-02T16:53:00+00:00,c81_23,control,conversion,0
2026-01-02T16:53:00+00:00,c81_23,control,error_rate,0
2026-01-02T16:54:00+00:00,c81_24,control,conversion,0
2026-01-02T16:54:00+00:00,c81_24,control,error_rate,0
2026-01-02T16:55:00+00:00,c81_25,control,conversion,0
2026-01-02T16:55:00+00:00,c81_25,control,error_rate,0
2026-01-02T16:56:00+00:00,c81_26,control,conversion,0
2026-01-02T16:56:00+00:00,c81_26,control,error_rate,0
2026-01-02T16:57:00+00:00,c81_27,control,conversion,0
2026-01-02T16:57:00+00:00,c81_27,control,error_rate,0
2026-01-02T16:58:00+00:00,c81_28,control,conversion,1
2026-01-02T16:58:00+00:00,c81_28,control,error_rate,0
2026-01-02T16:59:00+00:00,c81_29,control,conversion,0
2026-01-02T16:59:00+00:00,c81_29,control,error_rate,0
2026-01-02T16:30:00+00:00,t81_0,treatment,conversion,0
2026-01-02T16:30:00+00:00,t81_0,treatment,error_rate,0
2026-01-02T16:31:00+00:00,t81_1,treatment,conversion,1
2026-01-02T16:31:00+00:00,t81_1,treatment,error_rate,0
2026-01-02T16:32:00+00:00,t81_2,treatment,conversion,0
2026-01-02T16:32:00+00:00,t81_2,treatment,error_rate,0
2026-01-02T16:33:00+00:00,t81_3,treatment,conversion,0
2026-01-02T16:33:00+00:00,t81_3,treatment,error_rate,1
2026-01-02T16:34:00+00:00,t81_4,treatment,conversion,0
2026-01-02T16:34:00+00:00,t81_4,treatment,error_rate,0
2026-01-02T16:35:00+00:00,t81_5,treatment,conversion,0
2026-01-02T16:35:00+00:00,t81_5,treatment,error_rate,0
2026-01-02T16:36:00+00:00,t81_6,treatment,conversion,0
2026-01-02T16:36:00+00:00,t81_6,treatment,error_rate,0
2026-01-02T16:37:00+00:00,t81_7,treatment,conversion,0
2026-01-02T16:37:00+00:00,t81_7,treatment,error_rate,0
2026-01-02T16:38:00+00:00,t81_8,treatment,conversion,1
2026-01-02T16:38:00+00:00,t81_8,treatment,error_rate,0
2026-01-02T16:39:00+00:00,t81_9,treatment,conversion,0
2026-01-02T16:39:00+00:00,t81_9,treatment,error_rate,0
2026-01-02T16:40:00+00:00,t81_10,treatment,conversion,0
2026-01-02T16:40:00+00:00,t81_10,treatment,error_rate,0
2026-01-02T16:41:00+00:00,t81_11,treatment,conversion,1
2026-01-02T16:41:00+00:00,t81_11,treatment,error_rate,0
2026-01-02T16:42:00+00:00,t81_12,treatment,conversion,0
2026-01-02T16:42:00+00:00,t81_12,treatment,error_rate,0
2026-01-02T16:43:00+00:00,t81_13,treatment,conversion,1
2026-01-02T16:43:00+00:00,t81_13,treatment,error_rate,0
2026-01-02T16:44:00+00:00,t81_14,treatment,conversion,0
2026-01-02T16:44:00+00:00,t81_14,treatment,error_rate,0
2026-01-02T16:45:00+00:00,t81_15,treatment,conversion,0
2026-01-02T16:45:00+00:00,t81_15,treatment,error_rate,0
2026-01-02T16:46:00+00:00,t81_16,treatment,conversion,0
2026-01-02T16:46:00+00:00,t81_16,treatment,error_rate,0
2026-01-02T16:47:00+00:00,t81_17,treatment,conversion,0
2026-01-02T16:47:00+00:00,t81_17,treatment,error_rate,0
2026-01-02T16:48:00+00:00,t81_18,treatment,conversion,0
2026-01-02T16:48:00+00:00,t81_18,treatment,error_rate,0
2026-01-02T16:49:00+00:00,t81_19,treatment,conversion,0
2026-01-02T16:49:00+00:00,t81_19,treatment,error_rate,0
2026-01-02T16:50:00+00:00,t81_20,treatment,conversion,1
2026-01-02T16:50:00+00:00,t81_20,treatment,error_rate,0
2026-01-02T16:51:00+00:00,t81_21,treatment,conversion,0
2026-01-02T16:51:00+00:00,t81_21,treatment,error_rate,0
2026-01-02T16:52:00+00:00,t81_22,treatment,conversion,0
2026-01-02T16:52:00+00:00,t81_22,treatment,error_rate,0
2026-01-02T16:53:00+00:00,t81_23,treatment,conversion,0
2026-01-02T16:53:00+00:00,t81_23,treatment,error_rate,0
2026-01-02T16:54:00+00:00,t81_24,treatment,conversion,0
2026-01-02T16:54:00+00:00,t81_24,treatment,error_rate,0
2026-01-02T16:55:00+00:00,t81_25,treatment,conversion,0
2026-01-02T16:55:00+00:00,t81_25,treatment,error_rate,0
2026-01-02T16:56:00+00:00,t81_26,treatment,conversion,0
2026-01-02T16:56:00+00:00,t81_26,treatment,error_rate,0
2026-01-02T16:57:00+00:00,t81_27,treatment,conversion,0
2026-01-02T16:57:00+00:00,t81_27,treatment,error_rate,0
2026-01-02T16:58:00+00:00,t81_28,treatment,conversion,0
2026-01-02T16:58:00+00:00,t81_28,treatment,error_rate,0
2026-01-02T16:59:00+00:00,t81_29,treatment,conversion,0
2026-01-02T16:59:00+00:00,t81_29,treatment,error_rate,1
2026-01-02T17:00:00+00:00,c82_0,control,conversion,0
2026-01-02T17:00:00+00:00,c82_0,control,error_rate,1
2026-01-02T17:01:00+00:00,c82_1,control,conversion,0
2026-01-02T17:01:00+00:00,c82_1,control,error_rate,0
2026-01-02T17:02:00+00:00,c82_2,control,conversion,0
2026-01-02T17:02:00+00:00,c82_2,control,error_rate,0
2026-01-02T17:03:00+00:00,c82_3,control,conversion,0
2026-01-02T17:03:00+00:00,c82_3,control,error_rate,0
2026-01-02T17:04:00+00:00,c82_4,control,conversion,0
2026-01-02T17:04:00+00:00,c82_4,control,error_rate,1
2026-01-02T17:05:00+00:00,c82_5,control,conversion,0
2026-01-02T17:05:00+00:00,c82_5,control,error_rate,0
2026-01-02T17:06:00+00:00,c82_6,control,conversion,0
2026-01-02T17:06:00+00:00,c82_6,control,error_rate,0
2026-01-02T17:07:00+00:00,c82_7,control,conversion,0
2026-01-02T17:07:00+00:00,c82_7,control,error_rate,0
2026-01-02T17:08:00+00:00,c82_8,control,conversion,0
2026-01-02T17:08:00+00:00,c82_8,control,error_rate,0
2026-01-02T17:09:00+00:00,c82_9,control,conversion,0
2026-01-02T17:09:00+00:00,c82_9,control,error_rate,0
2026-01-02T17:10:00+00:00,c82_10,control,conversion,0
2026-01-02T17:10:00+00:00,c82_10,control,error_rate,0
2026-01-02T17:11:00+00:00,c82_11,control,conversion,0
2026-01-02T17:11:00+00:00,c82_11,control,error_rate,0
2026-01-02T17:12:00+00:00,c82_12,control,conversion,0
2026-01-02T17:12:00+00:00,c82_12,control,error_rate,0
2026-01-02T17:13:00+00:00,c82_13,control,conversion,1
2026-01-02T17:13:00+00:00,c82_13,control,error_rate,0
2026-01-02T17:14:00+00:00,c82_14,control,conversion,0
2026-01-02T17:14:00+00:00,c82_14,control,error_rate,0
2026-01-02T17:15:00+00:00,c82_15,control,conversion,0
2026-01-02T17:15:00+00:00,c82_15,control,error_rate,0
2026-01-02T17:16:00+00:00,c82_16,control,conversion,0
2026-01-02T17:16:00+00:00,c82_16,control,error_rate,0
2026-01-02T17:17:00+00:00,c82_17,control,conversion,1
2026-01-02T17:17:00+00:00,c82_17,control,error_rate,1
2026-01-02T17:18:00+00:00,c82_18,control,conversion,0
2026-01-02T17:18:00+00:00,c82_18,control,error_rate,0
2026-01-02T17:19:00+00:00,c82_19,control,conversion,0
2026-01-02T17:19:00+00:00,c82_19,control,error_rate,1
2026-01-02T17:20:00+00:00,c82_20,control,conversion,0
2026-01-02T17:20:00+00:00,c82_20,control,error_rate,0
2026-01-02T17:21:00+00:00,c82_21,control,conversion,0
2026-01-02T17:21:00+00:00,c82_21,control,error_rate,0
2026-01-02T17:22:00+00:00,c82_22,control,conversion,0
2026-01-02T17:22:00+00:00,c82_22,control,error_rate,0
2026-01-02T17:23:00+00:00,c82_23,control,conversion,0
2026-01-02T17:23:00+00:00,c82_23,control,error_rate,0
2026-01-02T17:24:00+00:00,c82_24,control,conversion,0
2026-01-02T17:24:00+00:00,c82_24,control,error_rate,0
2026-01-02T17:25:00+00:00,c82_25,control,conversion,0
2026-01-02T17:25:00+00:00,c82_25,control,error_rate,0
2026-01-02T17:26:00+00:00,c82_26,control,conversion,0
2026-01-02T17:26:00+00:00,c82_26,control,error_rate,0
2026-01-02T17:27:00+00:00,c82_27,control,conversion,0
2026-01-02T17:27:00+00:00,c82_27,control,error_rate,0
2026-01-02T17:28:00+00:00,c82_28,control,conversion,0
2026-01-02T17:28:00+00:00,c82_28,control,error_rate,0
2026-01-02T17:29:00+00:00,c82_29,control,conversion,0
2026-01-02T17:29:00+00:00,c82_29,control,error_rate,0
2026-01-02T17:00:00+00:00,t82_0,treatment,conversion,0
2026-01-02T17:00:00+00:00,t82_0,treatment,error_rate,0
2026-01-02T17:01:00+00:00,t82_1,treatment,conversion,1
2026-01-02T17:01:00+00:00,t82_1,treatment,error_rate,0
2026-01-02T17:02:00+00:00,t82_2,treatment,conversion,0
2026-01-02T17:02:00+00:00,t82_2,treatment,error_rate,0
2026-01-02T17:03:00+00:00,t82_3,treatment,conversion,0
2026-01-02T17:03:00+00:00,t82_3,treatment,error_rate,0
2026-01-02T17:04:00+00:00,t82_4,treatment,conversion,1
2026-01-02T17:04:00+00:00,t82_4,treatment,error_rate,0
2026-01-02T17:05:00+00:00,t82_5,treatment,conversion,0
2026-01-02T17:05:00+00:00,t82_5,treatment,error_rate,1
2026-01-02T17:06:00+00:00,t82_6,treatment,conversion,0
2026-01-02T17:06:00+00:00,t82_6,treatment,error_rate,0
2026-01-02T17:07:00+00:00,t82_7,treatment,conversion,0
2026-01-02T17:07:00+00:00,t82_7,treatment,error_rate,0
2026-01-02T17:08:00+00:00,t82_8,treatment,conversion,0
2026-01-02T17:08:00+00:00,t82_8,treatment,error_rate,0
2026-01-02T17:09:00+00:00,t82_9,treatment,conversion,1
2026-01-02T17:09:00+00:00,t82_9,treatment,error_rate,0
2026-01-02T17:10:00+00:00,t82_10,treatment,conversion,0
2026-01-02T17:10:00+00:00,t82_10,treatment,error_rate,0
2026-01-02T17:11:00+00:00,t82_11,treatment,conversion,0
2026-01-02T17:11:00+00:00,t82_11,treatment,error_rate,0
2026-01-02T17:12:00+00:00,t82_12,treatment,conversion,0
2026-01-02T17:12:00+00:00,t82_12,treatment,error_rate,0
2026-01-02T17:13:00+00:00,t82_13,treatment,conversion,0
2026-01-02T17:13:00+00:00,t82_13,treatment,error_rate,0
2026-01-02T17:14:00+00:00,t82_14,treatment,conversion,0
2026-01-02T17:14:00+00:00,t82_14,treatment,error_rate,0
2026-01-02T17:15:00+00:00,t82_15,treatment,conversion,1
2026-01-02T17:15:00+00:00,t82_15,treatment,error_rate,1
2026-01-02T17:16:00+00:00,t82_16,treatment,conversion,0
2026-01-02T17:16:00+00:00,t82_16,treatment,error_rate,0
2026-01-02T17:17:00+00:00,t82_17,treatment,conversion,0
2026-01-02T17:17:00+00:00,t82_17,treatment,error_rate,0
2026-01-02T17:18:00+00:00,t82_18,treatment,conversion,0
2026-01-02T17:18:00+00:00,t82_18,treatment,error_rate,1
2026-01-02T17:19:00+00:00,t82_19,treatment,conversion,0
2026-01-02T17:19:00+00:00,t82_19,treatment,error_rate,0
2026-01-02T17:20:00+00:00,t82_20,treatment,conversion,0
2026-01-02T17:20:00+00:00,t82_20,treatment,error_rate,0
2026-01-02T17:21:00+00:00,t82_21,treatment,conversion,0
2026-01-02T17:21:00+00:00,t82_21,treatment,error_rate,0
2026-01-02T17:22:00+00:00,t82_22,treatment,conversion,0
2026-01-02T17:22:00+00:00,t82_22,treatment,error_rate,0
2026-01-02T17:23:00+00:00,t82_23,treatment,conversion,1
2026-01-02T17:23:00+00:00,t82_23,treatment,error_rate,0
2026-01-02T17:24:00+00:00,t82_24,treatment,conversion,0
2026-01-02T17:24:00+00:00,t82_24,treatment,error_rate,0
2026-01-02T17:25:00+00:00,t82_25,treatment,conversion,0
2026-01-02T17:25:00+00:00,t82_25,treatment,error_rate,0
2026-01-02T17:26:00+00:00,t82_26,treatment,conversion,1
2026-01-02T17:26:00+00:00,t82_26,treatment,error_rate,0
2026-01-02T17:27:00+00:00,t82_27,treatment,conversion,0
2026-01-02T17:27:00+00:00,t82_27,treatment,error_rate,0
2026-01-02T17:28:00+00:00,t82_28,treatment,conversion,0
2026-01-02T17:28:00+00:00,t82_28,treatment,error_rate,0
2026-01-02T17:29:00+00:00,t82_29,treatment,conversion,1
2026-01-02T17:29:00+00:00,t82_29,treatment,error_rate,0
2026-01-02T17:30:00+00:00,c83_0,control,conversion,1
2026-01-02T17:30:00+00:00,c83_0,control,error_rate,0
2026-01-02T17:31:00+00:00,c83_1,control,conversion,0
2026-01-02T17:31:00+00:00,c83_1,control,error_rate,0
2026-01-02T17:32:00+00:00,c83_2,control,conversion,0
2026-01-02T17:32:00+00:00,c83_2,control,error_rate,0
2026-01-02T17:33:00+00:00,c83_3,control,conversion,0
2026-01-02T17:33:00+00:00,c83_3,control,error_rate,0
2026-01-02T17:34:00+00:00,c83_4,control,conversion,0
2026-01-02T17:34:00+00:00,c83_4,control,error_rate,0
2026-01-02T17:35:00+00:00,c83_5,control,conversion,0
2026-01-02T17:35:00+00:00,c83_5,control,error_rate,0
2026-01-02T17:36:00+00:00,c83_6,control,conversion,0
2026-01-02T17:36:00+00:00,c83_6,control,error_rate,0
2026-01-02T17:37:00+00:00,c83_7,control,conversion,1
2026-01-02T17:37:00+00:00,c83_7,control,error_rate,0
2026-01-02T17:38:00+00:00,c83_8,control,conversion,0
2026-01-02T17:38:00+00:00,c83_8,control,error_rate,0
2026-01-02T17:39:00+00:00,c83_9,control,conversion,0
2026-01-02T17:39:00+00:00,c83_9,control,error_rate,0
2026-01-02T17:40:00+00:00,c83_10,control,conversion,0
2026-01-02T17:40:00+00:00,c83_10,control,error_rate,0
2026-01-02T17:41:00+00:00,c83_11,control,conversion,0
2026-01-02T17:41:00+00:00,c83_11,control,error_rate,1
2026-01-02T17:42:00+00:00,c83_12,control,conversion,0
2026-01-02T17:42:00+00:00,c83_12,control,error_rate,0
2026-01-02T17:43:00+00:00,c83_13,control,conversion,0
2026-01-02T17:43:00+00:00,c83_13,control,error_rate,0
2026-01-02T17:44:00+00:00,c83_14,control,conversion,0
2026-01-02T17:44:00+00:00,c83_14,control,error_rate,0
2026-01-02T17:45:00+00:00,c83_15,control,conversion,0
2026-01-02T17:45:00+00:00,c83_15,control,error_rate,0
2026-01-02T17:46:00+00:00,c83_16,control,conversion,0
2026-01-02T17:46:00+00:00,c83_16,control,error_rate,0
2026-01-02T17:47:00+00:00,c83_17,control,conversion,0
2026-01-02T17:47:00+00:00,c83_17,control,error_rate,1
2026-01-02T17:48:00+00:00,c83_18,control,conversion,1
2026-01-02T17:48:00+00:00,c83_18,control,error_rate,0
2026-01-02T17:49:00+00:00,c83_19,control,conversion,0
2026-01-02T17:49:00+00:00,c83_19,control,error_rate,0
2026-01-02T17:50:00+00:00,c83_20,control,conversion,0
2026-01-02T17:50:00+00:00,c83_20,control,error_rate,0
2026-01-02T17:51:00+00:00,c83_21,control,conversion,0
2026-01-02T17:51:00+00:00,c83_21,control,error_rate,0
2026-01-02T17:52:00+00:00,c83_22,control,conversion,0
2026-01-02T17:52:00+00:00,c83_22,control,error_rate,0
2026-01-02T17:53:00+00:00,c83_23,control,conversion,0
2026-01-02T17:53:00+00:00,c83_23,control,error_rate,0
2026-01-02T17:54:00+00:00,c83_24,control,conversion,0
2026-01-02T17:54:00+00:00,c83_24,control,error_rate,0
2026-01-02T17:55:00+00:00,c83_25,control,conversion,0
2026-01-02T17:55:00+00:00,c83_25,control,error_rate,0
2026-01-02T17:56:00+00:00,c83_26,control,conversion,0
2026-01-02T17:56:00+00:00,c83_26,control,error_rate,0
2026-01-02T17:57:00+00:00,c83_27,control,conversion,0
2026-01-02T17:57:00+00:00,c83_27,control,error_rate,0
2026-01-02T17:58:00+00:00,c83_28,control,conversion,0
2026-01-02T17:58:00+00:00,c83_28,control,error_rate,0
2026-01-02T17:59:00+00:00,c83_29,control,conversion,1
2026-01-02T17:59:00+00:00,c83_29,control,error_rate,0
2026-01-02T17:30:00+00:00,t83_0,treatment,conversion,0
2026-01-02T17:30:00+00:00,t83_0,treatment,error_rate,0
2026-01-02T17:31:00+00:00,t83_1,treatment,conversion,0
2026-01-02T17:31:00+00:00,t83_1,treatment,error_rate,0
2026-01-02T17:32:00+00:00,t83_2,treatment,conversion,0
2026-01-02T17:32:00+00:00,t83_2,treatment,error_rate,0
2026-01-02T17:33:00+00:00,t83_3,treatment,conversion,0
2026-01-02T17:33:00+00:00,t83_3,treatment,error_rate,0
2026-01-02T17:34:00+00:00,t83_4,treatment,conversion,0
2026-01-02T17:34:00+00:00,t83_4,treatment,error_rate,0
2026-01-02T17:35:00+00:00,t83_5,treatment,conversion,0
2026-01-02T17:35:00+00:00,t83_5,treatment,error_rate,0
2026-01-02T17:36:00+00:00,t83_6,treatment,conversion,0
2026-01-02T17:36:00+00:00,t83_6,treatment,error_rate,0
2026-01-02T17:37:00+00:00,t83_7,treatment,conversion,0
2026-01-02T17:37:00+00:00,t83_7,treatment,error_rate,0
2026-01-02T17:38:00+00:00,t83_8,treatment,conversion,0
2026-01-02T17:38:00+00:00,t83_8,treatment,error_rate,0
2026-01-02T17:39:00+00:00,t83_9,treatment,conversion,1
2026-01-02T17:39:00+00:00,t83_9,treatment,error_rate,0
2026-01-02T17:40:00+00:00,t83_10,treatment,conversion,0
2026-01-02T17:40:00+00:00,t83_10,treatment,error_rate,0
2026-01-02T17:41:00+00:00,t83_11,treatment,conversion,0
2026-01-02T17:41:00+00:00,t83_11,treatment,error_rate,0
2026-01-02T17:42:00+00:00,t83_12,treatment,conversion,0
2026-01-02T17:42:00+00:00,t83_12,treatment,error_rate,0
2026-01-02T17:43:00+00:00,t83_13,treatment,conversion,0
2026-01-02T17:43:00+00:00,t83_13,treatment,error_rate,0
2026-01-02T17:44:00+00:00,t83_14,treatment,conversion,0
2026-01-02T17:44:00+00:00,t83_14,treatment,error_rate,0
2026-01-02T17:45:00+00:00,t83_15,treatment,conversion,0
2026-01-02T17:45:00+00:00,t83_15,treatment,error_rate,0
2026-01-02T17:46:00+00:00,t83_16,treatment,conversion,0
2026-01-02T17:46:00+00:00,t83_16,treatment,error_rate,0
2026-01-02T17:47:00+00:00,t83_17,treatment,conversion,0
2026-01-02T17:47:00+00:00,t83_17,treatment,error_rate,0
2026-01-02T17:48:00+00:00,t83_18,treatment,conversion,0
2026-01-02T17:48:00+00:00,t83_18,treatment,error_rate,0
2026-01-02T17:49:00+00:00,t83_19,treatment,conversion,1
2026-01-02T17:49:00+00:00,t83_19,treatment,error_rate,0
2026-01-02T17:50:00+00:00,t83_20,treatment,conversion,0
2026-01-02T17:50:00+00:00,t83_20,treatment,error_rate,0
2026-01-02T17:51:00+00:00,t83_21,treatment,conversion,0
2026-01-02T17:51:00+00:00,t83_21,treatment,error_rate,1
2026-01-02T17:52:00+00:00,t83_22,treatment,conversion,0
2026-01-02T17:52:00+00:00,t83_22,treatment,error_rate,0
2026-01-02T17:53:00+00:00,t83_23,treatment,conversion,0
2026-01-02T17:53:00+00:00,t83_23,treatment,error_rate,1
2026-01-02T17:54:00+00:00,t83_24,treatment,conversion,1
2026-01-02T17:54:00+00:00,t83_24,treatment,error_rate,1
2026-01-02T17:55:00+00:00,t83_25,treatment,conversion,0
2026-01-02T17:55:00+00:00,t83_25,treatment,error_rate,0
2026-01-02T17:56:00+00:00,t83_26,treatment,conversion,0
2026-01-02T17:56:00+00:00,t83_26,treatment,error_rate,0
2026-01-02T17:57:00+00:00,t83_27,treatment,conversion,1
2026-01-02T17:57:00+00:00,t83_27,treatment,error_rate,0
2026-01-02T17:58:00+00:00,t83_28,treatment,conversion,0
2026-01-02T17:58:00+00:00,t83_28,treatment,error_rate,0
2026-01-02T17:59:00+00:00,t83_29,treatment,conversion,0
2026-01-02T17:59:00+00:00,t83_29,treatment,error_rate,0
2026-01-02T18:00:00+00:00,c84_0,control,conversion,0
2026-01-02T18:00:00+00:00,c84_0,control,error_rate,0
2026-01-02T18:01:00+00:00,c84_1,control,conversion,0
2026-01-02T18:01:00+00:00,c84_1,control,error_rate,0
2026-01-02T18:02:00+00:00,c84_2,control,conversion,0
2026-01-02T18:02:00+00:00,c84_2,control,error_rate,0
2026-01-02T18:03:00+00:00,c84_3,control,conversion,0
2026-01-02T18:03:00+00:00,c84_3,control,error_rate,0
2026-01-02T18:04:00+00:00,c84_4,control,conversion,0
2026-01-02T18:04:00+00:00,c84_4,control,error_rate,0
2026-01-02T18:05:00+00:00,c84_5,control,conversion,0
2026-01-02T18:05:00+00:00,c84_5,control,error_rate,0
2026-01-02T18:06:00+00:00,c84_6,control,conversion,0
2026-01-02T18:06:00+00:00,c84_6,control,error_rate,0
2026-01-02T18:07:00+00:00,c84_7,control,conversion,0
2026-01-02T18:07:00+00:00,c84_7,control,error_rate,0
2026-01-02T18:08:00+00:00,c84_8,control,conversion,1
2026-01-02T18:08:00+00:00,c84_8,control,error_rate,0
2026-01-02T18:09:00+00:00,c84_9,control,conversion,0
2026-01-02T18:09:00+00:00,c84_9,control,error_rate,1
2026-01-02T18:10:00+00:00,c84_10,control,conversion,0
2026-01-02T18:10:00+00:00,c84_10,control,error_rate,0
2026-01-02T18:11:00+00:00,c84_11,control,conversion,1
2026-01-02T18:11:00+00:00,c84_11,control,error_rate,0
2026-01-02T18:12:00+00:00,c84_12,control,conversion,0
2026-01-02T18:12:00+00:00,c84_12,control,error_rate,0
2026-01-02T18:13:00+00:00,c84_13,control,conversion,0
2026-01-02T18:13:00+00:00,c84_13,control,error_rate,0
2026-01-02T18:14:00+00:00,c84_14,control,conversion,0
2026-01-02T18:14:00+00:00,c84_14,control,error_rate,0
2026-01-02T18:15:00+00:00,c84_15,control,conversion,0
2026-01-02T18:15:00+00:00,c84_15,control,error_rate,0
2026-01-02T18:16:00+00:00,c84_16,control,conversion,0
2026-01-02T18:16:00+00:00,c84_16,control,error_rate,0
2026-01-02T18:17:00+00:00,c84_17,control,conversion,0
2026-01-02T18:17:00+00:00,c84_17,control,error_rate,0
2026-01-02T18:18:00+00:00,c84_18,control,conversion,0
2026-01-02T18:18:00+00:00,c84_18,control,error_rate,0
2026-01-02T18:19:00+00:00,c84_19,control,conversion,1
2026-01-02T18:19:00+00:00,c84_19,control,error_rate,0
2026-01-02T18:20:00+00:00,c84_20,control,conversion,0
2026-01-02T18:20:00+00:00,c84_20,control,error_rate,0
2026-01-02T18:21:00+00:00,c84_21,control,conversion,0
2026-01-02T18:21:00+00:00,c84_21,control,error_rate,0
2026-01-02T18:22:00+00:00,c84_22,control,conversion,0
2026-01-02T18:22:00+00:00,c84_22,control,error_rate,1
2026-01-02T18:23:00+00:00,c84_23,control,conversion,0
2026-01-02T18:23:00+00:00,c84_23,control,error_rate,0
2026-01-02T18:24:00+00:00,c84_24,control,conversion,1
2026-01-02T18:24:00+00:00,c84_24,control,error_rate,0
2026-01-02T18:25:00+00:00,c84_25,control,conversion,0
2026-01-02T18:25:00+00:00,c84_25,control,error_rate,1
2026-01-02T18:26:00+00:00,c84_26,control,conversion,0
2026-01-02T18:26:00+00:00,c84_26,control,error_rate,0
2026-01-02T18:27:00+00:00,c84_27,control,conversion,0
2026-01-02T18:27:00+00:00,c84_27,control,error_rate,0
2026-01-02T18:28:00+00:00,c84_28,control,conversion,0
2026-01-02T18:28:00+00:00,c84_28,control,error_rate,0
2026-01-02T18:29:00+00:00,c84_29,control,conversion,0
2026-01-02T18:29:00+00:00,c84_29,control,error_rate,0
2026-01-02T18:00:00+00:00,t84_0,treatment,conversion,0
2026-01-02T18:00:00+00:00,t84_0,treatment,error_rate,0
2026-01-02T18:01:00+00:00,t84_1,treatment,conversion,0
2026-01-02T18:01:00+00:00,t84_1,treatment,error_rate,0
2026-01-02T18:02:00+00:00,t84_2,treatment,conversion,1
2026-01-02T18:02:00+00:00,t84_2,treatment,error_rate,0
2026-01-02T18:03:00+00:00,t84_3,treatment,conversion,0
2026-01-02T18:03:00+00:00,t84_3,treatment,error_rate,0
2026-01-02T18:04:00+00:00,t84_4,treatment,conversion,0
2026-01-02T18:04:00+00:00,t84_4,treatment,error_rate,0
2026-01-02T18:05:00+00:00,t84_5,treatment,conversion,0
2026-01-02T18:05:00+00:00,t84_5,treatment,error_rate,0
2026-01-02T18:06:00+00:00,t84_6,treatment,conversion,0
2026-01-02T18:06:00+00:00,t84_6,treatment,error_rate,0
2026-01-02T18:07:00+00:00,t84_7,treatment,conversion,0
2026-01-02T18:07:00+00:00,t84_7,treatment,error_rate,0
2026-01-02T18:08:00+00:00,t84_8,treatment,conversion,1
2026-01-02T18:08:00+00:00,t84_8,treatment,error_rate,0
2026-01-02T18:09:00+00:00,t84_9,treatment,conversion,0
2026-01-02T18:09:00+00:00,t84_9,treatment,error_rate,0
2026-01-02T18:10:00+00:00,t84_10,treatment,conversion,0
2026-01-02T18:10:00+00:00,t84_10,treatment,error_rate,0
2026-01-02T18:11:00+00:00,t84_11,treatment,conversion,1
2026-01-02T18:11:00+00:00,t84_11,treatment,error_rate,0
2026-01-02T18:12:00+00:00,t84_12,treatment,conversion,0
2026-01-02T18:12:00+00:00,t84_12,treatment,error_rate,0
2026-01-02T18:13:00+00:00,t84_13,treatment,conversion,0
2026-01-02T18:13:00+00:00,t84_13,treatment,error_rate,0
2026-01-02T18:14:00+00:00,t84_14,treatment,conversion,0
2026-01-02T18:14:00+00:00,t84_14,treatment,error_rate,0
2026-01-02T18:15:00+00:00,t84_15,treatment,conversion,1
2026-01-02T18:15:00+00:00,t84_15,treatment,error_rate,0
2026-01-02T18:16:00+00:00,t84_16,treatment,conversion,0
2026-01-02T18:16:00+00:00,t84_16,treatment,error_rate,0
2026-01-02T18:17:00+00:00,t84_17,treatment,conversion,0
2026-01-02T18:17:00+00:00,t84_17,treatment,error_rate,0
2026-01-02T18:18:00+00:00,t84_18,treatment,conversion,0
2026-01-02T18:18:00+00:00,t84_18,treatment,error_rate,0
2026-01-02T18:19:00+00:00,t84_19,treatment,conversion,0
2026-01-02T18:19:00+00:00,t84_19,treatment,error_rate,0
2026-01-02T18:20:00+00:00,t84_20,treatment,conversion,1
2026-01-02T18:20:00+00:00,t84_20,treatment,error_rate,0
2026-01-02T18:21:00+00:00,t84_21,treatment,conversion,0
2026-01-02T18:21:00+00:00,t84_21,treatment,error_rate,0
2026-01-02T18:22:00+00:00,t84_22,treatment,conversion,0
2026-01-02T18:22:00+00:00,t84_22,treatment,error_rate,0
2026-01-02T18:23:00+00:00,t84_23,treatment,conversion,0
2026-01-02T18:23:00+00:00,t84_23,treatment,error_rate,0
2026-01-02T18:24:00+00:00,t84_24,treatment,conversion,1
2026-01-02T18:24:00+00:00,t84_24,treatment,error_rate,0
2026-01-02T18:25:00+00:00,t84_25,treatment,conversion,1
2026-01-02T18:25:00+00:00,t84_25,treatment,error_rate,0
2026-01-02T18:26:00+00:00,t84_26,treatment,conversion,0
2026-01-02T18:26:00+00:00,t84_26,treatment,error_rate,0
2026-01-02T18:27:00+00:00,t84_27,treatment,conversion,1
2026-01-02T18:27:00+00:00,t84_27,treatment,error_rate,0
2026-01-02T18:28:00+00:00,t84_28,treatment,conversion,0
2026-01-02T18:28:00+00:00,t84_28,treatment,error_rate,0
2026-01-02T18:29:00+00:00,t84_29,treatment,conversion,0
2026-01-02T18:29:00+00:00,t84_29,treatment,error_rate,1
2026-01-02T18:30:00+00:00,c85_0,control,conversion,0
2026-01-02T18:30:00+00:00,c85_0,control,error_rate,0
2026-01-02T18:31:00+00:00,c85_1,control,conversion,0
2026-01-02T18:31:00+00:00,c85_1,control,error_rate,0
2026-01-02T18:32:00+00:00,c85_2,control,conversion,0
2026-01-02T18:32:00+00:00,c85_2,control,error_rate,0
2026-01-02T18:33:00+00:00,c85_3,control,conversion,1
2026-01-02T18:33:00+00:00,c85_3,control,error_rate,0
2026-01-02T18:34:00+00:00,c85_4,control,conversion,0
2026-01-02T18:34:00+00:00,c85_4,control,error_rate,0
2026-01-02T18:35:00+00:00,c85_5,control,conversion,1
2026-01-02T18:35:00+00:00,c85_5,control,error_rate,1
2026-01-02T18:36:00+00:00,c85_6,control,conversion,0
2026-01-02T18:36:00+00:00,c85_6,control,error_rate,0
2026-01-02T18:37:00+00:00,c85_7,control,conversion,0
2026-01-02T18:37:00+00:00,c85_7,control,error_rate,0
2026-01-02T18:38:00+00:00,c85_8,control,conversion,0
2026-01-02T18:38:00+00:00,c85_8,control,error_rate,1
2026-01-02T18:39:00+00:00,c85_9,control,conversion,0
2026-01-02T18:39:00+00:00,c85_9,control,error_rate,0
2026-01-02T18:40:00+00:00,c85_10,control,conversion,0
2026-01-02T18:40:00+00:00,c85_10,control,error_rate,0
2026-01-02T18:41:00+00:00,c85_11,control,conversion,0
2026-01-02T18:41:00+00:00,c85_11,control,error_rate,0
2026-01-02T18:42:00+00:00,c85_12,control,conversion,0
2026-01-02T18:42:00+00:00,c85_12,control,error_rate,0
2026-01-02T18:43:00+00:00,c85_13,control,conversion,1
2026-01-02T18:43:00+00:00,c85_13,control,error_rate,0
2026-01-02T18:44:00+00:00,c85_14,control,conversion,0
2026-01-02T18:44:00+00:00,c85_14,control,error_rate,0
2026-01-02T18:45:00+00:00,c85_15,control,conversion,1
2026-01-02T18:45:00+00:00,c85_15,control,error_rate,0
2026-01-02T18:46:00+00:00,c85_16,control,conversion,0
2026-01-02T18:46:00+00:00,c85_16,control,error_rate,1
2026-01-02T18:47:00+00:00,c85_17,control,conversion,0
2026-01-02T18:47:00+00:00,c85_17,control,error_rate,0
2026-01-02T18:48:00+00:00,c85_18,control,conversion,0
2026-01-02T18:48:00+00:00,c85_18,control,error_rate,1
2026-01-02T18:49:00+00:00,c85_19,control,conversion,0
2026-01-02T18:49:00+00:00,c85_19,control,error_rate,1
2026-01-02T18:50:00+00:00,c85_20,control,conversion,0
2026-01-02T18:50:00+00:00,c85_20,control,error_rate,0
2026-01-02T18:51:00+00:00,c85_21,control,conversion,0
2026-01-02T18:51:00+00:00,c85_21,control,error_rate,0
2026-01-02T18:52:00+00:00,c85_22,control,conversion,0
2026-01-02T18:52:00+00:00,c85_22,control,error_rate,0
2026-01-02T18:53:00+00:00,c85_23,control,conversion,0
2026-01-02T18:53:00+00:00,c85_23,control,error_rate,0
2026-01-02T18:54:00+00:00,c85_24,control,conversion,0
2026-01-02T18:54:00+00:00,c85_24,control,error_rate,0
2026-01-02T18:55:00+00:00,c85_25,control,conversion,0
2026-01-02T18:55:00+00:00,c85_25,control,error_rate,0
2026-01-02T18:56:00+00:00,c85_26,control,conversion,0
2026-01-02T18:56:00+00:00,c85_26,control,error_rate,0
2026-01-02T18:57:00+00:00,c85_27,control,conversion,0
2026-01-02T18:57:00+00:00,c85_27,control,error_rate,0
2026-01-02T18:58:00+00:00,c85_28,control,conversion,0
2026-01-02T18:58:00+00:00,c85_28,control,error_rate,0
2026-01-02T18:59:00+00:00,c85_29,control,conversion,0
2026-01-02T18:59:00+00:00,c85_29,control,error_rate,0
2026-01-02T18:30:00+00:00,t85_0,treatment,conversion,0
2026-01-02T18:30:00+00:00,t85_0,treatment,error_rate,0
2026-01-02T18:31:00+00:00,t85_1,treatment,conversion,0
2026-01-02T18:31:00+00:00,t85_1,treatment,error_rate,0
2026-01-02T18:32:00+00:00,t85_2,treatment,conversion,0
2026-01-02T18:32:00+00:00,t85_2,treatment,error_rate,0
2026-01-02T18:33:00+00:00,t85_3,treatment,conversion,0
2026-01-02T18:33:00+00:00,t85_3,treatment,error_rate,0
2026-01-02T18:34:00+00:00,t85_4,treatment,conversion,0
2026-01-02T18:34:00+00:00,t85_4,treatment,error_rate,0
2026-01-02T18:35:00+00:00,t85_5,treatment,conversion,0
2026-01-02T18:35:00+00:00,t85_5,treatment,error_rate,0
2026-01-02T18:36:00+00:00,t85_6,treatment,conversion,1
2026-01-02T18:36:00+00:00,t85_6,treatment,error_rate,0
2026-01-02T18:37:00+00:00,t85_7,treatment,conversion,0
2026-01-02T18:37:00+00:00,t85_7,treatment,error_rate,1
2026-01-02T18:38:00+00:00,t85_8,treatment,conversion,0
2026-01-02T18:38:00+00:00,t85_8,treatment,error_rate,0
2026-01-02T18:39:00+00:00,t85_9,treatment,conversion,0
2026-01-02T18:39:00+00:00,t85_9,treatment,error_rate,0
2026-01-02T18:40:00+00:00,t85_10,treatment,conversion,1
2026-01-02T18:40:00+00:00,t85_10,treatment,error_rate,0
2026-01-02T18:41:00+00:00,t85_11,treatment,conversion,0
2026-01-02T18:41:00+00:00,t85_11,treatment,error_rate,0
2026-01-02T18:42:00+00:00,t85_12,treatment,conversion,0
2026-01-02T18:42:00+00:00,t85_12,treatment,error_rate,0
2026-01-02T18:43:00+00:00,t85_13,treatment,conversion,0
2026-01-02T18:43:00+00:00,t85_13,treatment,error_rate,0
2026-01-02T18:44:00+00:00,t85_14,treatment,conversion,0
2026-01-02T18:44:00+00:00,t85_14,treatment,error_rate,0
2026-01-02T18:45:00+00:00,t85_15,treatment,conversion,0
2026-01-02T18:45:00+00:00,t85_15,treatment,error_rate,0
2026-01-02T18:46:00+00:00,t85_16,treatment,conversion,0
2026-01-02T18:46:00+00:00,t85_16,treatment,error_rate,0
2026-01-02T18:47:00+00:00,t85_17,treatment,conversion,0
2026-01-02T18:47:00+00:00,t85_17,treatment,error_rate,0
2026-01-02T18:48:00+00:00,t85_18,treatment,conversion,0
2026-01-02T18:48:00+00:00,t85_18,treatment,error_rate,0
2026-01-02T18:49:00+00:00,t85_19,treatment,conversion,0
2026-01-02T18:49:00+00:00,t85_19,treatment,error_rate,0
2026-01-02T18:50:00+00:00,t85_20,treatment,conversion,0
2026-01-02T18:50:00+00:00,t85_20,treatment,error_rate,0
2026-01-02T18:51:00+00:00,t85_21,treatment,conversion,0
2026-01-02T18:51:00+00:00,t85_21,treatment,error_rate,0
2026-01-02T18:52:00+00:00,t85_22,treatment,conversion,0
2026-01-02T18:52:00+00:00,t85_22,treatment,error_rate,0
2026-01-02T18:53:00+00:00,t85_23,treatment,conversion,0
2026-01-02T18:53:00+00:00,t85_23,treatment,error_rate,0
2026-01-02T18:54:00+00:00,t85_24,treatment,conversion,1
2026-01-02T18:54:00+00:00,t85_24,treatment,error_rate,0
2026-01-02T18:55:00+00:00,t85_25,treatment,conversion,0
2026-01-02T18:55:00+00:00,t85_25,treatment,error_rate,0
2026-01-02T18:56:00+00:00,t85_26,treatment,conversion,1
2026-01-02T18:56:00+00:00,t85_26,treatment,error_rate,0
2026-01-02T18:57:00+00:00,t85_27,treatment,conversion,0
2026-01-02T18:57:00+00:00,t85_27,treatment,error_rate,0
2026-01-02T18:58:00+00:00,t85_28,treatment,conversion,0
2026-01-02T18:58:00+00:00,t85_28,treatment,error_rate,0
2026-01-02T18:59:00+00:00,t85_29,treatment,conversion,0
2026-01-02T18:59:00+00:00,t85_29,treatment,error_rate,0
2026-01-02T19:00:00+00:00,c86_0,control,conversion,0
2026-01-02T19:00:00+00:00,c86_0,control,error_rate,0
2026-01-02T19:01:00+00:00,c86_1,control,conversion,0
2026-01-02T19:01:00+00:00,c86_1,control,error_rate,0
2026-01-02T19:02:00+00:00,c86_2,control,conversion,0
2026-01-02T19:02:00+00:00,c86_2,control,error_rate,0
2026-01-02T19:03:00+00:00,c86_3,control,conversion,0
2026-01-02T19:03:00+00:00,c86_3,control,error_rate,0
2026-01-02T19:04:00+00:00,c86_4,control,conversion,0
2026-01-02T19:04:00+00:00,c86_4,control,error_rate,0
2026-01-02T19:05:00+00:00,c86_5,control,conversion,0
2026-01-02T19:05:00+00:00,c86_5,control,error_rate,0
2026-01-02T19:06:00+00:00,c86_6,control,conversion,0
2026-01-02T19:06:00+00:00,c86_6,control,error_rate,0
2026-01-02T19:07:00+00:00,c86_7,control,conversion,0
2026-01-02T19:07:00+00:00,c86_7,control,error_rate,0
2026-01-02T19:08:00+00:00,c86_8,control,conversion,0
2026-01-02T19:08:00+00:00,c86_8,control,error_rate,0
2026-01-02T19:09:00+00:00,c86_9,control,conversion,1
2026-01-02T19:09:00+00:00,c86_9,control,error_rate,1
2026-01-02T19:10:00+00:00,c86_10,control,conversion,0
2026-01-02T19:10:00+00:00,c86_10,control,error_rate,0
2026-01-02T19:11:00+00:00,c86_11,control,conversion,0
2026-01-02T19:11:00+00:00,c86_11,control,error_rate,0
2026-01-02T19:12:00+00:00,c86_12,control,conversion,1
2026-01-02T19:12:00+00:00,c86_12,control,error_rate,0
2026-01-02T19:13:00+00:00,c86_13,control,conversion,0
2026-01-02T19:13:00+00:00,c86_13,control,error_rate,0
2026-01-02T19:14:00+00:00,c86_14,control,conversion,0
2026-01-02T19:14:00+00:00,c86_14,control,error_rate,0
2026-01-02T19:15:00+00:00,c86_15,control,conversion,0
2026-01-02T19:15:00+00:00,c86_15,control,error_rate,0
2026-01-02T19:16:00+00:00,c86_16,control,conversion,0
2026-01-02T19:16:00+00:00,c86_16,control,error_rate,0
2026-01-02T19:17:00+00:00,c86_17,control,conversion,0
2026-01-02T19:17:00+00:00,c86_17,control,error_rate,1
2026-01-02T19:18:00+00:00,c86_18,control,conversion,0
2026-01-02T19:18:00+00:00,c86_18,control,error_rate,0
2026-01-02T19:19:00+00:00,c86_19,control,conversion,0
2026-01-02T19:19:00+00:00,c86_19,control,error_rate,0
2026-01-02T19:20:00+00:00,c86_20,control,conversion,0
2026-01-02T19:20:00+00:00,c86_20,control,error_rate,0
2026-01-02T19:21:00+00:00,c86_21,control,conversion,0
2026-01-02T19:21:00+00:00,c86_21,control,error_rate,0
2026-01-02T19:22:00+00:00,c86_22,control,conversion,0
2026-01-02T19:22:00+00:00,c86_22,control,error_rate,0
2026-01-02T19:23:00+00:00,c86_23,control,conversion,0
2026-01-02T19:23:00+00:00,c86_23,control,error_rate,0
2026-01-02T19:24:00+00:00,c86_24,control,conversion,0
2026-01-02T19:24:00+00:00,c86_24,control,error_rate,0
2026-01-02T19:25:00+00:00,c86_25,control,conversion,0
2026-01-02T19:25:00+00:00,c86_25,control,error_rate,1
2026-01-02T19:26:00+00:00,c86_26,control,conversion,0
2026-01-02T19:26:00+00:00,c86_26,control,error_rate,0
2026-01-02T19:27:00+00:00,c86_27,control,conversion,0
2026-01-02T19:27:00+00:00,c86_27,control,error_rate,0
2026-01-02T19:28:00+00:00,c86_28,control,conversion,0
2026-01-02T19:28:00+00:00,c86_28,control,error_rate,0
2026-01-02T19:29:00+00:00,c86_29,control,conversion,0
2026-01-02T19:29:00+00:00,c86_29,control,error_rate,0
2026-01-02T19:00:00+00:00,t86_0,treatment,conversion,0
2026-01-02T19:00:00+00:00,t86_0,treatment,error_rate,0
2026-01-02T19:01:00+00:00,t86_1,treatment,conversion,0
2026-01-02T19:01:00+00:00,t86_1,treatment,error_rate,0
2026-01-02T19:02:00+00:00,t86_2,treatment,conversion,0
2026-01-02T19:02:00+00:00,t86_2,treatment,error_rate,1
2026-01-02T19:03:00+00:00,t86_3,treatment,conversion,0
2026-01-02T19:03:00+00:00,t86_3,treatment,error_rate,0
2026-01-02T19:04:00+00:00,t86_4,treatment,conversion,0
2026-01-02T19:04:00+00:00,t86_4,treatment,error_rate,0
2026-01-02T19:05:00+00:00,t86_5,treatment,conversion,0
2026-01-02T19:05:00+00:00,t86_5,treatment,error_rate,0
2026-01-02T19:06:00+00:00,t86_6,treatment,conversion,1
2026-01-02T19:06:00+00:00,t86_6,treatment,error_rate,0
2026-01-02T19:07:00+00:00,t86_7,treatment,conversion,1
2026-01-02T19:07:00+00:00,t86_7,treatment,error_rate,1
2026-01-02T19:08:00+00:00,t86_8,treatment,conversion,0
2026-01-02T19:08:00+00:00,t86_8,treatment,error_rate,0
2026-01-02T19:09:00+00:00,t86_9,treatment,conversion,0
2026-01-02T19:09:00+00:00,t86_9,treatment,error_rate,0
2026-01-02T19:10:00+00:00,t86_10,treatment,conversion,0
2026-01-02T19:10:00+00:00,t86_10,treatment,error_rate,1
2026-01-02T19:11:00+00:00,t86_11,treatment,conversion,0
2026-01-02T19:11:00+00:00,t86_11,treatment,error_rate,0
2026-01-02T19:12:00+00:00,t86_12,treatment,conversion,0
2026-01-02T19:12:00+00:00,t86_12,treatment,error_rate,0
2026-01-02T19:13:00+00:00,t86_13,treatment,conversion,0
2026-01-02T19:13:00+00:00,t86_13,treatment,error_rate,0
2026-01-02T19:14:00+00:00,t86_14,treatment,conversion,0
2026-01-02T19:14:00+00:00,t86_14,treatment,error_rate,0
2026-01-02T19:15:00+00:00,t86_15,treatment,conversion,0
2026-01-02T19:15:00+00:00,t86_15,treatment,error_rate,0
2026-01-02T19:16:00+00:00,t86_16,treatment,conversion,0
2026-01-02T19:16:00+00:00,t86_16,treatment,error_rate,0
2026-01-02T19:17:00+00:00,t86_17,treatment,conversion,1
2026-01-02T19:17:00+00:00,t86_17,treatment,error_rate,0
2026-01-02T19:18:00+00:00,t86_18,treatment,conversion,0
2026-01-02T19:18:00+00:00,t86_18,treatment,error_rate,1
2026-01-02T19:19:00+00:00,t86_19,treatment,conversion,0
2026-01-02T19:19:00+00:00,t86_19,treatment,error_rate,0
2026-01-02T19:20:00+00:00,t86_20,treatment,conversion,1
2026-01-02T19:20:00+00:00,t86_20,treatment,error_rate,0
2026-01-02T19:21:00+00:00,t86_21,treatment,conversion,0
2026-01-02T19:21:00+00:00,t86_21,treatment,error_rate,0
2026-01-02T19:22:00+00:00,t86_22,treatment,conversion,0
2026-01-02T19:22:00+00:00,t86_22,treatment,error_rate,0
2026-01-02T19:23:00+00:00,t86_23,treatment,conversion,0
2026-01-02T19:23:00+00:00,t86_23,treatment,error_rate,0
2026-01-02T19:24:00+00:00,t86_24,treatment,conversion,0
2026-01-02T19:24:00+00:00,t86_24,treatment,error_rate,0
2026-01-02T19:25:00+00:00,t86_25,treatment,conversion,0
2026-01-02T19:25:00+00:00,t86_25,treatment,error_rate,0
2026-01-02T19:26:00+00:00,t86_26,treatment,conversion,0
2026-01-02T19:26:00+00:00,t86_26,treatment,error_rate,0
2026-01-02T19:27:00+00:00,t86_27,treatment,conversion,0
2026-01-02T19:27:00+00:00,t86_27,treatment,error_rate,0
2026-01-02T19:28:00+00:00,t86_28,treatment,conversion,0
2026-01-02T19:28:00+00:00,t86_28,treatment,error_rate,0
2026-01-02T19:29:00+00:00,t86_29,treatment,conversion,0
2026-01-02T19:29:00+00:00,t86_29,treatment,error_rate,0
2026-01-02T19:30:00+00:00,c87_0,control,conversion,1
2026-01-02T19:30:00+00:00,c87_0,control,error_rate,0
2026-01-02T19:31:00+00:00,c87_1,control,conversion,0
2026-01-02T19:31:00+00:00,c87_1,control,error_rate,0
2026-01-02T19:32:00+00:00,c87_2,control,conversion,0
2026-01-02T19:32:00+00:00,c87_2,control,error_rate,0
2026-01-02T19:33:00+00:00,c87_3,control,conversion,0
2026-01-02T19:33:00+00:00,c87_3,control,error_rate,0
2026-01-02T19:34:00+00:00,c87_4,control,conversion,1
2026-01-02T19:34:00+00:00,c87_4,control,error_rate,0
2026-01-02T19:35:00+00:00,c87_5,control,conversion,0
2026-01-02T19:35:00+00:00,c87_5,control,error_rate,0
2026-01-02T19:36:00+00:00,c87_6,control,conversion,0
2026-01-02T19:36:00+00:00,c87_6,control,error_rate,0
2026-01-02T19:37:00+00:00,c87_7,control,conversion,0
2026-01-02T19:37:00+00:00,c87_7,control,error_rate,0
2026-01-02T19:38:00+00:00,c87_8,control,conversion,0
2026-01-02T19:38:00+00:00,c87_8,control,error_rate,0
2026-01-02T19:39:00+00:00,c87_9,control,conversion,0
2026-01-02T19:39:00+00:00,c87_9,control,error_rate,0
2026-01-02T19:40:00+00:00,c87_10,control,conversion,0
2026-01-02T19:40:00+00:00,c87_10,control,error_rate,0
2026-01-02T19:41:00+00:00,c87_11,control,conversion,0
2026-01-02T19:41:00+00:00,c87_11,control,error_rate,1
2026-01-02T19:42:00+00:00,c87_12,control,conversion,0
2026-01-02T19:42:00+00:00,c87_12,control,error_rate,0
2026-01-02T19:43:00+00:00,c87_13,control,conversion,0
2026-01-02T19:43:00+00:00,c87_13,control,error_rate,0
2026-01-02T19:44:00+00:00,c87_14,control,conversion,0
2026-01-02T19:44:00+00:00,c87_14,control,error_rate,0
2026-01-02T19:45:00+00:00,c87_15,control,conversion,0
2026-01-02T19:45:00+00:00,c87_15,control,error_rate,0
2026-01-02T19:46:00+00:00,c87_16,control,conversion,0
2026-01-02T19:46:00+00:00,c87_16,control,error_rate,0
2026-01-02T19:47:00+00:00,c87_17,control,conversion,0
2026-01-02T19:47:00+00:00,c87_17,control,error_rate,1
2026-01-02T19:48:00+00:00,c87_18,control,conversion,0
2026-01-02T19:48:00+00:00,c87_18,control,error_rate,0
2026-01-02T19:49:00+00:00,c87_19,control,conversion,1
2026-01-02T19:49:00+00:00,c87_19,control,error_rate,0
2026-01-02T19:50:00+00:00,c87_20,control,conversion,0
2026-01-02T19:50:00+00:00,c87_20,control,error_rate,0
2026-01-02T19:51:00+00:00,c87_21,control,conversion,0
2026-01-02T19:51:00+00:00,c87_21,control,error_rate,1
2026-01-02T19:52:00+00:00,c87_22,control,conversion,0
2026-01-02T19:52:00+00:00,c87_22,control,error_rate,0
2026-01-02T19:53:00+00:00,c87_23,control,conversion,0
2026-01-02T19:53:00+00:00,c87_23,control,error_rate,0
2026-01-02T19:54:00+00:00,c87_24,control,conversion,0
2026-01-02T19:54:00+00:00,c87_24,control,error_rate,0
2026-01-02T19:55:00+00:00,c87_25,control,conversion,0
2026-01-02T19:55:00+00:00,c87_25,control,error_rate,0
2026-01-02T19:56:00+00:00,c87_26,control,conversion,0
2026-01-02T19:56:00+00:00,c87_26,control,error_rate,0
2026-01-02T19:57:00+00:00,c87_27,control,conversion,1
2026-01-02T19:57:00+00:00,c87_27,control,error_rate,0
2026-01-02T19:58:00+00:00,c87_28,control,conversion,0
2026-01-02T19:58:00+00:00,c87_28,control,error_rate,1
2026-01-02T19:59:00+00:00,c87_29,control,conversion,0
2026-01-02T19:59:00+00:00,c87_29,control,error_rate,0
2026-01-02T19:30:00+00:00,t87_0,treatment,conversion,1
2026-01-02T19:30:00+00:00,t87_0,treatment,error_rate,0
2026-01-02T19:31:00+00:00,t87_1,treatment,conversion,0
2026-01-02T19:31:00+00:00,t87_1,treatment,error_rate,0
2026-01-02T19:32:00+00:00,t87_2,treatment,conversion,1
2026-01-02T19:32:00+00:00,t87_2,treatment,error_rate,0
2026-01-02T19:33:00+00:00,t87_3,treatment,conversion,0
2026-01-02T19:33:00+00:00,t87_3,treatment,error_rate,1
2026-01-02T19:34:00+00:00,t87_4,treatment,conversion,0
2026-01-02T19:34:00+00:00,t87_4,treatment,error_rate,0
2026-01-02T19:35:00+00:00,t87_5,treatment,conversion,0
2026-01-02T19:35:00+00:00,t87_5,treatment,error_rate,0
2026-01-02T19:36:00+00:00,t87_6,treatment,conversion,0
2026-01-02T19:36:00+00:00,t87_6,treatment,error_rate,0
2026-01-02T19:37:00+00:00,t87_7,treatment,conversion,1
2026-01-02T19:37:00+00:00,t87_7,treatment,error_rate,0
2026-01-02T19:38:00+00:00,t87_8,treatment,conversion,0
2026-01-02T19:38:00+00:00,t87_8,treatment,error_rate,0
2026-01-02T19:39:00+00:00,t87_9,treatment,conversion,0
2026-01-02T19:39:00+00:00,t87_9,treatment,error_rate,0
2026-01-02T19:40:00+00:00,t87_10,treatment,conversion,0
2026-01-02T19:40:00+00:00,t87_10,treatment,error_rate,0
2026-01-02T19:41:00+00:00,t87_11,treatment,conversion,0
2026-01-02T19:41:00+00:00,t87_11,treatment,error_rate,0
2026-01-02T19:42:00+00:00,t87_12,treatment,conversion,0
2026-01-02T19:42:00+00:00,t87_12,treatment,error_rate,0
2026-01-02T19:43:00+00:00,t87_13,treatment,conversion,0
2026-01-02T19:43:00+00:00,t87_13,treatment,error_rate,0
2026-01-02T19:44:00+00:00,t87_14,treatment,conversion,0
2026-01-02T19:44:00+00:00,t87_14,treatment,error_rate,0
2026-01-02T19:45:00+00:00,t87_15,treatment,conversion,0
2026-01-02T19:45:00+00:00,t87_15,treatment,error_rate,1
2026-01-02T19:46:00+00:00,t87_16,treatment,conversion,0
2026-01-02T19:46:00+00:00,t87_16,treatment,error_rate,0
2026-01-02T19:47:00+00:00,t87_17,treatment,conversion,0
2026-01-02T19:47:00+00:00,t87_17,treatment,error_rate,0
2026-01-02T19:48:00+00:00,t87_18,treatment,conversion,0
2026-01-02T19:48:00+00:00,t87_18,treatment,error_rate,0
2026-01-02T19:49:00+00:00,t87_19,treatment,conversion,0
2026-01-02T19:49:00+00:00,t87_19,treatment,error_rate,0
2026-01-02T19:50:00+00:00,t87_20,treatment,conversion,1
2026-01-02T19:50:00+00:00,t87_20,treatment,error_rate,0
2026-01-02T19:51:00+00:00,t87_21,treatment,conversion,0
2026-01-02T19:51:00+00:00,t87_21,treatment,error_rate,0
2026-01-02T19:52:00+00:00,t87_22,treatment,conversion,0
2026-01-02T19:52:00+00:00,t87_22,treatment,error_rate,0
2026-01-02T19:53:00+00:00,t87_23,treatment,conversion,0
2026-01-02T19:53:00+00:00,t87_23,treatment,error_rate,0
2026-01-02T19:54:00+00:00,t87_24,treatment,conversion,0
2026-01-02T19:54:00+00:00,t87_24,treatment,error_rate,0
2026-01-02T19:55:00+00:00,t87_25,treatment,conversion,0
2026-01-02T19:55:00+00:00,t87_25,treatment,error_rate,0
2026-01-02T19:56:00+00:00,t87_26,treatment,conversion,0
2026-01-02T19:56:00+00:00,t87_26,treatment,error_rate,0
2026-01-02T19:57:00+00:00,t87_27,treatment,conversion,0
2026-01-02T19:57:00+00:00,t87_27,treatment,error_rate,0
2026-01-02T19:58:00+00:00,t87_28,treatment,conversion,0
2026-01-02T19:58:00+00:00,t87_28,treatment,error_rate,1
2026-01-02T19:59:00+00:00,t87_29,treatment,conversion,0
2026-01-02T19:59:00+00:00,t87_29,treatment,error_rate,0
2026-01-02T20:00:00+00:00,c88_0,control,conversion,0
2026-01-02T20:00:00+00:00,c88_0,control,error_rate,0
2026-01-02T20:01:00+00:00,c88_1,control,conversion,0
2026-01-02T20:01:00+00:00,c88_1,control,error_rate,0
2026-01-02T20:02:00+00:00,c88_2,control,conversion,0
2026-01-02T20:02:00+00:00,c88_2,control,error_rate,0
2026-01-02T20:03:00+00:00,c88_3,control,conversion,0
2026-01-02T20:03:00+00:00,c88_3,control,error_rate,1
2026-01-02T20:04:00+00:00,c88_4,control,conversion,1
2026-01-02T20:04:00+00:00,c88_4,control,error_rate,0
2026-01-02T20:05:00+00:00,c88_5,control,conversion,0
2026-01-02T20:05:00+00:00,c88_5,control,error_rate,0
2026-01-02T20:06:00+00:00,c88_6,control,conversion,0
2026-01-02T20:06:00+00:00,c88_6,control,error_rate,0
2026-01-02T20:07:00+00:00,c88_7,control,conversion,0
2026-01-02T20:07:00+00:00,c88_7,control,error_rate,0
2026-01-02T20:08:00+00:00,c88_8,control,conversion,0
2026-01-02T20:08:00+00:00,c88_8,control,error_rate,1
2026-01-02T20:09:00+00:00,c88_9,control,conversion,0
2026-01-02T20:09:00+00:00,c88_9,control,error_rate,0
2026-01-02T20:10:00+00:00,c88_10,control,conversion,0
2026-01-02T20:10:00+00:00,c88_10,control,error_rate,0
2026-01-02T20:11:00+00:00,c88_11,control,conversion,0
2026-01-02T20:11:00+00:00,c88_11,control,error_rate,0
2026-01-02T20:12:00+00:00,c88_12,control,conversion,0
2026-01-02T20:12:00+00:00,c88_12,control,error_rate,0
2026-01-02T20:13:00+00:00,c88_13,control,conversion,0
2026-01-02T20:13:00+00:00,c88_13,control,error_rate,0
2026-01-02T20:14:00+00:00,c88_14,control,conversion,0
2026-01-02T20:14:00+00:00,c88_14,control,error_rate,0
2026-01-02T20:15:00+00:00,c88_15,control,conversion,0
2026-01-02T20:15:00+00:00,c88_15,control,error_rate,0
2026-01-02T20:16:00+00:00,c88_16,control,conversion,0
2026-01-02T20:16:00+00:00,c88_16,control,error_rate,0
2026-01-02T20:17:00+00:00,c88_17,control,conversion,1
2026-01-02T20:17:00+00:00,c88_17,control,error_rate,0
2026-01-02T20:18:00+00:00,c88_18,control,conversion,0
2026-01-02T20:18:00+00:00,c88_18,control,error_rate,0
2026-01-02T20:19:00+00:00,c88_19,control,conversion,0
2026-01-02T20:19:00+00:00,c88_19,control,error_rate,0
2026-01-02T20:20:00+00:00,c88_20,control,conversion,0
2026-01-02T20:20:00+00:00,c88_20,control,error_rate,0
2026-01-02T20:21:00+00:00,c88_21,control,conversion,0
2026-01-02T20:21:00+00:00,c88_21,control,error_rate,0
2026-01-02T20:22:00+00:00,c88_22,control,conversion,0
2026-01-02T20:22:00+00:00,c88_22,control,error_rate,0
2026-01-02T20:23:00+00:00,c88_23,control,conversion,1
2026-01-02T20:23:00+00:00,c88_23,control,error_rate,0
2026-01-02T20:24:00+00:00,c88_24,control,conversion,0
2026-01-02T20:24:00+00:00,c88_24,control,error_rate,0
2026-01-02T20:25:00+00:00,c88_25,control,conversion,0
2026-01-02T20:25:00+00:00,c88_25,control,error_rate,0
2026-01-02T20:26:00+00:00,c88_26,control,conversion,0
2026-01-02T20:26:00+00:00,c88_26,control,error_rate,0
2026-01-02T20:27:00+00:00,c88_27,control,conversion,0
2026-01-02T20:27:00+00:00,c88_27,control,error_rate,0
2026-01-02T20:28:00+00:00,c88_28,control,conversion,0
2026-01-02T20:28:00+00:00,c88_28,control,error_rate,0
2026-01-02T20:29:00+00:00,c88_29,control,conversion,0
2026-01-02T20:29:00+00:00,c88_29,control,error_rate,0
2026-01-02T20:00:00+00:00,t88_0,treatment,conversion,0
2026-01-02T20:00:00+00:00,t88_0,treatment,error_rate,0
2026-01-02T20:01:00+00:00,t88_1,treatment,conversion,0
2026-01-02T20:01:00+00:00,t88_1,treatment,error_rate,0
2026-01-02T20:02:00+00:00,t88_2,treatment,conversion,0
2026-01-02T20:02:00+00:00,t88_2,treatment,error_rate,0
2026-01-02T20:03:00+00:00,t88_3,treatment,conversion,0
2026-01-02T20:03:00+00:00,t88_3,treatment,error_rate,0
2026-01-02T20:04:00+00:00,t88_4,treatment,conversion,0
2026-01-02T20:04:00+00:00,t88_4,treatment,error_rate,0
2026-01-02T20:05:00+00:00,t88_5,treatment,conversion,0
2026-01-02T20:05:00+00:00,t88_5,treatment,error_rate,1
2026-01-02T20:06:00+00:00,t88_6,treatment,conversion,0
2026-01-02T20:06:00+00:00,t88_6,treatment,error_rate,1
2026-01-02T20:07:00+00:00,t88_7,treatment,conversion,0
2026-01-02T20:07:00+00:00,t88_7,treatment,error_rate,0
2026-01-02T20:08:00+00:00,t88_8,treatment,conversion,0
2026-01-02T20:08:00+00:00,t88_8,treatment,error_rate,0
2026-01-02T20:09:00+00:00,t88_9,treatment,conversion,1
2026-01-02T20:09:00+00:00,t88_9,treatment,error_rate,0
2026-01-02T20:10:00+00:00,t88_10,treatment,conversion,0
2026-01-02T20:10:00+00:00,t88_10,treatment,error_rate,0
2026-01-02T20:11:00+00:00,t88_11,treatment,conversion,0
2026-01-02T20:11:00+00:00,t88_11,treatment,error_rate,1
2026-01-02T20:12:00+00:00,t88_12,treatment,conversion,0
2026-01-02T20:12:00+00:00,t88_12,treatment,error_rate,0
2026-01-02T20:13:00+00:00,t88_13,treatment,conversion,0
2026-01-02T20:13:00+00:00,t88_13,treatment,error_rate,0
2026-01-02T20:14:00+00:00,t88_14,treatment,conversion,0
2026-01-02T20:14:00+00:00,t88_14,treatment,error_rate,0
2026-01-02T20:15:00+00:00,t88_15,treatment,conversion,0
2026-01-02T20:15:00+00:00,t88_15,treatment,error_rate,0
2026-01-02T20:16:00+00:00,t88_16,treatment,conversion,0
2026-01-02T20:16:00+00:00,t88_16,treatment,error_rate,0
2026-01-02T20:17:00+00:00,t88_17,treatment,conversion,0
2026-01-02T20:17:00+00:00,t88_17,treatment,error_rate,0
2026-01-02T20:18:00+00:00,t88_18,treatment,conversion,0
2026-01-02T20:18:00+00:00,t88_18,treatment,error_rate,1
2026-01-02T20:19:00+00:00,t88_19,treatment,conversion,1
2026-01-02T20:19:00+00:00,t88_19,treatment,error_rate,0
2026-01-02T20:20:00+00:00,t88_20,treatment,conversion,0
2026-01-02T20:20:00+00:00,t88_20,treatment,error_rate,0
2026-01-02T20:21:00+00:00,t88_21,treatment,conversion,0
2026-01-02T20:21:00+00:00,t88_21,treatment,error_rate,0
2026-01-02T20:22:00+00:00,t88_22,treatment,conversion,0
2026-01-02T20:22:00+00:00,t88_22,treatment,error_rate,0
2026-01-02T20:23:00+00:00,t88_23,treatment,conversion,0
2026-01-02T20:23:00+00:00,t88_23,treatment,error_rate,0
2026-01-02T20:24:00+00:00,t88_24,treatment,conversion,0
2026-01-02T20:24:00+00:00,t88_24,treatment,error_rate,0
2026-01-02T20:25:00+00:00,t88_25,treatment,conversion,1
2026-01-02T20:25:00+00:00,t88_25,treatment,error_rate,0
2026-01-02T20:26:00+00:00,t88_26,treatment,conversion,0
2026-01-02T20:26:00+00:00,t88_26,treatment,error_rate,0
2026-01-02T20:27:00+00:00,t88_27,treatment,conversion,1
2026-01-02T20:27:00+00:00,t88_27,treatment,error_rate,0
2026-01-02T20:28:00+00:00,t88_28,treatment,conversion,0
2026-01-02T20:28:00+00:00,t88_28,treatment,error_rate,0
2026-01-02T20:29:00+00:00,t88_29,treatment,conversion,0
2026-01-02T20:29:00+00:00,t88_29,treatment,error_rate,0
2026-01-02T20:30:00+00:00,c89_0,control,conversion,0
2026-01-02T20:30:00+00:00,c89_0,control,error_rate,0
2026-01-02T20:31:00+00:00,c89_1,control,conversion,0
2026-01-02T20:31:00+00:00,c89_1,control,error_rate,1
2026-01-02T20:32:00+00:00,c89_2,control,conversion,0
2026-01-02T20:32:00+00:00,c89_2,control,error_rate,0
2026-01-02T20:33:00+00:00,c89_3,control,conversion,0
2026-01-02T20:33:00+00:00,c89_3,control,error_rate,0
2026-01-02T20:34:00+00:00,c89_4,control,conversion,0
2026-01-02T20:34:00+00:00,c89_4,control,error_rate,0
2026-01-02T20:35:00+00:00,c89_5,control,conversion,1
2026-01-02T20:35:00+00:00,c89_5,control,error_rate,0
2026-01-02T20:36:00+00:00,c89_6,control,conversion,0
2026-01-02T20:36:00+00:00,c89_6,control,error_rate,1
2026-01-02T20:37:00+00:00,c89_7,control,conversion,1
2026-01-02T20:37:00+00:00,c89_7,control,error_rate,0
2026-01-02T20:38:00+00:00,c89_8,control,conversion,0
2026-01-02T20:38:00+00:00,c89_8,control,error_rate,0
2026-01-02T20:39:00+00:00,c89_9,control,conversion,0
2026-01-02T20:39:00+00:00,c89_9,control,error_rate,0
2026-01-02T20:40:00+00:00,c89_10,control,conversion,0
2026-01-02T20:40:00+00:00,c89_10,control,error_rate,0
2026-01-02T20:41:00+00:00,c89_11,control,conversion,0
2026-01-02T20:41:00+00:00,c89_11,control,error_rate,1
2026-01-02T20:42:00+00:00,c89_12,control,conversion,0
2026-01-02T20:42:00+00:00,c89_12,control,error_rate,0
2026-01-02T20:43:00+00:00,c89_13,control,conversion,0
2026-01-02T20:43:00+00:00,c89_13,control,error_rate,0
2026-01-02T20:44:00+00:00,c89_14,control,conversion,0
2026-01-02T20:44:00+00:00,c89_14,control,error_rate,0
2026-01-02T20:45:00+00:00,c89_15,control,conversion,0
2026-01-02T20:45:00+00:00,c89_15,control,error_rate,0
2026-01-02T20:46:00+00:00,c89_16,control,conversion,0
2026-01-02T20:46:00+00:00,c89_16,control,error_rate,0
2026-01-02T20:47:00+00:00,c89_17,control,conversion,0
2026-01-02T20:47:00+00:00,c89_17,control,error_rate,0
2026-01-02T20:48:00+00:00,c89_18,control,conversion,0
2026-01-02T20:48:00+00:00,c89_18,control,error_rate,0
2026-01-02T20:49:00+00:00,c89_19,control,conversion,0
2026-01-02T20:49:00+00:00,c89_19,control,error_rate,0
2026-01-02T20:50:00+00:00,c89_20,control,conversion,0
2026-01-02T20:50:00+00:00,c89_20,control,error_rate,0
2026-01-02T20:51:00+00:00,c89_21,control,conversion,0
2026-01-02T20:51:00+00:00,c89_21,control,error_rate,1
2026-01-02T20:52:00+00:00,c89_22,control,conversion,0
2026-01-02T20:52:00+00:00,c89_22,control,error_rate,0
2026-01-02T20:53:00+00:00,c89_23,control,conversion,0
2026-01-02T20:53:00+00:00,c89_23,control,error_rate,0
2026-01-02T20:54:00+00:00,c89_24,control,conversion,0
2026-01-02T20:54:00+00:00,c89_24,control,error_rate,1
2026-01-02T20:55:00+00:00,c89_25,control,conversion,0
2026-01-02T20:55:00+00:00,c89_25,control,error_rate,0
2026-01-02T20:56:00+00:00,c89_26,control,conversion,0
2026-01-02T20:56:00+00:00,c89_26,control,error_rate,0
2026-01-02T20:57:00+00:00,c89_27,control,conversion,0
2026-01-02T20:57:00+00:00,c89_27,control,error_rate,0
2026-01-02T20:58:00+00:00,c89_28,control,conversion,0
2026-01-02T20:58:00+00:00,c89_28,control,error_rate,1
2026-01-02T20:59:00+00:00,c89_29,control,conversion,0
2026-01-02T20:59:00+00:00,c89_29,control,error_rate,0
2026-01-02T20:30:00+00:00,t89_0,treatment,conversion,0
2026-01-02T20:30:00+00:00,t89_0,treatment,error_rate,0
2026-01-02T20:31:00+00:00,t89_1,treatment,conversion,0
2026-01-02T20:31:00+00:00,t89_1,treatment,error_rate,0
2026-01-02T20:32:00+00:00,t89_2,treatment,conversion,0
2026-01-02T20:32:00+00:00,t89_2,treatment,error_rate,0
2026-01-02T20:33:00+00:00,t89_3,treatment,conversion,0
2026-01-02T20:33:00+00:00,t89_3,treatment,error_rate,1
2026-01-02T20:34:00+00:00,t89_4,treatment,conversion,0
2026-01-02T20:34:00+00:00,t89_4,treatment,error_rate,0
2026-01-02T20:35:00+00:00,t89_5,treatment,conversion,0
2026-01-02T20:35:00+00:00,t89_5,treatment,error_rate,0
2026-01-02T20:36:00+00:00,t89_6,treatment,conversion,0
2026-01-02T20:36:00+00:00,t89_6,treatment,error_rate,0
2026-01-02T20:37:00+00:00,t89_7,treatment,conversion,0
2026-01-02T20:37:00+00:00,t89_7,treatment,error_rate,0
2026-01-02T20:38:00+00:00,t89_8,treatment,conversion,0
2026-01-02T20:38:00+00:00,t89_8,treatment,error_rate,0
2026-01-02T20:39:00+00:00,t89_9,treatment,conversion,1
2026-01-02T20:39:00+00:00,t89_9,treatment,error_rate,1
2026-01-02T20:40:00+00:00,t89_10,treatment,conversion,0
2026-01-02T20:40:00+00:00,t89_10,treatment,error_rate,0
2026-01-02T20:41:00+00:00,t89_11,treatment,conversion,0
2026-01-02T20:41:00+00:00,t89_11,treatment,error_rate,0
2026-01-02T20:42:00+00:00,t89_12,treatment,conversion,0
2026-01-02T20:42:00+00:00,t89_12,treatment,error_rate,0
2026-01-02T20:43:00+00:00,t89_13,treatment,conversion,0
2026-01-02T20:43:00+00:00,t89_13,treatment,error_rate,1
2026-01-02T20:44:00+00:00,t89_14,treatment,conversion,0
2026-01-02T20:44:00+00:00,t89_14,treatment,error_rate,0
2026-01-02T20:45:00+00:00,t89_15,treatment,conversion,1
2026-01-02T20:45:00+00:00,t89_15,treatment,error_rate,0
2026-01-02T20:46:00+00:00,t89_16,treatment,conversion,1
2026-01-02T20:46:00+00:00,t89_16,treatment,error_rate,0
2026-01-02T20:47:00+00:00,t89_17,treatment,conversion,0
2026-01-02T20:47:00+00:00,t89_17,treatment,error_rate,0
2026-01-02T20:48:00+00:00,t89_18,treatment,conversion,0
2026-01-02T20:48:00+00:00,t89_18,treatment,error_rate,0
2026-01-02T20:49:00+00:00,t89_19,treatment,conversion,0
2026-01-02T20:49:00+00:00,t89_19,treatment,error_rate,0
2026-01-02T20:50:00+00:00,t89_20,treatment,conversion,0
2026-01-02T20:50:00+00:00,t89_20,treatment,error_rate,0
2026-01-02T20:51:00+00:00,t89_21,treatment,conversion,0
2026-01-02T20:51:00+00:00,t89_21,treatment,error_rate,0
2026-01-02T20:52:00+00:00,t89_22,treatment,conversion,0
2026-01-02T20:52:00+00:00,t89_22,treatment,error_rate,0
2026-01-02T20:53:00+00:00,t89_23,treatment,conversion,0
2026-01-02T20:53:00+00:00,t89_23,treatment,error_rate,0
2026-01-02T20:54:00+00:00,t89_24,treatment,conversion,0
2026-01-02T20:54:00+00:00,t89_24,treatment,error_rate,0
2026-01-02T20:55:00+00:00,t89_25,treatment,conversion,1
2026-01-02T20:55:00+00:00,t89_25,treatment,error_rate,0
2026-01-02T20:56:00+00:00,t89_26,treatment,conversion,0
2026-01-02T20:56:00+00:00,t89_26,treatment,error_rate,0
2026-01-02T20:57:00+00:00,t89_27,treatment,conversion,0
2026-01-02T20:57:00+00:00,t89_27,treatment,error_rate,0
2026-01-02T20:58:00+00:00,t89_28,treatment,conversion,0
2026-01-02T20:58:00+00:00,t89_28,treatment,error_rate,0
2026-01-02T20:59:00+00:00,t89_29,treatment,conversion,0
2026-01-02T20:59:00+00:00,t89_29,treatment,error_rate,0
2026-01-02T21:00:00+00:00,c90_0,control,conversion,0
2026-01-02T21:00:00+00:00,c90_0,control,error_rate,0
2026-01-02T21:01:00+00:00,c90_1,control,conversion,0
2026-01-02T21:01:00+00:00,c90_1,control,error_rate,0
2026-01-02T21:02:00+00:00,c90_2,control,conversion,0
2026-01-02T21:02:00+00:00,c90_2,control,error_rate,0
2026-01-02T21:03:00+00:00,c90_3,control,conversion,0
2026-01-02T21:03:00+00:00,c90_3,control,error_rate,0
2026-01-02T21:04:00+00:00,c90_4,control,conversion,0
2026-01-02T21:04:00+00:00,c90_4,control,error_rate,0
2026-01-02T21:05:00+00:00,c90_5,control,conversion,0
2026-01-02T21:05:00+00:00,c90_5,control,error_rate,0
2026-01-02T21:06:00+00:00,c90_6,control,conversion,0
2026-01-02T21:06:00+00:00,c90_6,control,error_rate,0
2026-01-02T21:07:00+00:00,c90_7,control,conversion,0
2026-01-02T21:07:00+00:00,c90_7,control,error_rate,0
2026-01-02T21:08:00+00:00,c90_8,control,conversion,0
2026-01-02T21:08:00+00:00,c90_8,control,error_rate,0
2026-01-02T21:09:00+00:00,c90_9,control,conversion,0
2026-01-02T21:09:00+00:00,c90_9,control,error_rate,0
2026-01-02T21:10:00+00:00,c90_10,control,conversion,0
2026-01-02T21:10:00+00:00,c90_10,control,error_rate,0
2026-01-02T21:11:00+00:00,c90_11,control,conversion,0
2026-01-02T21:11:00+00:00,c90_11,control,error_rate,0
2026-01-02T21:12:00+00:00,c90_12,control,conversion,0
2026-01-02T21:12:00+00:00,c90_12,control,error_rate,0
2026-01-02T21:13:00+00:00,c90_13,control,conversion,0
2026-01-02T21:13:00+00:00,c90_13,control,error_rate,0
2026-01-02T21:14:00+00:00,c90_14,control,conversion,0
2026-01-02T21:14:00+00:00,c90_14,control,error_rate,0
2026-01-02T21:15:00+00:00,c90_15,control,conversion,0
2026-01-02T21:15:00+00:00,c90_15,control,error_rate,0
2026-01-02T21:16:00+00:00,c90_16,control,conversion,0
2026-01-02T21:16:00+00:00,c90_16,control,error_rate,0
2026-01-02T21:17:00+00:00,c90_17,control,conversion,0
2026-01-02T21:17:00+00:00,c90_17,control,error_rate,0
2026-01-02T21:18:00+00:00,c90_18,control,conversion,0
2026-01-02T21:18:00+00:00,c90_18,control,error_rate,0
2026-01-02T21:19:00+00:00,c90_19,control,conversion,1
2026-01-02T21:19:00+00:00,c90_19,control,error_rate,0
2026-01-02T21:20:00+00:00,c90_20,control,conversion,0
2026-01-02T21:20:00+00:00,c90_20,control,error_rate,0
2026-01-02T21:21:00+00:00,c90_21,control,conversion,1
2026-01-02T21:21:00+00:00,c90_21,control,error_rate,0
2026-01-02T21:22:00+00:00,c90_22,control,conversion,0
2026-01-02T21:22:00+00:00,c90_22,control,error_rate,0
2026-01-02T21:23:00+00:00,c90_23,control,conversion,0
2026-01-02T21:23:00+00:00,c90_23,control,error_rate,1
2026-01-02T21:24:00+00:00,c90_24,control,conversion,0
2026-01-02T21:24:00+00:00,c90_24,control,error_rate,0
2026-01-02T21:25:00+00:00,c90_25,control,conversion,0
2026-01-02T21:25:00+00:00,c90_25,control,error_rate,0
2026-01-02T21:26:00+00:00,c90_26,control,conversion,0
2026-01-02T21:26:00+00:00,c90_26,control,error_rate,0
2026-01-02T21:27:00+00:00,c90_27,control,conversion,0
2026-01-02T21:27:00+00:00,c90_27,control,error_rate,0
2026-01-02T21:28:00+00:00,c90_28,control,conversion,0
2026-01-02T21:28:00+00:00,c90_28,control,error_rate,0
2026-01-02T21:29:00+00:00,c90_29,control,conversion,0
2026-01-02T21:29:00+00:00,c90_29,control,error_rate,0
2026-01-02T21:00:00+00:00,t90_0,treatment,conversion,1
2026-01-02T21:00:00+00:00,t90_0,treatment,error_rate,0
2026-01-02T21:01:00+00:00,t90_1,treatment,conversion,0
2026-01-02T21:01:00+00:00,t90_1,treatment,error_rate,0
2026-01-02T21:02:00+00:00,t90_2,treatment,conversion,0
2026-01-02T21:02:00+00:00,t90_2,treatment,error_rate,0
2026-01-02T21:03:00+00:00,t90_3,treatment,conversion,0
2026-01-02T21:03:00+00:00,t90_3,treatment,error_rate,0
2026-01-02T21:04:00+00:00,t90_4,treatment,conversion,0
2026-01-02T21:04:00+00:00,t90_4,treatment,error_rate,0
2026-01-02T21:05:00+00:00,t90_5,treatment,conversion,1
2026-01-02T21:05:00+00:00,t90_5,treatment,error_rate,0
2026-01-02T21:06:00+00:00,t90_6,treatment,conversion,0
2026-01-02T21:06:00+00:00,t90_6,treatment,error_rate,0
2026-01-02T21:07:00+00:00,t90_7,treatment,conversion,0
2026-01-02T21:07:00+00:00,t90_7,treatment,error_rate,0
2026-01-02T21:08:00+00:00,t90_8,treatment,conversion,0
2026-01-02T21:08:00+00:00,t90_8,treatment,error_rate,0
2026-01-02T21:09:00+00:00,t90_9,treatment,conversion,0
2026-01-02T21:09:00+00:00,t90_9,treatment,error_rate,0
2026-01-02T21:10:00+00:00,t90_10,treatment,conversion,1
2026-01-02T21:10:00+00:00,t90_10,treatment,error_rate,0
2026-01-02T21:11:00+00:00,t90_11,treatment,conversion,0
2026-01-02T21:11:00+00:00,t90_11,treatment,error_rate,0
2026-01-02T21:12:00+00:00,t90_12,treatment,conversion,0
2026-01-02T21:12:00+00:00,t90_12,treatment,error_rate,0
2026-01-02T21:13:00+00:00,t90_13,treatment,conversion,0
2026-01-02T21:13:00+00:00,t90_13,treatment,error_rate,0
2026-01-02T21:14:00+00:00,t90_14,treatment,conversion,0
2026-01-02T21:14:00+00:00,t90_14,treatment,error_rate,1
2026-01-02T21:15:00+00:00,t90_15,treatment,conversion,0
2026-01-02T21:15:00+00:00,t90_15,treatment,error_rate,0
2026-01-02T21:16:00+00:00,t90_16,treatment,conversion,1
2026-01-02T21:16:00+00:00,t90_16,treatment,error_rate,0
2026-01-02T21:17:00+00:00,t90_17,treatment,conversion,0
2026-01-02T21:17:00+00:00,t90_17,treatment,error_rate,0
2026-01-02T21:18:00+00:00,t90_18,treatment,conversion,0
2026-01-02T21:18:00+00:00,t90_18,treatment,error_rate,0
2026-01-02T21:19:00+00:00,t90_19,treatment,conversion,1
2026-01-02T21:19:00+00:00,t90_19,treatment,error_rate,0
2026-01-02T21:20:00+00:00,t90_20,treatment,conversion,0
2026-01-02T21:20:00+00:00,t90_20,treatment,error_rate,0
2026-01-02T21:21:00+00:00,t90_21,treatment,conversion,0
2026-01-02T21:21:00+00:00,t90_21,treatment,error_rate,0
2026-01-02T21:22:00+00:00,t90_22,treatment,conversion,0
2026-01-02T21:22:00+00:00,t90_22,treatment,error_rate,0
2026-01-02T21:23:00+00:00,t90_23,treatment,conversion,0
2026-01-02T21:23:00+00:00,t90_23,treatment,error_rate,0
2026-01-02T21:24:00+00:00,t90_24,treatment,conversion,0
2026-01-02T21:24:00+00:00,t90_24,treatment,error_rate,0
2026-01-02T21:25:00+00:00,t90_25,treatment,conversion,0
2026-01-02T21:25:00+00:00,t90_25,treatment,error_rate,0
2026-01-02T21:26:00+00:00,t90_26,treatment,conversion,0
2026-01-02T21:26:00+00:00,t90_26,treatment,error_rate,0
2026-01-02T21:27:00+00:00,t90_27,treatment,conversion,0
2026-01-02T21:27:00+00:00,t90_27,treatment,error_rate,0
2026-01-02T21:28:00+00:00,t90_28,treatment,conversion,0
2026-01-02T21:28:00+00:00,t90_28,treatment,error_rate,0
2026-01-02T21:29:00+00:00,t90_29,treatment,conversion,1
2026-01-02T21:29:00+00:00,t90_29,treatment,error_rate,0
2026-01-02T21:30:00+00:00,c91_0,control,conversion,0
2026-01-02T21:30:00+00:00,c91_0,control,error_rate,0
2026-01-02T21:31:00+00:00,c91_1,control,conversion,0
2026-01-02T21:31:00+00:00,c91_1,control,error_rate,0
2026-01-02T21:32:00+00:00,c91_2,control,conversion,1
2026-01-02T21:32:00+00:00,c91_2,control,error_rate,0
2026-01-02T21:33:00+00:00,c91_3,control,conversion,0
2026-01-02T21:33:00+00:00,c91_3,control,error_rate,0
2026-01-02T21:34:00+00:00,c91_4,control,conversion,0
2026-01-02T21:34:00+00:00,c91_4,control,error_rate,1
2026-01-02T21:35:00+00:00,c91_5,control,conversion,1
2026-01-02T21:35:00+00:00,c91_5,control,error_rate,0
2026-01-02T21:36:00+00:00,c91_6,control,conversion,0
2026-01-02T21:36:00+00:00,c91_6,control,error_rate,0
2026-01-02T21:37:00+00:00,c91_7,control,conversion,0
2026-01-02T21:37:00+00:00,c91_7,control,error_rate,0
2026-01-02T21:38:00+00:00,c91_8,control,conversion,0
2026-01-02T21:38:00+00:00,c91_8,control,error_rate,0
2026-01-02T21:39:00+00:00,c91_9,control,conversion,0
2026-01-02T21:39:00+00:00,c91_9,control,error_rate,0
2026-01-02T21:40:00+00:00,c91_10,control,conversion,0
2026-01-02T21:40:00+00:00,c91_10,control,error_rate,0
2026-01-02T21:41:00+00:00,c91_11,control,conversion,0
2026-01-02T21:41:00+00:00,c91_11,control,error_rate,0
2026-01-02T21:42:00+00:00,c91_12,control,conversion,0
2026-01-02T21:42:00+00:00,c91_12,control,error_rate,0
2026-01-02T21:43:00+00:00,c91_13,control,conversion,0
2026-01-02T21:43:00+00:00,c91_13,control,error_rate,0
2026-01-02T21:44:00+00:00,c91_14,control,conversion,0
2026-01-02T21:44:00+00:00,c91_14,control,error_rate,0
2026-01-02T21:45:00+00:00,c91_15,control,conversion,0
2026-01-02T21:45:00+00:00,c91_15,control,error_rate,0
2026-01-02T21:46:00+00:00,c91_16,control,conversion,0
2026-01-02T21:46:00+00:00,c91_16,control,error_rate,0
2026-01-02T21:47:00+00:00,c91_17,control,conversion,0
2026-01-02T21:47:00+00:00,c91_17,control,error_rate,0
2026-01-02T21:48:00+00:00,c91_18,control,conversion,0
2026-01-02T21:48:00+00:00,c91_18,control,error_rate,0
2026-01-02T21:49:00+00:00,c91_19,control,conversion,0
2026-01-02T21:49:00+00:00,c91_19,control,error_rate,0
2026-01-02T21:50:00+00:00,c91_20,control,conversion,0
2026-01-02T21:50:00+00:00,c91_20,control,error_rate,0
2026-01-02T21:51:00+00:00,c91_21,control,conversion,0
2026-01-02T21:51:00+00:00,c91_21,control,error_rate,0
2026-01-02T21:52:00+00:00,c91_22,control,conversion,1
2026-01-02T21:52:00+00:00,c91_22,control,error_rate,0
2026-01-02T21:53:00+00:00,c91_23,control,conversion,0
2026-01-02T21:53:00+00:00,c91_23,control,error_rate,0
2026-01-02T21:54:00+00:00,c91_24,control,conversion,0
2026-01-02T21:54:00+00:00,c91_24,control,error_rate,0
2026-01-02T21:55:00+00:00,c91_25,control,conversion,0
2026-01-02T21:55:00+00:00,c91_25,control,error_rate,0
2026-01-02T21:56:00+00:00,c91_26,control,conversion,1
2026-01-02T21:56:00+00:00,c91_26,control,error_rate,0
2026-01-02T21:57:00+00:00,c91_27,control,conversion,0
2026-01-02T21:57:00+00:00,c91_27,control,error_rate,0
2026-01-02T21:58:00+00:00,c91_28,control,conversion,0
2026-01-02T21:58:00+00:00,c91_28,control,error_rate,1
2026-01-02T21:59:00+00:00,c91_29,control,conversion,0
2026-01-02T21:59:00+00:00,c91_29,control,error_rate,0
2026-01-02T21:30:00+00:00,t91_0,treatment,conversion,0
2026-01-02T21:30:00+00:00,t91_0,treatment,error_rate,0
2026-01-02T21:31:00+00:00,t91_1,treatment,conversion,0
2026-01-02T21:31:00+00:00,t91_1,treatment,error_rate,1
2026-01-02T21:32:00+00:00,t91_2,treatment,conversion,0
2026-01-02T21:32:00+00:00,t91_2,treatment,error_rate,0
2026-01-02T21:33:00+00:00,t91_3,treatment,conversion,0
2026-01-02T21:33:00+00:00,t91_3,treatment,error_rate,0
2026-01-02T21:34:00+00:00,t91_4,treatment,conversion,1
2026-01-02T21:34:00+00:00,t91_4,treatment,error_rate,0
2026-01-02T21:35:00+00:00,t91_5,treatment,conversion,0
2026-01-02T21:35:00+00:00,t91_5,treatment,error_rate,0
2026-01-02T21:36:00+00:00,t91_6,treatment,conversion,0
2026-01-02T21:36:00+00:00,t91_6,treatment,error_rate,0
2026-01-02T21:37:00+00:00,t91_7,treatment,conversion,0
2026-01-02T21:37:00+00:00,t91_7,treatment,error_rate,1
2026-01-02T21:38:00+00:00,t91_8,treatment,conversion,0
2026-01-02T21:38:00+00:00,t91_8,treatment,error_rate,0
2026-01-02T21:39:00+00:00,t91_9,treatment,conversion,0
2026-01-02T21:39:00+00:00,t91_9,treatment,error_rate,0
2026-01-02T21:40:00+00:00,t91_10,treatment,conversion,0
2026-01-02T21:40:00+00:00,t91_10,treatment,error_rate,0
2026-01-02T21:41:00+00:00,t91_11,treatment,conversion,0
2026-01-02T21:41:00+00:00,t91_11,treatment,error_rate,0
2026-01-02T21:42:00+00:00,t91_12,treatment,conversion,0
2026-01-02T21:42:00+00:00,t91_12,treatment,error_rate,0
2026-01-02T21:43:00+00:00,t91_13,treatment,conversion,1
2026-01-02T21:43:00+00:00,t91_13,treatment,error_rate,0
2026-01-02T21:44:00+00:00,t91_14,treatment,conversion,0
2026-01-02T21:44:00+00:00,t91_14,treatment,error_rate,0
2026-01-02T21:45:00+00:00,t91_15,treatment,conversion,0
2026-01-02T21:45:00+00:00,t91_15,treatment,error_rate,0
2026-01-02T21:46:00+00:00,t91_16,treatment,conversion,1
2026-01-02T21:46:00+00:00,t91_16,treatment,error_rate,1
2026-01-02T21:47:00+00:00,t91_17,treatment,conversion,1
2026-01-02T21:47:00+00:00,t91_17,treatment,error_rate,0
2026-01-02T21:48:00+00:00,t91_18,treatment,conversion,0
2026-01-02T21:48:00+00:00,t91_18,treatment,error_rate,0
2026-01-02T21:49:00+00:00,t91_19,treatment,conversion,0
2026-01-02T21:49:00+00:00,t91_19,treatment,error_rate,0
2026-01-02T21:50:00+00:00,t91_20,treatment,conversion,1
2026-01-02T21:50:00+00:00,t91_20,treatment,error_rate,1
2026-01-02T21:51:00+00:00,t91_21,treatment,conversion,1
2026-01-02T21:51:00+00:00,t91_21,treatment,error_rate,0
2026-01-02T21:52:00+00:00,t91_22,treatment,conversion,0
2026-01-02T21:52:00+00:00,t91_22,treatment,error_rate,0
2026-01-02T21:53:00+00:00,t91_23,treatment,conversion,0
2026-01-02T21:53:00+00:00,t91_23,treatment,error_rate,0
2026-01-02T21:54:00+00:00,t91_24,treatment,conversion,0
2026-01-02T21:54:00+00:00,t91_24,treatment,error_rate,0
2026-01-02T21:55:00+00:00,t91_25,treatment,conversion,1
2026-01-02T21:55:00+00:00,t91_25,treatment,error_rate,0
2026-01-02T21:56:00+00:00,t91_26,treatment,conversion,0
2026-01-02T21:56:00+00:00,t91_26,treatment,error_rate,0
2026-01-02T21:57:00+00:00,t91_27,treatment,conversion,0
2026-01-02T21:57:00+00:00,t91_27,treatment,error_rate,0
2026-01-02T21:58:00+00:00,t91_28,treatment,conversion,1
2026-01-02T21:58:00+00:00,t91_28,treatment,error_rate,1
2026-01-02T21:59:00+00:00,t91_29,treatment,conversion,0
2026-01-02T21:59:00+00:00,t91_29,treatment,error_rate,0
2026-01-02T22:00:00+00:00,c92_0,control,conversion,0
2026-01-02T22:00:00+00:00,c92_0,control,error_rate,0
2026-01-02T22:01:00+00:00,c92_1,control,conversion,1
2026-01-02T22:01:00+00:00,c92_1,control,error_rate,0
2026-01-02T22:02:00+00:00,c92_2,control,conversion,0
2026-01-02T22:02:00+00:00,c92_2,control,error_rate,0
2026-01-02T22:03:00+00:00,c92_3,control,conversion,0
2026-01-02T22:03:00+00:00,c92_3,control,error_rate,0
2026-01-02T22:04:00+00:00,c92_4,control,conversion,0
2026-01-02T22:04:00+00:00,c92_4,control,error_rate,0
2026-01-02T22:05:00+00:00,c92_5,control,conversion,0
2026-01-02T22:05:00+00:00,c92_5,control,error_rate,0
2026-01-02T22:06:00+00:00,c92_6,control,conversion,0
2026-01-02T22:06:00+00:00,c92_6,control,error_rate,0
2026-01-02T22:07:00+00:00,c92_7,control,conversion,0
2026-01-02T22:07:00+00:00,c92_7,control,error_rate,0
2026-01-02T22:08:00+00:00,c92_8,control,conversion,0
2026-01-02T22:08:00+00:00,c92_8,control,error_rate,0
2026-01-02T22:09:00+00:00,c92_9,control,conversion,0
2026-01-02T22:09:00+00:00,c92_9,control,error_rate,0
2026-01-02T22:10:00+00:00,c92_10,control,conversion,0
2026-01-02T22:10:00+00:00,c92_10,control,error_rate,0
2026-01-02T22:11:00+00:00,c92_11,control,conversion,0
2026-01-02T22:11:00+00:00,c92_11,control,error_rate,0
2026-01-02T22:12:00+00:00,c92_12,control,conversion,0
2026-01-02T22:12:00+00:00,c92_12,control,error_rate,0
2026-01-02T22:13:00+00:00,c92_13,control,conversion,0
2026-01-02T22:13:00+00:00,c92_13,control,error_rate,0
2026-01-02T22:14:00+00:00,c92_14,control,conversion,0
2026-01-02T22:14:00+00:00,c92_14,control,error_rate,0
2026-01-02T22:15:00+00:00,c92_15,control,conversion,0
2026-01-02T22:15:00+00:00,c92_15,control,error_rate,1
2026-01-02T22:16:00+00:00,c92_16,control,conversion,0
2026-01-02T22:16:00+00:00,c92_16,control,error_rate,0
2026-01-02T22:17:00+00:00,c92_17,control,conversion,0
2026-01-02T22:17:00+00:00,c92_17,control,error_rate,0
2026-01-02T22:18:00+00:00,c92_18,control,conversion,0
2026-01-02T22:18:00+00:00,c92_18,control,error_rate,0
2026-01-02T22:19:00+00:00,c92_19,control,conversion,1
2026-01-02T22:19:00+00:00,c92_19,control,error_rate,0
2026-01-02T22:20:00+00:00,c92_20,control,conversion,0
2026-01-02T22:20:00+00:00,c92_20,control,error_rate,0
2026-01-02T22:21:00+00:00,c92_21,control,conversion,0
2026-01-02T22:21:00+00:00,c92_21,control,error_rate,0
2026-01-02T22:22:00+00:00,c92_22,control,conversion,0
2026-01-02T22:22:00+00:00,c92_22,control,error_rate,0
2026-01-02T22:23:00+00:00,c92_23,control,conversion,0
2026-01-02T22:23:00+00:00,c92_23,control,error_rate,0
2026-01-02T22:24:00+00:00,c92_24,control,conversion,1
2026-01-02T22:24:00+00:00,c92_24,control,error_rate,0
2026-01-02T22:25:00+00:00,c92_25,control,conversion,0
2026-01-02T22:25:00+00:00,c92_25,control,error_rate,0
2026-01-02T22:26:00+00:00,c92_26,control,conversion,0
2026-01-02T22:26:00+00:00,c92_26,control,error_rate,0
2026-01-02T22:27:00+00:00,c92_27,control,conversion,0
2026-01-02T22:27:00+00:00,c92_27,control,error_rate,0
2026-01-02T22:28:00+00:00,c92_28,control,conversion,0
2026-01-02T22:28:00+00:00,c92_28,control,error_rate,0
2026-01-02T22:29:00+00:00,c92_29,control,conversion,0
2026-01-02T22:29:00+00:00,c92_29,control,error_rate,0
2026-01-02T22:00:00+00:00,t92_0,treatment,conversion,0
2026-01-02T22:00:00+00:00,t92_0,treatment,error_rate,0
2026-01-02T22:01:00+00:00,t92_1,treatment,conversion,0
2026-01-02T22:01:00+00:00,t92_1,treatment,error_rate,0
2026-01-02T22:02:00+00:00,t92_2,treatment,conversion,0
2026-01-02T22:02:00+00:00,t92_2,treatment,error_rate,0
2026-01-02T22:03:00+00:00,t92_3,treatment,conversion,0
2026-01-02T22:03:00+00:00,t92_3,treatment,error_rate,0
2026-01-02T22:04:00+00:00,t92_4,treatment,conversion,1
2026-01-02T22:04:00+00:00,t92_4,treatment,error_rate,0
2026-01-02T22:05:00+00:00,t92_5,treatment,conversion,0
2026-01-02T22:05:00+00:00,t92_5,treatment,error_rate,0
2026-01-02T22:06:00+00:00,t92_6,treatment,conversion,1
2026-01-02T22:06:00+00:00,t92_6,treatment,error_rate,0
2026-01-02T22:07:00+00:00,t92_7,treatment,conversion,0
2026-01-02T22:07:00+00:00,t92_7,treatment,error_rate,0
2026-01-02T22:08:00+00:00,t92_8,treatment,conversion,0
2026-01-02T22:08:00+00:00,t92_8,treatment,error_rate,0
2026-01-02T22:09:00+00:00,t92_9,treatment,conversion,0
2026-01-02T22:09:00+00:00,t92_9,treatment,error_rate,0
2026-01-02T22:10:00+00:00,t92_10,treatment,conversion,0
2026-01-02T22:10:00+00:00,t92_10,treatment,error_rate,0
2026-01-02T22:11:00+00:00,t92_11,treatment,conversion,0
2026-01-02T22:11:00+00:00,t92_11,treatment,error_rate,0
2026-01-02T22:12:00+00:00,t92_12,treatment,conversion,0
2026-01-02T22:12:00+00:00,t92_12,treatment,error_rate,0
2026-01-02T22:13:00+00:00,t92_13,treatment,conversion,0
2026-01-02T22:13:00+00:00,t92_13,treatment,error_rate,0
2026-01-02T22:14:00+00:00,t92_14,treatment,conversion,0
2026-01-02T22:14:00+00:00,t92_14,treatment,error_rate,0
2026-01-02T22:15:00+00:00,t92_15,treatment,conversion,0
2026-01-02T22:15:00+00:00,t92_15,treatment,error_rate,0
2026-01-02T22:16:00+00:00,t92_16,treatment,conversion,0
2026-01-02T22:16:00+00:00,t92_16,treatment,error_rate,0
2026-01-02T22:17:00+00:00,t92_17,treatment,conversion,0
2026-01-02T22:17:00+00:00,t92_17,treatment,error_rate,0
2026-01-02T22:18:00+00:00,t92_18,treatment,conversion,0
2026-01-02T22:18:00+00:00,t92_18,treatment,error_rate,0
2026-01-02T22:19:00+00:00,t92_19,treatment,conversion,0
2026-01-02T22:19:00+00:00,t92_19,treatment,error_rate,0
2026-01-02T22:20:00+00:00,t92_20,treatment,conversion,0
2026-01-02T22:20:00+00:00,t92_20,treatment,error_rate,0
2026-01-02T22:21:00+00:00,t92_21,treatment,conversion,0
2026-01-02T22:21:00+00:00,t92_21,treatment,error_rate,0
2026-01-02T22:22:00+00:00,t92_22,treatment,conversion,1
2026-01-02T22:22:00+00:00,t92_22,treatment,error_rate,0
2026-01-02T22:23:00+00:00,t92_23,treatment,conversion,0
2026-01-02T22:23:00+00:00,t92_23,treatment,error_rate,0
2026-01-02T22:24:00+00:00,t92_24,treatment,conversion,0
2026-01-02T22:24:00+00:00,t92_24,treatment,error_rate,0
2026-01-02T22:25:00+00:00,t92_25,treatment,conversion,0
2026-01-02T22:25:00+00:00,t92_25,treatment,error_rate,0
2026-01-02T22:26:00+00:00,t92_26,treatment,conversion,0
2026-01-02T22:26:00+00:00,t92_26,treatment,error_rate,0
2026-01-02T22:27:00+00:00,t92_27,treatment,conversion,0
2026-01-02T22:27:00+00:00,t92_27,treatment,error_rate,0
2026-01-02T22:28:00+00:00,t92_28,treatment,conversion,0
2026-01-02T22:28:00+00:00,t92_28,treatment,error_rate,0
2026-01-02T22:29:00+00:00,t92_29,treatment,conversion,0
2026-01-02T22:29:00+00:00,t92_29,treatment,error_rate,0
2026-01-02T22:30:00+00:00,c93_0,control,conversion,0
2026-01-02T22:30:00+00:00,c93_0,control,error_rate,1
2026-01-02T22:31:00+00:00,c93_1,control,conversion,0
2026-01-02T22:31:00+00:00,c93_1,control,error_rate,0
2026-01-02T22:32:00+00:00,c93_2,control,conversion,0
2026-01-02T22:32:00+00:00,c93_2,control,error_rate,1
2026-01-02T22:33:00+00:00,c93_3,control,conversion,0
2026-01-02T22:33:00+00:00,c93_3,control,error_rate,0
2026-01-02T22:34:00+00:00,c93_4,control,conversion,0
2026-01-02T22:34:00+00:00,c93_4,control,error_rate,0
2026-01-02T22:35:00+00:00,c93_5,control,conversion,0
2026-01-02T22:35:00+00:00,c93_5,control,error_rate,0
2026-01-02T22:36:00+00:00,c93_6,control,conversion,0
2026-01-02T22:36:00+00:00,c93_6,control,error_rate,0
2026-01-02T22:37:00+00:00,c93_7,control,conversion,0
2026-01-02T22:37:00+00:00,c93_7,control,error_rate,0
2026-01-02T22:38:00+00:00,c93_8,control,conversion,0
2026-01-02T22:38:00+00:00,c93_8,control,error_rate,0
2026-01-02T22:39:00+00:00,c93_9,control,conversion,0
2026-01-02T22:39:00+00:00,c93_9,control,error_rate,0
2026-01-02T22:40:00+00:00,c93_10,control,conversion,1
2026-01-02T22:40:00+00:00,c93_10,control,error_rate,0
2026-01-02T22:41:00+00:00,c93_11,control,conversion,0
2026-01-02T22:41:00+00:00,c93_11,control,error_rate,1
2026-01-02T22:42:00+00:00,c93_12,control,conversion,0
2026-01-02T22:42:00+00:00,c93_12,control,error_rate,0
2026-01-02T22:43:00+00:00,c93_13,control,conversion,0
2026-01-02T22:43:00+00:00,c93_13,control,error_rate,0
2026-01-02T22:44:00+00:00,c93_14,control,conversion,0
2026-01-02T22:44:00+00:00,c93_14,control,error_rate,0
2026-01-02T22:45:00+00:00,c93_15,control,conversion,0
2026-01-02T22:45:00+00:00,c93_15,control,error_rate,0
2026-01-02T22:46:00+00:00,c93_16,control,conversion,0
2026-01-02T22:46:00+00:00,c93_16,control,error_rate,0
2026-01-02T22:47:00+00:00,c93_17,control,conversion,0
2026-01-02T22:47:00+00:00,c93_17,control,error_rate,0
2026-01-02T22:48:00+00:00,c93_18,control,conversion,0
2026-01-02T22:48:00+00:00,c93_18,control,error_rate,0
2026-01-02T22:49:00+00:00,c93_19,control,conversion,0
2026-01-02T22:49:00+00:00,c93_19,control,error_rate,1
2026-01-02T22:50:00+00:00,c93_20,control,conversion,0
2026-01-02T22:50:00+00:00,c93_20,control,error_rate,0
2026-01-02T22:51:00+00:00,c93_21,control,conversion,0
2026-01-02T22:51:00+00:00,c93_21,control,error_rate,0
2026-01-02T22:52:00+00:00,c93_22,control,conversion,0
2026-01-02T22:52:00+00:00,c93_22,control,error_rate,0
2026-01-02T22:53:00+00:00,c93_23,control,conversion,0
2026-01-02T22:53:00+00:00,c93_23,control,error_rate,0
2026-01-02T22:54:00+00:00,c93_24,control,conversion,0
2026-01-02T22:54:00+00:00,c93_24,control,error_rate,0
2026-01-02T22:55:00+00:00,c93_25,control,conversion,0
2026-01-02T22:55:00+00:00,c93_25,control,error_rate,0
2026-01-02T22:56:00+00:00,c93_26,control,conversion,0
2026-01-02T22:56:00+00:00,c93_26,control,error_rate,0
2026-01-02T22:57:00+00:00,c93_27,control,conversion,0
2026-01-02T22:57:00+00:00,c93_27,control,error_rate,0
2026-01-02T22:58:00+00:00,c93_28,control,conversion,0
2026-01-02T22:58:00+00:00,c93_28,control,error_rate,0
2026-01-02T22:59:00+00:00,c93_29,control,conversion,0
2026-01-02T22:59:00+00:00,c93_29,control,error_rate,0
2026-01-02T22:30:00+00:00,t93_0,treatment,conversion,0
2026-01-02T22:30:00+00:00,t93_0,treatment,error_rate,1
2026-01-02T22:31:00+00:00,t93_1,treatment,conversion,0
2026-01-02T22:31:00+00:00,t93_1,treatment,error_rate,0
2026-01-02T22:32:00+00:00,t93_2,treatment,conversion,0
2026-01-02T22:32:00+00:00,t93_2,treatment,error_rate,0
2026-01-02T22:33:00+00:00,t93_3,treatment,conversion,0
2026-01-02T22:33:00+00:00,t93_3,treatment,error_rate,0
2026-01-02T22:34:00+00:00,t93_4,treatment,conversion,0
2026-01-02T22:34:00+00:00,t93_4,treatment,error_rate,0
2026-01-02T22:35:00+00:00,t93_5,treatment,conversion,0
2026-01-02T22:35:00+00:00,t93_5,treatment,error_rate,0
2026-01-02T22:36:00+00:00,t93_6,treatment,conversion,1
2026-01-02T22:36:00+00:00,t93_6,treatment,error_rate,0
2026-01-02T22:37:00+00:00,t93_7,treatment,conversion,0
2026-01-02T22:37:00+00:00,t93_7,treatment,error_rate,0
2026-01-02T22:38:00+00:00,t93_8,treatment,conversion,1
2026-01-02T22:38:00+00:00,t93_8,treatment,error_rate,0
2026-01-02T22:39:00+00:00,t93_9,treatment,conversion,0
2026-01-02T22:39:00+00:00,t93_9,treatment,error_rate,0
2026-01-02T22:40:00+00:00,t93_10,treatment,conversion,0
2026-01-02T22:40:00+00:00,t93_10,treatment,error_rate,0
2026-01-02T22:41:00+00:00,t93_11,treatment,conversion,0
2026-01-02T22:41:00+00:00,t93_11,treatment,error_rate,0
2026-01-02T22:42:00+00:00,t93_12,treatment,conversion,0
2026-01-02T22:42:00+00:00,t93_12,treatment,error_rate,0
2026-01-02T22:43:00+00:00,t93_13,treatment,conversion,0
2026-01-02T22:43:00+00:00,t93_13,treatment,error_rate,0
2026-01-02T22:44:00+00:00,t93_14,treatment,conversion,1
2026-01-02T22:44:00+00:00,t93_14,treatment,error_rate,1
2026-01-02T22:45:00+00:00,t93_15,treatment,conversion,0
2026-01-02T22:45:00+00:00,t93_15,treatment,error_rate,0
2026-01-02T22:46:00+00:00,t93_16,treatment,conversion,0
2026-01-02T22:46:00+00:00,t93_16,treatment,error_rate,0
2026-01-02T22:47:00+00:00,t93_17,treatment,conversion,0
2026-01-02T22:47:00+00:00,t93_17,treatment,error_rate,0
2026-01-02T22:48:00+00:00,t93_18,treatment,conversion,0
2026-01-02T22:48:00+00:00,t93_18,treatment,error_rate,1
2026-01-02T22:49:00+00:00,t93_19,treatment,conversion,0
2026-01-02T22:49:00+00:00,t93_19,treatment,error_rate,0
2026-01-02T22:50:00+00:00,t93_20,treatment,conversion,1
2026-01-02T22:50:00+00:00,t93_20,treatment,error_rate,0
2026-01-02T22:51:00+00:00,t93_21,treatment,conversion,1
2026-01-02T22:51:00+00:00,t93_21,treatment,error_rate,0
2026-01-02T22:52:00+00:00,t93_22,treatment,conversion,0
2026-01-02T22:52:00+00:00,t93_22,treatment,error_rate,0
2026-01-02T22:53:00+00:00,t93_23,treatment,conversion,0
2026-01-02T22:53:00+00:00,t93_23,treatment,error_rate,0
2026-01-02T22:54:00+00:00,t93_24,treatment,conversion,0
2026-01-02T22:54:00+00:00,t93_24,treatment,error_rate,0
2026-01-02T22:55:00+00:00,t93_25,treatment,conversion,0
2026-01-02T22:55:00+00:00,t93_25,treatment,error_rate,0
2026-01-02T22:56:00+00:00,t93_26,treatment,conversion,0
2026-01-02T22:56:00+00:00,t93_26,treatment,error_rate,0
2026-01-02T22:57:00+00:00,t93_27,treatment,conversion,0
2026-01-02T22:57:00+00:00,t93_27,treatment,error_rate,0
2026-01-02T22:58:00+00:00,t93_28,treatment,conversion,0
2026-01-02T22:58:00+00:00,t93_28,treatment,error_rate,0
2026-01-02T22:59:00+00:00,t93_29,treatment,conversion,0
2026-01-02T22:59:00+00:00,t93_29,treatment,error_rate,0
2026-01-02T23:00:00+00:00,c94_0,control,conversion,0
2026-01-02T23:00:00+00:00,c94_0,control,error_rate,0
2026-01-02T23:01:00+00:00,c94_1,control,conversion,0
2026-01-02T23:01:00+00:00,c94_1,control,error_rate,0
2026-01-02T23:02:00+00:00,c94_2,control,conversion,0
2026-01-02T23:02:00+00:00,c94_2,control,error_rate,0
2026-01-02T23:03:00+00:00,c94_3,control,conversion,1
2026-01-02T23:03:00+00:00,c94_3,control,error_rate,0
2026-01-02T23:04:00+00:00,c94_4,control,conversion,0
2026-01-02T23:04:00+00:00,c94_4,control,error_rate,1
2026-01-02T23:05:00+00:00,c94_5,control,conversion,0
2026-01-02T23:05:00+00:00,c94_5,control,error_rate,0
2026-01-02T23:06:00+00:00,c94_6,control,conversion,0
2026-01-02T23:06:00+00:00,c94_6,control,error_rate,0
2026-01-02T23:07:00+00:00,c94_7,control,conversion,0
2026-01-02T23:07:00+00:00,c94_7,control,error_rate,0
2026-01-02T23:08:00+00:00,c94_8,control,conversion,0
2026-01-02T23:08:00+00:00,c94_8,control,error_rate,0
2026-01-02T23:09:00+00:00,c94_9,control,conversion,0
2026-01-02T23:09:00+00:00,c94_9,control,error_rate,0
2026-01-02T23:10:00+00:00,c94_10,control,conversion,0
2026-01-02T23:10:00+00:00,c94_10,control,error_rate,0
2026-01-02T23:11:00+00:00,c94_11,control,conversion,0
2026-01-02T23:11:00+00:00,c94_11,control,error_rate,0
2026-01-02T23:12:00+00:00,c94_12,control,conversion,0
2026-01-02T23:12:00+00:00,c94_12,control,error_rate,0
2026-01-02T23:13:00+00:00,c94_13,control,conversion,0
2026-01-02T23:13:00+00:00,c94_13,control,error_rate,0
2026-01-02T23:14:00+00:00,c94_14,control,conversion,0
2026-01-02T23:14:00+00:00,c94_14,control,error_rate,0
2026-01-02T23:15:00+00:00,c94_15,control,conversion,0
2026-01-02T23:15:00+00:00,c94_15,control,error_rate,0
2026-01-02T23:16:00+00:00,c94_16,control,conversion,0
2026-01-02T23:16:00+00:00,c94_16,control,error_rate,0
2026-01-02T23:17:00+00:00,c94_17,control,conversion,0
2026-01-02T23:17:00+00:00,c94_17,control,error_rate,0
2026-01-02T23:18:00+00:00,c94_18,control,conversion,0
2026-01-02T23:18:00+00:00,c94_18,control,error_rate,0
2026-01-02T23:19:00+00:00,c94_19,control,conversion,0
2026-01-02T23:19:00+00:00,c94_19,control,error_rate,0
2026-01-02T23:20:00+00:00,c94_20,control,conversion,0
2026-01-02T23:20:00+00:00,c94_20,control,error_rate,0
2026-01-02T23:21:00+00:00,c94_21,control,conversion,0
2026-01-02T23:21:00+00:00,c94_21,control,error_rate,1
2026-01-02T23:22:00+00:00,c94_22,control,conversion,1
2026-01-02T23:22:00+00:00,c94_22,control,error_rate,0
2026-01-02T23:23:00+00:00,c94_23,control,conversion,0
2026-01-02T23:23:00+00:00,c94_23,control,error_rate,0
2026-01-02T23:24:00+00:00,c94_24,control,conversion,0
2026-01-02T23:24:00+00:00,c94_24,control,error_rate,0
2026-01-02T23:25:00+00:00,c94_25,control,conversion,0
2026-01-02T23:25:00+00:00,c94_25,control,error_rate,0
2026-01-02T23:26:00+00:00,c94_26,control,conversion,0
2026-01-02T23:26:00+00:00,c94_26,control,error_rate,0
2026-01-02T23:27:00+00:00,c94_27,control,conversion,0
2026-01-02T23:27:00+00:00,c94_27,control,error_rate,0
2026-01-02T23:28:00+00:00,c94_28,control,conversion,0
2026-01-02T23:28:00+00:00,c94_28,control,error_rate,0
2026-01-02T23:29:00+00:00,c94_29,control,conversion,0
2026-01-02T23:29:00+00:00,c94_29,control,error_rate,1
2026-01-02T23:00:00+00:00,t94_0,treatment,conversion,0
2026-01-02T23:00:00+00:00,t94_0,treatment,error_rate,0
2026-01-02T23:01:00+00:00,t94_1,treatment,conversion,0
2026-01-02T23:01:00+00:00,t94_1,treatment,error_rate,0
2026-01-02T23:02:00+00:00,t94_2,treatment,conversion,1
2026-01-02T23:02:00+00:00,t94_2,treatment,error_rate,0
2026-01-02T23:03:00+00:00,t94_3,treatment,conversion,0
2026-01-02T23:03:00+00:00,t94_3,treatment,error_rate,0
2026-01-02T23:04:00+00:00,t94_4,treatment,conversion,0
2026-01-02T23:04:00+00:00,t94_4,treatment,error_rate,0
2026-01-02T23:05:00+00:00,t94_5,treatment,conversion,0
2026-01-02T23:05:00+00:00,t94_5,treatment,error_rate,0
2026-01-02T23:06:00+00:00,t94_6,treatment,conversion,0
2026-01-02T23:06:00+00:00,t94_6,treatment,error_rate,0
2026-01-02T23:07:00+00:00,t94_7,treatment,conversion,1
2026-01-02T23:07:00+00:00,t94_7,treatment,error_rate,0
2026-01-02T23:08:00+00:00,t94_8,treatment,conversion,0
2026-01-02T23:08:00+00:00,t94_8,treatment,error_rate,0
2026-01-02T23:09:00+00:00,t94_9,treatment,conversion,0
2026-01-02T23:09:00+00:00,t94_9,treatment,error_rate,0
2026-01-02T23:10:00+00:00,t94_10,treatment,conversion,0
2026-01-02T23:10:00+00:00,t94_10,treatment,error_rate,0
2026-01-02T23:11:00+00:00,t94_11,treatment,conversion,1
2026-01-02T23:11:00+00:00,t94_11,treatment,error_rate,0
2026-01-02T23:12:00+00:00,t94_12,treatment,conversion,0
2026-01-02T23:12:00+00:00,t94_12,treatment,error_rate,0
2026-01-02T23:13:00+00:00,t94_13,treatment,conversion,0
2026-01-02T23:13:00+00:00,t94_13,treatment,error_rate,0
2026-01-02T23:14:00+00:00,t94_14,treatment,conversion,0
2026-01-02T23:14:00+00:00,t94_14,treatment,error_rate,0
2026-01-02T23:15:00+00:00,t94_15,treatment,conversion,0
2026-01-02T23:15:00+00:00,t94_15,treatment,error_rate,0
2026-01-02T23:16:00+00:00,t94_16,treatment,conversion,0
2026-01-02T23:16:00+00:00,t94_16,treatment,error_rate,0
2026-01-02T23:17:00+00:00,t94_17,treatment,conversion,0
2026-01-02T23:17:00+00:00,t94_17,treatment,error_rate,1
2026-01-02T23:18:00+00:00,t94_18,treatment,conversion,0
2026-01-02T23:18:00+00:00,t94_18,treatment,error_rate,0
2026-01-02T23:19:00+00:00,t94_19,treatment,conversion,1
2026-01-02T23:19:00+00:00,t94_19,treatment,error_rate,0
2026-01-02T23:20:00+00:00,t94_20,treatment,conversion,0
2026-01-02T23:20:00+00:00,t94_20,treatment,error_rate,0
2026-01-02T23:21:00+00:00,t94_21,treatment,conversion,0
2026-01-02T23:21:00+00:00,t94_21,treatment,error_rate,0
2026-01-02T23:22:00+00:00,t94_22,treatment,conversion,0
2026-01-02T23:22:00+00:00,t94_22,treatment,error_rate,0
2026-01-02T23:23:00+00:00,t94_23,treatment,conversion,0
2026-01-02T23:23:00+00:00,t94_23,treatment,error_rate,0
2026-01-02T23:24:00+00:00,t94_24,treatment,conversion,0
2026-01-02T23:24:00+00:00,t94_24,treatment,error_rate,0
2026-01-02T23:25:00+00:00,t94_25,treatment,conversion,0
2026-01-02T23:25:00+00:00,t94_25,treatment,error_rate,0
2026-01-02T23:26:00+00:00,t94_26,treatment,conversion,0
2026-01-02T23:26:00+00:00,t94_26,treatment,error_rate,0
2026-01-02T23:27:00+00:00,t94_27,treatment,conversion,1
2026-01-02T23:27:00+00:00,t94_27,treatment,error_rate,0
2026-01-02T23:28:00+00:00,t94_28,treatment,conversion,0
2026-01-02T23:28:00+00:00,t94_28,treatment,error_rate,0
2026-01-02T23:29:00+00:00,t94_29,treatment,conversion,0
2026-01-02T23:29:00+00:00,t94_29,treatment,error_rate,0
2026-01-02T23:30:00+00:00,c95_0,control,conversion,0
2026-01-02T23:30:00+00:00,c95_0,control,error_rate,0
2026-01-02T23:31:00+00:00,c95_1,control,conversion,0
2026-01-02T23:31:00+00:00,c95_1,control,error_rate,0
2026-01-02T23:32:00+00:00,c95_2,control,conversion,0
2026-01-02T23:32:00+00:00,c95_2,control,error_rate,0
2026-01-02T23:33:00+00:00,c95_3,control,conversion,0
2026-01-02T23:33:00+00:00,c95_3,control,error_rate,0
2026-01-02T23:34:00+00:00,c95_4,control,conversion,0
2026-01-02T23:34:00+00:00,c95_4,control,error_rate,0
2026-01-02T23:35:00+00:00,c95_5,control,conversion,0
2026-01-02T23:35:00+00:00,c95_5,control,error_rate,0
2026-01-02T23:36:00+00:00,c95_6,control,conversion,0
2026-01-02T23:36:00+00:00,c95_6,control,error_rate,0
2026-01-02T23:37:00+00:00,c95_7,control,conversion,0
2026-01-02T23:37:00+00:00,c95_7,control,error_rate,0
2026-01-02T23:38:00+00:00,c95_8,control,conversion,0
2026-01-02T23:38:00+00:00,c95_8,control,error_rate,0
2026-01-02T23:39:00+00:00,c95_9,control,conversion,0
2026-01-02T23:39:00+00:00,c95_9,control,error_rate,0
2026-01-02T23:40:00+00:00,c95_10,control,conversion,0
2026-01-02T23:40:00+00:00,c95_10,control,error_rate,1
2026-01-02T23:41:00+00:00,c95_11,control,conversion,0
2026-01-02T23:41:00+00:00,c95_11,control,error_rate,0
2026-01-02T23:42:00+00:00,c95_12,control,conversion,0
2026-01-02T23:42:00+00:00,c95_12,control,error_rate,0
2026-01-02T23:43:00+00:00,c95_13,control,conversion,1
2026-01-02T23:43:00+00:00,c95_13,control,error_rate,1
2026-01-02T23:44:00+00:00,c95_14,control,conversion,0
2026-01-02T23:44:00+00:00,c95_14,control,error_rate,0
2026-01-02T23:45:00+00:00,c95_15,control,conversion,0
2026-01-02T23:45:00+00:00,c95_15,control,error_rate,0
2026-01-02T23:46:00+00:00,c95_16,control,conversion,0
2026-01-02T23:46:00+00:00,c95_16,control,error_rate,0
2026-01-02T23:47:00+00:00,c95_17,control,conversion,1
2026-01-02T23:47:00+00:00,c95_17,control,error_rate,0
2026-01-02T23:48:00+00:00,c95_18,control,conversion,0
2026-01-02T23:48:00+00:00,c95_18,control,error_rate,1
2026-01-02T23:49:00+00:00,c95_19,control,conversion,0
2026-01-02T23:49:00+00:00,c95_19,control,error_rate,0
2026-01-02T23:50:00+00:00,c95_20,control,conversion,0
2026-01-02T23:50:00+00:00,c95_20,control,error_rate,0
2026-01-02T23:51:00+00:00,c95_21,control,conversion,0
2026-01-02T23:51:00+00:00,c95_21,control,error_rate,0
2026-01-02T23:52:00+00:00,c95_22,control,conversion,0
2026-01-02T23:52:00+00:00,c95_22,control,error_rate,0
2026-01-02T23:53:00+00:00,c95_23,control,conversion,0
2026-01-02T23:53:00+00:00,c95_23,control,error_rate,0
2026-01-02T23:54:00+00:00,c95_24,control,conversion,0
2026-01-02T23:54:00+00:00,c95_24,control,error_rate,0
2026-01-02T23:55:00+00:00,c95_25,control,conversion,1
2026-01-02T23:55:00+00:00,c95_25,control,error_rate,0
2026-01-02T23:56:00+00:00,c95_26,control,conversion,0
2026-01-02T23:56:00+00:00,c95_26,control,error_rate,0
2026-01-02T23:57:00+00:00,c95_27,control,conversion,0
2026-01-02T23:57:00+00:00,c95_27,control,error_rate,0
2026-01-02T23:58:00+00:00,c95_28,control,conversion,0
2026-01-02T23:58:00+00:00,c95_28,control,error_rate,0
2026-01-02T23:59:00+00:00,c95_29,control,conversion,0
2026-01-02T23:59:00+00:00,c95_29,control,error_rate,0
2026-01-02T23:30:00+00:00,t95_0,treatment,conversion,1
2026-01-02T23:30:00+00:00,t95_0,treatment,error_rate,0
2026-01-02T23:31:00+00:00,t95_1,treatment,conversion,1
2026-01-02T23:31:00+00:00,t95_1,treatment,error_rate,1
2026-01-02T23:32:00+00:00,t95_2,treatment,conversion,0
2026-01-02T23:32:00+00:00,t95_2,treatment,error_rate,1
2026-01-02T23:33:00+00:00,t95_3,treatment,conversion,0
2026-01-02T23:33:00+00:00,t95_3,treatment,error_rate,0
2026-01-02T23:34:00+00:00,t95_4,treatment,conversion,0
2026-01-02T23:34:00+00:00,t95_4,treatment,error_rate,0
2026-01-02T23:35:00+00:00,t95_5,treatment,conversion,1
2026-01-02T23:35:00+00:00,t95_5,treatment,error_rate,1
2026-01-02T23:36:00+00:00,t95_6,treatment,conversion,0
2026-01-02T23:36:00+00:00,t95_6,treatment,error_rate,1
2026-01-02T23:37:00+00:00,t95_7,treatment,conversion,0
2026-01-02T23:37:00+00:00,t95_7,treatment,error_rate,0
2026-01-02T23:38:00+00:00,t95_8,treatment,conversion,1
2026-01-02T23:38:00+00:00,t95_8,treatment,error_rate,0
2026-01-02T23:39:00+00:00,t95_9,treatment,conversion,0
2026-01-02T23:39:00+00:00,t95_9,treatment,error_rate,0
2026-01-02T23:40:00+00:00,t95_10,treatment,conversion,0
2026-01-02T23:40:00+00:00,t95_10,treatment,error_rate,0
2026-01-02T23:41:00+00:00,t95_11,treatment,conversion,0
2026-01-02T23:41:00+00:00,t95_11,treatment,error_rate,0
2026-01-02T23:42:00+00:00,t95_12,treatment,conversion,0
2026-01-02T23:42:00+00:00,t95_12,treatment,error_rate,0
2026-01-02T23:43:00+00:00,t95_13,treatment,conversion,1
2026-01-02T23:43:00+00:00,t95_13,treatment,error_rate,0
2026-01-02T23:44:00+00:00,t95_14,treatment,conversion,0
2026-01-02T23:44:00+00:00,t95_14,treatment,error_rate,0
2026-01-02T23:45:00+00:00,t95_15,treatment,conversion,0
2026-01-02T23:45:00+00:00,t95_15,treatment,error_rate,0
2026-01-02T23:46:00+00:00,t95_16,treatment,conversion,0
2026-01-02T23:46:00+00:00,t95_16,treatment,error_rate,0
2026-01-02T23:47:00+00:00,t95_17,treatment,conversion,0
2026-01-02T23:47:00+00:00,t95_17,treatment,error_rate,0
2026-01-02T23:48:00+00:00,t95_18,treatment,conversion,0
2026-01-02T23:48:00+00:00,t95_18,treatment,error_rate,0
2026-01-02T23:49:00+00:00,t95_19,treatment,conversion,0
2026-01-02T23:49:00+00:00,t95_19,treatment,error_rate,0
2026-01-02T23:50:00+00:00,t95_20,treatment,conversion,0
2026-01-02T23:50:00+00:00,t95_20,treatment,error_rate,0
2026-01-02T23:51:00+00:00,t95_21,treatment,conversion,1
2026-01-02T23:51:00+00:00,t95_21,treatment,error_rate,0
2026-01-02T23:52:00+00:00,t95_22,treatment,conversion,0
2026-01-02T23:52:00+00:00,t95_22,treatment,error_rate,0
2026-01-02T23:53:00+00:00,t95_23,treatment,conversion,0
2026-01-02T23:53:00+00:00,t95_23,treatment,error_rate,0
2026-01-02T23:54:00+00:00,t95_24,treatment,conversion,0
2026-01-02T23:54:00+00:00,t95_24,treatment,error_rate,0
2026-01-02T23:55:00+00:00,t95_25,treatment,conversion,0
2026-01-02T23:55:00+00:00,t95_25,treatment,error_rate,0
2026-01-02T23:56:00+00:00,t95_26,treatment,conversion,0
2026-01-02T23:56:00+00:00,t95_26,treatment,error_rate,0
2026-01-02T23:57:00+00:00,t95_27,treatment,conversion,1
2026-01-02T23:57:00+00:00,t95_27,treatment,error_rate,0
2026-01-02T23:58:00+00:00,t95_28,treatment,conversion,0
2026-01-02T23:58:00+00:00,t95_28,treatment,error_rate,0
2026-01-02T23:59:00+00:00,t95_29,treatment,conversion,1
2026-01-02T23:59:00+00:00,t95_29,treatment,error_rate,0
2026-01-03T00:00:00+00:00,c96_0,control,conversion,0
2026-01-03T00:00:00+00:00,c96_0,control,error_rate,0
2026-01-03T00:01:00+00:00,c96_1,control,conversion,0
2026-01-03T00:01:00+00:00,c96_1,control,error_rate,0
2026-01-03T00:02:00+00:00,c96_2,control,conversion,0
2026-01-03T00:02:00+00:00,c96_2,control,error_rate,0
2026-01-03T00:03:00+00:00,c96_3,control,conversion,0
2026-01-03T00:03:00+00:00,c96_3,control,error_rate,1
2026-01-03T00:04:00+00:00,c96_4,control,conversion,0
2026-01-03T00:04:00+00:00,c96_4,control,error_rate,0
2026-01-03T00:05:00+00:00,c96_5,control,conversion,0
2026-01-03T00:05:00+00:00,c96_5,control,error_rate,0
2026-01-03T00:06:00+00:00,c96_6,control,conversion,1
2026-01-03T00:06:00+00:00,c96_6,control,error_rate,0
2026-01-03T00:07:00+00:00,c96_7,control,conversion,0
2026-01-03T00:07:00+00:00,c96_7,control,error_rate,0
2026-01-03T00:08:00+00:00,c96_8,control,conversion,0
2026-01-03T00:08:00+00:00,c96_8,control,error_rate,0
2026-01-03T00:09:00+00:00,c96_9,control,conversion,0
2026-01-03T00:09:00+00:00,c96_9,control,error_rate,0
2026-01-03T00:10:00+00:00,c96_10,control,conversion,0
2026-01-03T00:10:00+00:00,c96_10,control,error_rate,0
2026-01-03T00:11:00+00:00,c96_11,control,conversion,1
2026-01-03T00:11:00+00:00,c96_11,control,error_rate,0
2026-01-03T00:12:00+00:00,c96_12,control,conversion,0
2026-01-03T00:12:00+00:00,c96_12,control,error_rate,0
2026-01-03T00:13:00+00:00,c96_13,control,conversion,0
2026-01-03T00:13:00+00:00,c96_13,control,error_rate,0
2026-01-03T00:14:00+00:00,c96_14,control,conversion,0
2026-01-03T00:14:00+00:00,c96_14,control,error_rate,0
2026-01-03T00:15:00+00:00,c96_15,control,conversion,0
2026-01-03T00:15:00+00:00,c96_15,control,error_rate,0
2026-01-03T00:16:00+00:00,c96_16,control,conversion,0
2026-01-03T00:16:00+00:00,c96_16,control,error_rate,0
2026-01-03T00:17:00+00:00,c96_17,control,conversion,0
2026-01-03T00:17:00+00:00,c96_17,control,error_rate,0
2026-01-03T00:18:00+00:00,c96_18,control,conversion,0
2026-01-03T00:18:00+00:00,c96_18,control,error_rate,0
2026-01-03T00:19:00+00:00,c96_19,control,conversion,0
2026-01-03T00:19:00+00:00,c96_19,control,error_rate,0
2026-01-03T00:20:00+00:00,c96_20,control,conversion,0
2026-01-03T00:20:00+00:00,c96_20,control,error_rate,0
2026-01-03T00:21:00+00:00,c96_21,control,conversion,0
2026-01-03T00:21:00+00:00,c96_21,control,error_rate,0
2026-01-03T00:22:00+00:00,c96_22,control,conversion,0
2026-01-03T00:22:00+00:00,c96_22,control,error_rate,0
2026-01-03T00:23:00+00:00,c96_23,control,conversion,0
2026-01-03T00:23:00+00:00,c96_23,control,error_rate,0
2026-01-03T00:24:00+00:00,c96_24,control,conversion,0
2026-01-03T00:24:00+00:00,c96_24,control,error_rate,0
2026-01-03T00:25:00+00:00,c96_25,control,conversion,0
2026-01-03T00:25:00+00:00,c96_25,control,error_rate,0
2026-01-03T00:26:00+00:00,c96_26,control,conversion,0
2026-01-03T00:26:00+00:00,c96_26,control,error_rate,0
2026-01-03T00:27:00+00:00,c96_27,control,conversion,1
2026-01-03T00:27:00+00:00,c96_27,control,error_rate,0
2026-01-03T00:28:00+00:00,c96_28,control,conversion,0
2026-01-03T00:28:00+00:00,c96_28,control,error_rate,1
2026-01-03T00:29:00+00:00,c96_29,control,conversion,0
2026-01-03T00:29:00+00:00,c96_29,control,error_rate,0
2026-01-03T00:00:00+00:00,t96_0,treatment,conversion,0
2026-01-03T00:00:00+00:00,t96_0,treatment,error_rate,0
2026-01-03T00:01:00+00:00,t96_1,treatment,conversion,0
2026-01-03T00:01:00+00:00,t96_1,treatment,error_rate,0
2026-01-03T00:02:00+00:00,t96_2,treatment,conversion,0
2026-01-03T00:02:00+00:00,t96_2,treatment,error_rate,1
2026-01-03T00:03:00+00:00,t96_3,treatment,conversion,0
2026-01-03T00:03:00+00:00,t96_3,treatment,error_rate,0
2026-01-03T00:04:00+00:00,t96_4,treatment,conversion,0
2026-01-03T00:04:00+00:00,t96_4,treatment,error_rate,0
2026-01-03T00:05:00+00:00,t96_5,treatment,conversion,0
2026-01-03T00:05:00+00:00,t96_5,treatment,error_rate,0
2026-01-03T00:06:00+00:00,t96_6,treatment,conversion,1
2026-01-03T00:06:00+00:00,t96_6,treatment,error_rate,0
2026-01-03T00:07:00+00:00,t96_7,treatment,conversion,0
2026-01-03T00:07:00+00:00,t96_7,treatment,error_rate,0
2026-01-03T00:08:00+00:00,t96_8,treatment,conversion,0
2026-01-03T00:08:00+00:00,t96_8,treatment,error_rate,1
2026-01-03T00:09:00+00:00,t96_9,treatment,conversion,1
2026-01-03T00:09:00+00:00,t96_9,treatment,error_rate,0
2026-01-03T00:10:00+00:00,t96_10,treatment,conversion,0
2026-01-03T00:10:00+00:00,t96_10,treatment,error_rate,0
2026-01-03T00:11:00+00:00,t96_11,treatment,conversion,0
2026-01-03T00:11:00+00:00,t96_11,treatment,error_rate,0
2026-01-03T00:12:00+00:00,t96_12,treatment,conversion,0
2026-01-03T00:12:00+00:00,t96_12,treatment,error_rate,0
2026-01-03T00:13:00+00:00,t96_13,treatment,conversion,1
2026-01-03T00:13:00+00:00,t96_13,treatment,error_rate,0
2026-01-03T00:14:00+00:00,t96_14,treatment,conversion,0
2026-01-03T00:14:00+00:00,t96_14,treatment,error_rate,0
2026-01-03T00:15:00+00:00,t96_15,treatment,conversion,0
2026-01-03T00:15:00+00:00,t96_15,treatment,error_rate,0
2026-01-03T00:16:00+00:00,t96_16,treatment,conversion,0
2026-01-03T00:16:00+00:00,t96_16,treatment,error_rate,0
2026-01-03T00:17:00+00:00,t96_17,treatment,conversion,1
2026-01-03T00:17:00+00:00,t96_17,treatment,error_rate,0
2026-01-03T00:18:00+00:00,t96_18,treatment,conversion,0
2026-01-03T00:18:00+00:00,t96_18,treatment,error_rate,1
2026-01-03T00:19:00+00:00,t96_19,treatment,conversion,0
2026-01-03T00:19:00+00:00,t96_19,treatment,error_rate,0
2026-01-03T00:20:00+00:00,t96_20,treatment,conversion,0
2026-01-03T00:20:00+00:00,t96_20,treatment,error_rate,0
2026-01-03T00:21:00+00:00,t96_21,treatment,conversion,0
2026-01-03T00:21:00+00:00,t96_21,treatment,error_rate,0
2026-01-03T00:22:00+00:00,t96_22,treatment,conversion,1
2026-01-03T00:22:00+00:00,t96_22,treatment,error_rate,1
2026-01-03T00:23:00+00:00,t96_23,treatment,conversion,0
2026-01-03T00:23:00+00:00,t96_23,treatment,error_rate,0
2026-01-03T00:24:00+00:00,t96_24,treatment,conversion,1
2026-01-03T00:24:00+00:00,t96_24,treatment,error_rate,0
2026-01-03T00:25:00+00:00,t96_25,treatment,conversion,0
2026-01-03T00:25:00+00:00,t96_25,treatment,error_rate,0
2026-01-03T00:26:00+00:00,t96_26,treatment,conversion,0
2026-01-03T00:26:00+00:00,t96_26,treatment,error_rate,0
2026-01-03T00:27:00+00:00,t96_27,treatment,conversion,0
2026-01-03T00:27:00+00:00,t96_27,treatment,error_rate,0
2026-01-03T00:28:00+00:00,t96_28,treatment,conversion,0
2026-01-03T00:28:00+00:00,t96_28,treatment,error_rate,0
2026-01-03T00:29:00+00:00,t96_29,treatment,conversion,0
2026-01-03T00:29:00+00:00,t96_29,treatment,error_rate,0
2026-01-03T00:30:00+00:00,c97_0,control,conversion,0
2026-01-03T00:30:00+00:00,c97_0,control,error_rate,0
2026-01-03T00:31:00+00:00,c97_1,control,conversion,0
2026-01-03T00:31:00+00:00,c97_1,control,error_rate,1
2026-01-03T00:32:00+00:00,c97_2,control,conversion,0
2026-01-03T00:32:00+00:00,c97_2,control,error_rate,0
2026-01-03T00:33:00+00:00,c97_3,control,conversion,0
2026-01-03T00:33:00+00:00,c97_3,control,error_rate,0
2026-01-03T00:34:00+00:00,c97_4,control,conversion,0
2026-01-03T00:34:00+00:00,c97_4,control,error_rate,0
2026-01-03T00:35:00+00:00,c97_5,control,conversion,1
2026-01-03T00:35:00+00:00,c97_5,control,error_rate,0
2026-01-03T00:36:00+00:00,c97_6,control,conversion,0
2026-01-03T00:36:00+00:00,c97_6,control,error_rate,1
2026-01-03T00:37:00+00:00,c97_7,control,conversion,0
2026-01-03T00:37:00+00:00,c97_7,control,error_rate,0
2026-01-03T00:38:00+00:00,c97_8,control,conversion,1
2026-01-03T00:38:00+00:00,c97_8,control,error_rate,0
2026-01-03T00:39:00+00:00,c97_9,control,conversion,0
2026-01-03T00:39:00+00:00,c97_9,control,error_rate,0
2026-01-03T00:40:00+00:00,c97_10,control,conversion,0
2026-01-03T00:40:00+00:00,c97_10,control,error_rate,0
2026-01-03T00:41:00+00:00,c97_11,control,conversion,0
2026-01-03T00:41:00+00:00,c97_11,control,error_rate,0
2026-01-03T00:42:00+00:00,c97_12,control,conversion,0
2026-01-03T00:42:00+00:00,c97_12,control,error_rate,0
2026-01-03T00:43:00+00:00,c97_13,control,conversion,0
2026-01-03T00:43:00+00:00,c97_13,control,error_rate,0
2026-01-03T00:44:00+00:00,c97_14,control,conversion,0
2026-01-03T00:44:00+00:00,c97_14,control,error_rate,0
2026-01-03T00:45:00+00:00,c97_15,control,conversion,0
2026-01-03T00:45:00+00:00,c97_15,control,error_rate,0
2026-01-03T00:46:00+00:00,c97_16,control,conversion,0
2026-01-03T00:46:00+00:00,c97_16,control,error_rate,0
2026-01-03T00:47:00+00:00,c97_17,control,conversion,0
2026-01-03T00:47:00+00:00,c97_17,control,error_rate,0
2026-01-03T00:48:00+00:00,c97_18,control,conversion,1
2026-01-03T00:48:00+00:00,c97_18,control,error_rate,0
2026-01-03T00:49:00+00:00,c97_19,control,conversion,0
2026-01-03T00:49:00+00:00,c97_19,control,error_rate,0
2026-01-03T00:50:00+00:00,c97_20,control,conversion,0
2026-01-03T00:50:00+00:00,c97_20,control,error_rate,0
2026-01-03T00:51:00+00:00,c97_21,control,conversion,0
2026-01-03T00:51:00+00:00,c97_21,control,error_rate,0
2026-01-03T00:52:00+00:00,c97_22,control,conversion,0
2026-01-03T00:52:00+00:00,c97_22,control,error_rate,1
2026-01-03T00:53:00+00:00,c97_23,control,conversion,0
2026-01-03T00:53:00+00:00,c97_23,control,error_rate,0
2026-01-03T00:54:00+00:00,c97_24,control,conversion,0
2026-01-03T00:54:00+00:00,c97_24,control,error_rate,0
2026-01-03T00:55:00+00:00,c97_25,control,conversion,0
2026-01-03T00:55:00+00:00,c97_25,control,error_rate,0
2026-01-03T00:56:00+00:00,c97_26,control,conversion,0
2026-01-03T00:56:00+00:00,c97_26,control,error_rate,0
2026-01-03T00:57:00+00:00,c97_27,control,conversion,0
2026-01-03T00:57:00+00:00,c97_27,control,error_rate,0
2026-01-03T00:58:00+00:00,c97_28,control,conversion,0
2026-01-03T00:58:00+00:00,c97_28,control,error_rate,0
2026-01-03T00:59:00+00:00,c97_29,control,conversion,0
2026-01-03T00:59:00+00:00,c97_29,control,error_rate,0
2026-01-03T00:30:00+00:00,t97_0,treatment,conversion,0
2026-01-03T00:30:00+00:00,t97_0,treatment,error_rate,0
2026-01-03T00:31:00+00:00,t97_1,treatment,conversion,0
2026-01-03T00:31:00+00:00,t97_1,treatment,error_rate,0
2026-01-03T00:32:00+00:00,t97_2,treatment,conversion,0
2026-01-03T00:32:00+00:00,t97_2,treatment,error_rate,0
2026-01-03T00:33:00+00:00,t97_3,treatment,conversion,0
2026-01-03T00:33:00+00:00,t97_3,treatment,error_rate,0
2026-01-03T00:34:00+00:00,t97_4,treatment,conversion,0
2026-01-03T00:34:00+00:00,t97_4,treatment,error_rate,0
2026-01-03T00:35:00+00:00,t97_5,treatment,conversion,1
2026-01-03T00:35:00+00:00,t97_5,treatment,error_rate,0
2026-01-03T00:36:00+00:00,t97_6,treatment,conversion,0
2026-01-03T00:36:00+00:00,t97_6,treatment,error_rate,0
2026-01-03T00:37:00+00:00,t97_7,treatment,conversion,1
2026-01-03T00:37:00+00:00,t97_7,treatment,error_rate,1
2026-01-03T00:38:00+00:00,t97_8,treatment,conversion,0
2026-01-03T00:38:00+00:00,t97_8,treatment,error_rate,0
2026-01-03T00:39:00+00:00,t97_9,treatment,conversion,0
2026-01-03T00:39:00+00:00,t97_9,treatment,error_rate,0
2026-01-03T00:40:00+00:00,t97_10,treatment,conversion,1
2026-01-03T00:40:00+00:00,t97_10,treatment,error_rate,0
2026-01-03T00:41:00+00:00,t97_11,treatment,conversion,0
2026-01-03T00:41:00+00:00,t97_11,treatment,error_rate,0
2026-01-03T00:42:00+00:00,t97_12,treatment,conversion,1
2026-01-03T00:42:00+00:00,t97_12,treatment,error_rate,0
2026-01-03T00:43:00+00:00,t97_13,treatment,conversion,0
2026-01-03T00:43:00+00:00,t97_13,treatment,error_rate,0
2026-01-03T00:44:00+00:00,t97_14,treatment,conversion,0
2026-01-03T00:44:00+00:00,t97_14,treatment,error_rate,0
2026-01-03T00:45:00+00:00,t97_15,treatment,conversion,0
2026-01-03T00:45:00+00:00,t97_15,treatment,error_rate,0
2026-01-03T00:46:00+00:00,t97_16,treatment,conversion,0
2026-01-03T00:46:00+00:00,t97_16,treatment,error_rate,0
2026-01-03T00:47:00+00:00,t97_17,treatment,conversion,0
2026-01-03T00:47:00+00:00,t97_17,treatment,error_rate,0
2026-01-03T00:48:00+00:00,t97_18,treatment,conversion,0
2026-01-03T00:48:00+00:00,t97_18,treatment,error_rate,0
2026-01-03T00:49:00+00:00,t97_19,treatment,conversion,1
2026-01-03T00:49:00+00:00,t97_19,treatment,error_rate,0
2026-01-03T00:50:00+00:00,t97_20,treatment,conversion,0
2026-01-03T00:50:00+00:00,t97_20,treatment,error_rate,0
2026-01-03T00:51:00+00:00,t97_21,treatment,conversion,0
2026-01-03T00:51:00+00:00,t97_21,treatment,error_rate,0
2026-01-03T00:52:00+00:00,t97_22,treatment,conversion,0
2026-01-03T00:52:00+00:00,t97_22,treatment,error_rate,0
2026-01-03T00:53:00+00:00,t97_23,treatment,conversion,0
2026-01-03T00:53:00+00:00,t97_23,treatment,error_rate,1
2026-01-03T00:54:00+00:00,t97_24,treatment,conversion,0
2026-01-03T00:54:00+00:00,t97_24,treatment,error_rate,0
2026-01-03T00:55:00+00:00,t97_25,treatment,conversion,0
2026-01-03T00:55:00+00:00,t97_25,treatment,error_rate,1
2026-01-03T00:56:00+00:00,t97_26,treatment,conversion,0
2026-01-03T00:56:00+00:00,t97_26,treatment,error_rate,0
2026-01-03T00:57:00+00:00,t97_27,treatment,conversion,0
2026-01-03T00:57:00+00:00,t97_27,treatment,error_rate,0
2026-01-03T00:58:00+00:00,t97_28,treatment,conversion,0
2026-01-03T00:58:00+00:00,t97_28,treatment,error_rate,0
2026-01-03T00:59:00+00:00,t97_29,treatment,conversion,1
2026-01-03T00:59:00+00:00,t97_29,treatment,error_rate,0
2026-01-03T01:00:00+00:00,c98_0,control,conversion,1
2026-01-03T01:00:00+00:00,c98_0,control,error_rate,0
2026-01-03T01:01:00+00:00,c98_1,control,conversion,0
2026-01-03T01:01:00+00:00,c98_1,control,error_rate,0
2026-01-03T01:02:00+00:00,c98_2,control,conversion,0
2026-01-03T01:02:00+00:00,c98_2,control,error_rate,1
2026-01-03T01:03:00+00:00,c98_3,control,conversion,0
2026-01-03T01:03:00+00:00,c98_3,control,error_rate,0
2026-01-03T01:04:00+00:00,c98_4,control,conversion,0
2026-01-03T01:04:00+00:00,c98_4,control,error_rate,0
2026-01-03T01:05:00+00:00,c98_5,control,conversion,0
2026-01-03T01:05:00+00:00,c98_5,control,error_rate,0
2026-01-03T01:06:00+00:00,c98_6,control,conversion,0
2026-01-03T01:06:00+00:00,c98_6,control,error_rate,0
2026-01-03T01:07:00+00:00,c98_7,control,conversion,0
2026-01-03T01:07:00+00:00,c98_7,control,error_rate,0
2026-01-03T01:08:00+00:00,c98_8,control,conversion,0
2026-01-03T01:08:00+00:00,c98_8,control,error_rate,0
2026-01-03T01:09:00+00:00,c98_9,control,conversion,0
2026-01-03T01:09:00+00:00,c98_9,control,error_rate,0
2026-01-03T01:10:00+00:00,c98_10,control,conversion,0
2026-01-03T01:10:00+00:00,c98_10,control,error_rate,1
2026-01-03T01:11:00+00:00,c98_11,control,conversion,1
2026-01-03T01:11:00+00:00,c98_11,control,error_rate,0
2026-01-03T01:12:00+00:00,c98_12,control,conversion,0
2026-01-03T01:12:00+00:00,c98_12,control,error_rate,0
2026-01-03T01:13:00+00:00,c98_13,control,conversion,0
2026-01-03T01:13:00+00:00,c98_13,control,error_rate,0
2026-01-03T01:14:00+00:00,c98_14,control,conversion,0
2026-01-03T01:14:00+00:00,c98_14,control,error_rate,0
2026-01-03T01:15:00+00:00,c98_15,control,conversion,0
2026-01-03T01:15:00+00:00,c98_15,control,error_rate,0
2026-01-03T01:16:00+00:00,c98_16,control,conversion,0
2026-01-03T01:16:00+00:00,c98_16,control,error_rate,1
2026-01-03T01:17:00+00:00,c98_17,control,conversion,0
2026-01-03T01:17:00+00:00,c98_17,control,error_rate,0
2026-01-03T01:18:00+00:00,c98_18,control,conversion,0
2026-01-03T01:18:00+00:00,c98_18,control,error_rate,0
2026-01-03T01:19:00+00:00,c98_19,control,conversion,0
2026-01-03T01:19:00+00:00,c98_19,control,error_rate,0
2026-01-03T01:20:00+00:00,c98_20,control,conversion,0
2026-01-03T01:20:00+00:00,c98_20,control,error_rate,0
2026-01-03T01:21:00+00:00,c98_21,control,conversion,1
2026-01-03T01:21:00+00:00,c98_21,control,error_rate,0
2026-01-03T01:22:00+00:00,c98_22,control,conversion,1
2026-01-03T01:22:00+00:00,c98_22,control,error_rate,0
2026-01-03T01:23:00+00:00,c98_23,control,conversion,0
2026-01-03T01:23:00+00:00,c98_23,control,error_rate,0
2026-01-03T01:24:00+00:00,c98_24,control,conversion,0
2026-01-03T01:24:00+00:00,c98_24,control,error_rate,0
2026-01-03T01:25:00+00:00,c98_25,control,conversion,0
2026-01-03T01:25:00+00:00,c98_25,control,error_rate,0
2026-01-03T01:26:00+00:00,c98_26,control,conversion,0
2026-01-03T01:26:00+00:00,c98_26,control,error_rate,0
2026-01-03T01:27:00+00:00,c98_27,control,conversion,0
2026-01-03T01:27:00+00:00,c98_27,control,error_rate,0
2026-01-03T01:28:00+00:00,c98_28,control,conversion,0
2026-01-03T01:28:00+00:00,c98_28,control,error_rate,0
2026-01-03T01:29:00+00:00,c98_29,control,conversion,0
2026-01-03T01:29:00+00:00,c98_29,control,error_rate,0
2026-01-03T01:00:00+00:00,t98_0,treatment,conversion,0
2026-01-03T01:00:00+00:00,t98_0,treatment,error_rate,0
2026-01-03T01:01:00+00:00,t98_1,treatment,conversion,0
2026-01-03T01:01:00+00:00,t98_1,treatment,error_rate,0
2026-01-03T01:02:00+00:00,t98_2,treatment,conversion,0
2026-01-03T01:02:00+00:00,t98_2,treatment,error_rate,0
2026-01-03T01:03:00+00:00,t98_3,treatment,conversion,0
2026-01-03T01:03:00+00:00,t98_3,treatment,error_rate,0
2026-01-03T01:04:00+00:00,t98_4,treatment,conversion,0
2026-01-03T01:04:00+00:00,t98_4,treatment,error_rate,0
2026-01-03T01:05:00+00:00,t98_5,treatment,conversion,1
2026-01-03T01:05:00+00:00,t98_5,treatment,error_rate,0
2026-01-03T01:06:00+00:00,t98_6,treatment,conversion,0
2026-01-03T01:06:00+00:00,t98_6,treatment,error_rate,0
2026-01-03T01:07:00+00:00,t98_7,treatment,conversion,0
2026-01-03T01:07:00+00:00,t98_7,treatment,error_rate,0
2026-01-03T01:08:00+00:00,t98_8,treatment,conversion,0
2026-01-03T01:08:00+00:00,t98_8,treatment,error_rate,0
2026-01-03T01:09:00+00:00,t98_9,treatment,conversion,0
2026-01-03T01:09:00+00:00,t98_9,treatment,error_rate,0
2026-01-03T01:10:00+00:00,t98_10,treatment,conversion,0
2026-01-03T01:10:00+00:00,t98_10,treatment,error_rate,0
2026-01-03T01:11:00+00:00,t98_11,treatment,conversion,0
2026-01-03T01:11:00+00:00,t98_11,treatment,error_rate,0
2026-01-03T01:12:00+00:00,t98_12,treatment,conversion,0
2026-01-03T01:12:00+00:00,t98_12,treatment,error_rate,0
2026-01-03T01:13:00+00:00,t98_13,treatment,conversion,0
2026-01-03T01:13:00+00:00,t98_13,treatment,error_rate,0
2026-01-03T01:14:00+00:00,t98_14,treatment,conversion,1
2026-01-03T01:14:00+00:00,t98_14,treatment,error_rate,0
2026-01-03T01:15:00+00:00,t98_15,treatment,conversion,1
2026-01-03T01:15:00+00:00,t98_15,treatment,error_rate,1
2026-01-03T01:16:00+00:00,t98_16,treatment,conversion,0
2026-01-03T01:16:00+00:00,t98_16,treatment,error_rate,0
2026-01-03T01:17:00+00:00,t98_17,treatment,conversion,0
2026-01-03T01:17:00+00:00,t98_17,treatment,error_rate,0
2026-01-03T01:18:00+00:00,t98_18,treatment,conversion,0
2026-01-03T01:18:00+00:00,t98_18,treatment,error_rate,0
2026-01-03T01:19:00+00:00,t98_19,treatment,conversion,1
2026-01-03T01:19:00+00:00,t98_19,treatment,error_rate,0
2026-01-03T01:20:00+00:00,t98_20,treatment,conversion,0
2026-01-03T01:20:00+00:00,t98_20,treatment,error_rate,0
2026-01-03T01:21:00+00:00,t98_21,treatment,conversion,0
2026-01-03T01:21:00+00:00,t98_21,treatment,error_rate,0
2026-01-03T01:22:00+00:00,t98_22,treatment,conversion,0
2026-01-03T01:22:00+00:00,t98_22,treatment,error_rate,0
2026-01-03T01:23:00+00:00,t98_23,treatment,conversion,0
2026-01-03T01:23:00+00:00,t98_23,treatment,error_rate,0
2026-01-03T01:24:00+00:00,t98_24,treatment,conversion,0
2026-01-03T01:24:00+00:00,t98_24,treatment,error_rate,0
2026-01-03T01:25:00+00:00,t98_25,treatment,conversion,0
2026-01-03T01:25:00+00:00,t98_25,treatment,error_rate,0
2026-01-03T01:26:00+00:00,t98_26,treatment,conversion,1
2026-01-03T01:26:00+00:00,t98_26,treatment,error_rate,0
2026-01-03T01:27:00+00:00,t98_27,treatment,conversion,1
2026-01-03T01:27:00+00:00,t98_27,treatment,error_rate,0
2026-01-03T01:28:00+00:00,t98_28,treatment,conversion,0
2026-01-03T01:28:00+00:00,t98_28,treatment,error_rate,0
2026-01-03T01:29:00+00:00,t98_29,treatment,conversion,1
2026-01-03T01:29:00+00:00,t98_29,treatment,error_rate,0
2026-01-03T01:30:00+00:00,c99_0,control,conversion,0
2026-01-03T01:30:00+00:00,c99_0,control,error_rate,0
2026-01-03T01:31:00+00:00,c99_1,control,conversion,0
2026-01-03T01:31:00+00:00,c99_1,control,error_rate,0
2026-01-03T01:32:00+00:00,c99_2,control,conversion,0
2026-01-03T01:32:00+00:00,c99_2,control,error_rate,0
2026-01-03T01:33:00+00:00,c99_3,control,conversion,1
2026-01-03T01:33:00+00:00,c99_3,control,error_rate,0
2026-01-03T01:34:00+00:00,c99_4,control,conversion,0
2026-01-03T01:34:00+00:00,c99_4,control,error_rate,0
2026-01-03T01:35:00+00:00,c99_5,control,conversion,0
2026-01-03T01:35:00+00:00,c99_5,control,error_rate,0
2026-01-03T01:36:00+00:00,c99_6,control,conversion,0
2026-01-03T01:36:00+00:00,c99_6,control,error_rate,0
2026-01-03T01:37:00+00:00,c99_7,control,conversion,0
2026-01-03T01:37:00+00:00,c99_7,control,error_rate,0
2026-01-03T01:38:00+00:00,c99_8,control,conversion,0
2026-01-03T01:38:00+00:00,c99_8,control,error_rate,0
2026-01-03T01:39:00+00:00,c99_9,control,conversion,0
2026-01-03T01:39:00+00:00,c99_9,control,error_rate,0
2026-01-03T01:40:00+00:00,c99_10,control,conversion,0
2026-01-03T01:40:00+00:00,c99_10,control,error_rate,0
2026-01-03T01:41:00+00:00,c99_11,control,conversion,0
2026-01-03T01:41:00+00:00,c99_11,control,error_rate,0
2026-01-03T01:42:00+00:00,c99_12,control,conversion,0
2026-01-03T01:42:00+00:00,c99_12,control,error_rate,0
2026-01-03T01:43:00+00:00,c99_13,control,conversion,0
2026-01-03T01:43:00+00:00,c99_13,control,error_rate,0
2026-01-03T01:44:00+00:00,c99_14,control,conversion,0
2026-01-03T01:44:00+00:00,c99_14,control,error_rate,0
2026-01-03T01:45:00+00:00,c99_15,control,conversion,0
2026-01-03T01:45:00+00:00,c99_15,control,error_rate,0
2026-01-03T01:46:00+00:00,c99_16,control,conversion,1
2026-01-03T01:46:00+00:00,c99_16,control,error_rate,0
2026-01-03T01:47:00+00:00,c99_17,control,conversion,0
2026-01-03T01:47:00+00:00,c99_17,control,error_rate,0
2026-01-03T01:48:00+00:00,c99_18,control,conversion,0
2026-01-03T01:48:00+00:00,c99_18,control,error_rate,0
2026-01-03T01:49:00+00:00,c99_19,control,conversion,0
2026-01-03T01:49:00+00:00,c99_19,control,error_rate,0
2026-01-03T01:50:00+00:00,c99_20,control,conversion,0
2026-01-03T01:50:00+00:00,c99_20,control,error_rate,0
2026-01-03T01:51:00+00:00,c99_21,control,conversion,0
2026-01-03T01:51:00+00:00,c99_21,control,error_rate,0
2026-01-03T01:52:00+00:00,c99_22,control,conversion,0
2026-01-03T01:52:00+00:00,c99_22,control,error_rate,0
2026-01-03T01:53:00+00:00,c99_23,control,conversion,0
2026-01-03T01:53:00+00:00,c99_23,control,error_rate,0
2026-01-03T01:54:00+00:00,c99_24,control,conversion,1
2026-01-03T01:54:00+00:00,c99_24,control,error_rate,0
2026-01-03T01:55:00+00:00,c99_25,control,conversion,0
2026-01-03T01:55:00+00:00,c99_25,control,error_rate,0
2026-01-03T01:56:00+00:00,c99_26,control,conversion,0
2026-01-03T01:56:00+00:00,c99_26,control,error_rate,0
2026-01-03T01:57:00+00:00,c99_27,control,conversion,0
2026-01-03T01:57:00+00:00,c99_27,control,error_rate,0
2026-01-03T01:58:00+00:00,c99_28,control,conversion,0
2026-01-03T01:58:00+00:00,c99_28,control,error_rate,0
2026-01-03T01:59:00+00:00,c99_29,control,conversion,0
2026-01-03T01:59:00+00:00,c99_29,control,error_rate,0
2026-01-03T01:30:00+00:00,t99_0,treatment,conversion,1
2026-01-03T01:30:00+00:00,t99_0,treatment,error_rate,0
2026-01-03T01:31:00+00:00,t99_1,treatment,conversion,0
2026-01-03T01:31:00+00:00,t99_1,treatment,error_rate,0
2026-01-03T01:32:00+00:00,t99_2,treatment,conversion,1
2026-01-03T01:32:00+00:00,t99_2,treatment,error_rate,0
2026-01-03T01:33:00+00:00,t99_3,treatment,conversion,1
2026-01-03T01:33:00+00:00,t99_3,treatment,error_rate,0
2026-01-03T01:34:00+00:00,t99_4,treatment,conversion,0
2026-01-03T01:34:00+00:00,t99_4,treatment,error_rate,0
2026-01-03T01:35:00+00:00,t99_5,treatment,conversion,0
2026-01-03T01:35:00+00:00,t99_5,treatment,error_rate,0
2026-01-03T01:36:00+00:00,t99_6,treatment,conversion,0
2026-01-03T01:36:00+00:00,t99_6,treatment,error_rate,0
2026-01-03T01:37:00+00:00,t99_7,treatment,conversion,1
2026-01-03T01:37:00+00:00,t99_7,treatment,error_rate,0
2026-01-03T01:38:00+00:00,t99_8,treatment,conversion,0
2026-01-03T01:38:00+00:00,t99_8,treatment,error_rate,0
2026-01-03T01:39:00+00:00,t99_9,treatment,conversion,1
2026-01-03T01:39:00+00:00,t99_9,treatment,error_rate,0
2026-01-03T01:40:00+00:00,t99_10,treatment,conversion,1
2026-01-03T01:40:00+00:00,t99_10,treatment,error_rate,0
2026-01-03T01:41:00+00:00,t99_11,treatment,conversion,0
2026-01-03T01:41:00+00:00,t99_11,treatment,error_rate,0
2026-01-03T01:42:00+00:00,t99_12,treatment,conversion,0
2026-01-03T01:42:00+00:00,t99_12,treatment,error_rate,0
2026-01-03T01:43:00+00:00,t99_13,treatment,conversion,0
2026-01-03T01:43:00+00:00,t99_13,treatment,error_rate,0
2026-01-03T01:44:00+00:00,t99_14,treatment,conversion,0
2026-01-03T01:44:00+00:00,t99_14,treatment,error_rate,0
2026-01-03T01:45:00+00:00,t99_15,treatment,conversion,0
2026-01-03T01:45:00+00:00,t99_15,treatment,error_rate,0
2026-01-03T01:46:00+00:00,t99_16,treatment,conversion,0
2026-01-03T01:46:00+00:00,t99_16,treatment,error_rate,0
2026-01-03T01:47:00+00:00,t99_17,treatment,conversion,0
2026-01-03T01:47:00+00:00,t99_17,treatment,error_rate,0
2026-01-03T01:48:00+00:00,t99_18,treatment,conversion,0
2026-01-03T01:48:00+00:00,t99_18,treatment,error_rate,0
2026-01-03T01:49:00+00:00,t99_19,treatment,conversion,0
2026-01-03T01:49:00+00:00,t99_19,treatment,error_rate,0
2026-01-03T01:50:00+00:00,t99_20,treatment,conversion,1
2026-01-03T01:50:00+00:00,t99_20,treatment,error_rate,0
2026-01-03T01:51:00+00:00,t99_21,treatment,conversion,0
2026-01-03T01:51:00+00:00,t99_21,treatment,error_rate,0
2026-01-03T01:52:00+00:00,t99_22,treatment,conversion,1
2026-01-03T01:52:00+00:00,t99_22,treatment,error_rate,0
2026-01-03T01:53:00+00:00,t99_23,treatment,conversion,0
2026-01-03T01:53:00+00:00,t99_23,treatment,error_rate,0
2026-01-03T01:54:00+00:00,t99_24,treatment,conversion,0
2026-01-03T01:54:00+00:00,t99_24,treatment,error_rate,0
2026-01-03T01:55:00+00:00,t99_25,treatment,conversion,0
2026-01-03T01:55:00+00:00,t99_25,treatment,error_rate,0
2026-01-03T01:56:00+00:00,t99_26,treatment,conversion,0
2026-01-03T01:56:00+00:00,t99_26,treatment,error_rate,0
2026-01-03T01:57:00+00:00,t99_27,treatment,conversion,0
2026-01-03T01:57:00+00:00,t99_27,treatment,error_rate,0
2026-01-03T01:58:00+00:00,t99_28,treatment,conversion,0
2026-01-03T01:58:00+00:00,t99_28,treatment,error_rate,0
2026-01-03T01:59:00+00:00,t99_29,treatment,conversion,1
2026-01-03T01:59:00+00:00,t99_29,treatment,error_rate,0
2026-01-03T02:00:00+00:00,c100_0,control,conversion,0
2026-01-03T02:00:00+00:00,c100_0,control,error_rate,0
2026-01-03T02:01:00+00:00,c100_1,control,conversion,0
2026-01-03T02:01:00+00:00,c100_1,control,error_rate,0
2026-01-03T02:02:00+00:00,c100_2,control,conversion,0
2026-01-03T02:02:00+00:00,c100_2,control,error_rate,0
2026-01-03T02:03:00+00:00,c100_3,control,conversion,0
2026-01-03T02:03:00+00:00,c100_3,control,error_rate,1
2026-01-03T02:04:00+00:00,c100_4,control,conversion,0
2026-01-03T02:04:00+00:00,c100_4,control,error_rate,0
2026-01-03T02:05:00+00:00,c100_5,control,conversion,0
2026-01-03T02:05:00+00:00,c100_5,control,error_rate,0
2026-01-03T02:06:00+00:00,c100_6,control,conversion,0
2026-01-03T02:06:00+00:00,c100_6,control,error_rate,0
2026-01-03T02:07:00+00:00,c100_7,control,conversion,0
2026-01-03T02:07:00+00:00,c100_7,control,error_rate,0
2026-01-03T02:08:00+00:00,c100_8,control,conversion,0
2026-01-03T02:08:00+00:00,c100_8,control,error_rate,0
2026-01-03T02:09:00+00:00,c100_9,control,conversion,0
2026-01-03T02:09:00+00:00,c100_9,control,error_rate,0
2026-01-03T02:10:00+00:00,c100_10,control,conversion,0
2026-01-03T02:10:00+00:00,c100_10,control,error_rate,0
2026-01-03T02:11:00+00:00,c100_11,control,conversion,1
2026-01-03T02:11:00+00:00,c100_11,control,error_rate,0
2026-01-03T02:12:00+00:00,c100_12,control,conversion,0
2026-01-03T02:12:00+00:00,c100_12,control,error_rate,0
2026-01-03T02:13:00+00:00,c100_13,control,conversion,0
2026-01-03T02:13:00+00:00,c100_13,control,error_rate,0
2026-01-03T02:14:00+00:00,c100_14,control,conversion,0
2026-01-03T02:14:00+00:00,c100_14,control,error_rate,1
2026-01-03T02:15:00+00:00,c100_15,control,conversion,0
2026-01-03T02:15:00+00:00,c100_15,control,error_rate,0
2026-01-03T02:16:00+00:00,c100_16,control,conversion,0
2026-01-03T02:16:00+00:00,c100_16,control,error_rate,0
2026-01-03T02:17:00+00:00,c100_17,control,conversion,0
2026-01-03T02:17:00+00:00,c100_17,control,error_rate,0
2026-01-03T02:18:00+00:00,c100_18,control,conversion,0
2026-01-03T02:18:00+00:00,c100_18,control,error_rate,0
2026-01-03T02:19:00+00:00,c100_19,control,conversion,0
2026-01-03T02:19:00+00:00,c100_19,control,error_rate,0
2026-01-03T02:20:00+00:00,c100_20,control,conversion,0
2026-01-03T02:20:00+00:00,c100_20,control,error_rate,0
2026-01-03T02:21:00+00:00,c100_21,control,conversion,0
2026-01-03T02:21:00+00:00,c100_21,control,error_rate,0
2026-01-03T02:22:00+00:00,c100_22,control,conversion,0
2026-01-03T02:22:00+00:00,c100_22,control,error_rate,0
2026-01-03T02:23:00+00:00,c100_23,control,conversion,0
2026-01-03T02:23:00+00:00,c100_23,control,error_rate,0
2026-01-03T02:24:00+00:00,c100_24,control,conversion,0
2026-01-03T02:24:00+00:00,c100_24,control,error_rate,0
2026-01-03T02:25:00+00:00,c100_25,control,conversion,0
2026-01-03T02:25:00+00:00,c100_25,control,error_rate,1
2026-01-03T02:26:00+00:00,c100_26,control,conversion,0
2026-01-03T02:26:00+00:00,c100_26,control,error_rate,0
2026-01-03T02:27:00+00:00,c100_27,control,conversion,0
2026-01-03T02:27:00+00:00,c100_27,control,error_rate,0
2026-01-03T02:28:00+00:00,c100_28,control,conversion,0
2026-01-03T02:28:00+00:00,c100_28,control,error_rate,0
2026-01-03T02:29:00+00:00,c100_29,control,conversion,0
2026-01-03T02:29:00+00:00,c100_29,control,error_rate,0
2026-01-03T02:00:00+00:00,t100_0,treatment,conversion,0
2026-01-03T02:00:00+00:00,t100_0,treatment,error_rate,0
2026-01-03T02:01:00+00:00,t100_1,treatment,conversion,0
2026-01-03T02:01:00+00:00,t100_1,treatment,error_rate,0
2026-01-03T02:02:00+00:00,t100_2,treatment,conversion,0
2026-01-03T02:02:00+00:00,t100_2,treatment,error_rate,0
2026-01-03T02:03:00+00:00,t100_3,treatment,conversion,0
2026-01-03T02:03:00+00:00,t100_3,treatment,error_rate,0
2026-01-03T02:04:00+00:00,t100_4,treatment,conversion,0
2026-01-03T02:04:00+00:00,t100_4,treatment,error_rate,0
2026-01-03T02:05:00+00:00,t100_5,treatment,conversion,0
2026-01-03T02:05:00+00:00,t100_5,treatment,error_rate,0
2026-01-03T02:06:00+00:00,t100_6,treatment,conversion,0
2026-01-03T02:06:00+00:00,t100_6,treatment,error_rate,0
2026-01-03T02:07:00+00:00,t100_7,treatment,conversion,0
2026-01-03T02:07:00+00:00,t100_7,treatment,error_rate,0
2026-01-03T02:08:00+00:00,t100_8,treatment,conversion,0
2026-01-03T02:08:00+00:00,t100_8,treatment,error_rate,1
2026-01-03T02:09:00+00:00,t100_9,treatment,conversion,0
2026-01-03T02:09:00+00:00,t100_9,treatment,error_rate,0
2026-01-03T02:10:00+00:00,t100_10,treatment,conversion,0
2026-01-03T02:10:00+00:00,t100_10,treatment,error_rate,0
2026-01-03T02:11:00+00:00,t100_11,treatment,conversion,0
2026-01-03T02:11:00+00:00,t100_11,treatment,error_rate,0
2026-01-03T02:12:00+00:00,t100_12,treatment,conversion,0
2026-01-03T02:12:00+00:00,t100_12,treatment,error_rate,0
2026-01-03T02:13:00+00:00,t100_13,treatment,conversion,0
2026-01-03T02:13:00+00:00,t100_13,treatment,error_rate,0
2026-01-03T02:14:00+00:00,t100_14,treatment,conversion,0
2026-01-03T02:14:00+00:00,t100_14,treatment,error_rate,0
2026-01-03T02:15:00+00:00,t100_15,treatment,conversion,1
2026-01-03T02:15:00+00:00,t100_15,treatment,error_rate,0
2026-01-03T02:16:00+00:00,t100_16,treatment,conversion,0
2026-01-03T02:16:00+00:00,t100_16,treatment,error_rate,0
2026-01-03T02:17:00+00:00,t100_17,treatment,conversion,0
2026-01-03T02:17:00+00:00,t100_17,treatment,error_rate,0
2026-01-03T02:18:00+00:00,t100_18,treatment,conversion,0
2026-01-03T02:18:00+00:00,t100_18,treatment,error_rate,0
2026-01-03T02:19:00+00:00,t100_19,treatment,conversion,0
2026-01-03T02:19:00+00:00,t100_19,treatment,error_rate,0
2026-01-03T02:20:00+00:00,t100_20,treatment,conversion,0
2026-01-03T02:20:00+00:00,t100_20,treatment,error_rate,0
2026-01-03T02:21:00+00:00,t100_21,treatment,conversion,0
2026-01-03T02:21:00+00:00,t100_21,treatment,error_rate,0
2026-01-03T02:22:00+00:00,t100_22,treatment,conversion,1
2026-01-03T02:22:00+00:00,t100_22,treatment,error_rate,0
2026-01-03T02:23:00+00:00,t100_23,treatment,conversion,1
2026-01-03T02:23:00+00:00,t100_23,treatment,error_rate,0
2026-01-03T02:24:00+00:00,t100_24,treatment,conversion,0
2026-01-03T02:24:00+00:00,t100_24,treatment,error_rate,0
2026-01-03T02:25:00+00:00,t100_25,treatment,conversion,0
2026-01-03T02:25:00+00:00,t100_25,treatment,error_rate,0
2026-01-03T02:26:00+00:00,t100_26,treatment,conversion,0
2026-01-03T02:26:00+00:00,t100_26,treatment,error_rate,0
2026-01-03T02:27:00+00:00,t100_27,treatment,conversion,0
2026-01-03T02:27:00+00:00,t100_27,treatment,error_rate,0
2026-01-03T02:28:00+00:00,t100_28,treatment,conversion,0
2026-01-03T02:28:00+00:00,t100_28,treatment,error_rate,0
2026-01-03T02:29:00+00:00,t100_29,treatment,conversion,0
2026-01-03T02:29:00+00:00,t100_29,treatment,error_rate,1
2026-01-03T02:30:00+00:00,c101_0,control,conversion,0
2026-01-03T02:30:00+00:00,c101_0,control,error_rate,0
2026-01-03T02:31:00+00:00,c101_1,control,conversion,0
2026-01-03T02:31:00+00:00,c101_1,control,error_rate,0
2026-01-03T02:32:00+00:00,c101_2,control,conversion,0
2026-01-03T02:32:00+00:00,c101_2,control,error_rate,0
2026-01-03T02:33:00+00:00,c101_3,control,conversion,1
2026-01-03T02:33:00+00:00,c101_3,control,error_rate,1
2026-01-03T02:34:00+00:00,c101_4,control,conversion,0
2026-01-03T02:34:00+00:00,c101_4,control,error_rate,0
2026-01-03T02:35:00+00:00,c101_5,control,conversion,0
2026-01-03T02:35:00+00:00,c101_5,control,error_rate,1
2026-01-03T02:36:00+00:00,c101_6,control,conversion,0
2026-01-03T02:36:00+00:00,c101_6,control,error_rate,0
2026-01-03T02:37:00+00:00,c101_7,control,conversion,0
2026-01-03T02:37:00+00:00,c101_7,control,error_rate,1
2026-01-03T02:38:00+00:00,c101_8,control,conversion,0
2026-01-03T02:38:00+00:00,c101_8,control,error_rate,0
2026-01-03T02:39:00+00:00,c101_9,control,conversion,0
2026-01-03T02:39:00+00:00,c101_9,control,error_rate,0
2026-01-03T02:40:00+00:00,c101_10,control,conversion,0
2026-01-03T02:40:00+00:00,c101_10,control,error_rate,1
2026-01-03T02:41:00+00:00,c101_11,control,conversion,0
2026-01-03T02:41:00+00:00,c101_11,control,error_rate,0
2026-01-03T02:42:00+00:00,c101_12,control,conversion,0
2026-01-03T02:42:00+00:00,c101_12,control,error_rate,0
2026-01-03T02:43:00+00:00,c101_13,control,conversion,1
2026-01-03T02:43:00+00:00,c101_13,control,error_rate,0
2026-01-03T02:44:00+00:00,c101_14,control,conversion,0
2026-01-03T02:44:00+00:00,c101_14,control,error_rate,0
2026-01-03T02:45:00+00:00,c101_15,control,conversion,0
2026-01-03T02:45:00+00:00,c101_15,control,error_rate,1
2026-01-03T02:46:00+00:00,c101_16,control,conversion,0
2026-01-03T02:46:00+00:00,c101_16,control,error_rate,0
2026-01-03T02:47:00+00:00,c101_17,control,conversion,0
2026-01-03T02:47:00+00:00,c101_17,control,error_rate,0
2026-01-03T02:48:00+00:00,c101_18,control,conversion,0
2026-01-03T02:48:00+00:00,c101_18,control,error_rate,0
2026-01-03T02:49:00+00:00,c101_19,control,conversion,0
2026-01-03T02:49:00+00:00,c101_19,control,error_rate,0
2026-01-03T02:50:00+00:00,c101_20,control,conversion,0
2026-01-03T02:50:00+00:00,c101_20,control,error_rate,0
2026-01-03T02:51:00+00:00,c101_21,control,conversion,0
2026-01-03T02:51:00+00:00,c101_21,control,error_rate,0
2026-01-03T02:52:00+00:00,c101_22,control,conversion,0
2026-01-03T02:52:00+00:00,c101_22,control,error_rate,0
2026-01-03T02:53:00+00:00,c101_23,control,conversion,0
2026-01-03T02:53:00+00:00,c101_23,control,error_rate,0
2026-01-03T02:54:00+00:00,c101_24,control,conversion,1
2026-01-03T02:54:00+00:00,c101_24,control,error_rate,0
2026-01-03T02:55:00+00:00,c101_25,control,conversion,0
2026-01-03T02:55:00+00:00,c101_25,control,error_rate,0
2026-01-03T02:56:00+00:00,c101_26,control,conversion,0
2026-01-03T02:56:00+00:00,c101_26,control,error_rate,0
2026-01-03T02:57:00+00:00,c101_27,control,conversion,0
2026-01-03T02:57:00+00:00,c101_27,control,error_rate,0
2026-01-03T02:58:00+00:00,c101_28,control,conversion,0
2026-01-03T02:58:00+00:00,c101_28,control,error_rate,1
2026-01-03T02:59:00+00:00,c101_29,control,conversion,0
2026-01-03T02:59:00+00:00,c101_29,control,error_rate,0
2026-01-03T02:30:00+00:00,t101_0,treatment,conversion,0
2026-01-03T02:30:00+00:00,t101_0,treatment,error_rate,0
2026-01-03T02:31:00+00:00,t101_1,treatment,conversion,0
2026-01-03T02:31:00+00:00,t101_1,treatment,error_rate,0
2026-01-03T02:32:00+00:00,t101_2,treatment,conversion,1
2026-01-03T02:32:00+00:00,t101_2,treatment,error_rate,0
2026-01-03T02:33:00+00:00,t101_3,treatment,conversion,0
2026-01-03T02:33:00+00:00,t101_3,treatment,error_rate,0
2026-01-03T02:34:00+00:00,t101_4,treatment,conversion,1
2026-01-03T02:34:00+00:00,t101_4,treatment,error_rate,0
2026-01-03T02:35:00+00:00,t101_5,treatment,conversion,0
2026-01-03T02:35:00+00:00,t101_5,treatment,error_rate,1
2026-01-03T02:36:00+00:00,t101_6,treatment,conversion,0
2026-01-03T02:36:00+00:00,t101_6,treatment,error_rate,1
2026-01-03T02:37:00+00:00,t101_7,treatment,conversion,0
2026-01-03T02:37:00+00:00,t101_7,treatment,error_rate,0
2026-01-03T02:38:00+00:00,t101_8,treatment,conversion,1
2026-01-03T02:38:00+00:00,t101_8,treatment,error_rate,0
2026-01-03T02:39:00+00:00,t101_9,treatment,conversion,1
2026-01-03T02:39:00+00:00,t101_9,treatment,error_rate,0
2026-01-03T02:40:00+00:00,t101_10,treatment,conversion,0
2026-01-03T02:40:00+00:00,t101_10,treatment,error_rate,0
2026-01-03T02:41:00+00:00,t101_11,treatment,conversion,0
2026-01-03T02:41:00+00:00,t101_11,treatment,error_rate,0
2026-01-03T02:42:00+00:00,t101_12,treatment,conversion,0
2026-01-03T02:42:00+00:00,t101_12,treatment,error_rate,0
2026-01-03T02:43:00+00:00,t101_13,treatment,conversion,0
2026-01-03T02:43:00+00:00,t101_13,treatment,error_rate,1
2026-01-03T02:44:00+00:00,t101_14,treatment,conversion,1
2026-01-03T02:44:00+00:00,t101_14,treatment,error_rate,0
2026-01-03T02:45:00+00:00,t101_15,treatment,conversion,0
2026-01-03T02:45:00+00:00,t101_15,treatment,error_rate,1
2026-01-03T02:46:00+00:00,t101_16,treatment,conversion,0
2026-01-03T02:46:00+00:00,t101_16,treatment,error_rate,0
2026-01-03T02:47:00+00:00,t101_17,treatment,conversion,0
2026-01-03T02:47:00+00:00,t101_17,treatment,error_rate,0
2026-01-03T02:48:00+00:00,t101_18,treatment,conversion,0
2026-01-03T02:48:00+00:00,t101_18,treatment,error_rate,0
2026-01-03T02:49:00+00:00,t101_19,treatment,conversion,1
2026-01-03T02:49:00+00:00,t101_19,treatment,error_rate,0
2026-01-03T02:50:00+00:00,t101_20,treatment,conversion,0
2026-01-03T02:50:00+00:00,t101_20,treatment,error_rate,0
2026-01-03T02:51:00+00:00,t101_21,treatment,conversion,0
2026-01-03T02:51:00+00:00,t101_21,treatment,error_rate,0
2026-01-03T02:52:00+00:00,t101_22,treatment,conversion,0
2026-01-03T02:52:00+00:00,t101_22,treatment,error_rate,0
2026-01-03T02:53:00+00:00,t101_23,treatment,conversion,0
2026-01-03T02:53:00+00:00,t101_23,treatment,error_rate,0
2026-01-03T02:54:00+00:00,t101_24,treatment,conversion,1
2026-01-03T02:54:00+00:00,t101_24,treatment,error_rate,0
2026-01-03T02:55:00+00:00,t101_25,treatment,conversion,0
2026-01-03T02:55:00+00:00,t101_25,treatment,error_rate,0
2026-01-03T02:56:00+00:00,t101_26,treatment,conversion,0
2026-01-03T02:56:00+00:00,t101_26,treatment,error_rate,0
2026-01-03T02:57:00+00:00,t101_27,treatment,conversion,0
2026-01-03T02:57:00+00:00,t101_27,treatment,error_rate,0
2026-01-03T02:58:00+00:00,t101_28,treatment,conversion,0
2026-01-03T02:58:00+00:00,t101_28,treatment,error_rate,0
2026-01-03T02:59:00+00:00,t101_29,treatment,conversion,0
2026-01-03T02:59:00+00:00,t101_29,treatment,error_rate,0
2026-01-03T03:00:00+00:00,c102_0,control,conversion,0
2026-01-03T03:00:00+00:00,c102_0,control,error_rate,0
2026-01-03T03:01:00+00:00,c102_1,control,conversion,0
2026-01-03T03:01:00+00:00,c102_1,control,error_rate,0
2026-01-03T03:02:00+00:00,c102_2,control,conversion,0
2026-01-03T03:02:00+00:00,c102_2,control,error_rate,0
2026-01-03T03:03:00+00:00,c102_3,control,conversion,0
2026-01-03T03:03:00+00:00,c102_3,control,error_rate,0
2026-01-03T03:04:00+00:00,c102_4,control,conversion,0
2026-01-03T03:04:00+00:00,c102_4,control,error_rate,0
2026-01-03T03:05:00+00:00,c102_5,control,conversion,0
2026-01-03T03:05:00+00:00,c102_5,control,error_rate,0
2026-01-03T03:06:00+00:00,c102_6,control,conversion,0
2026-01-03T03:06:00+00:00,c102_6,control,error_rate,0
2026-01-03T03:07:00+00:00,c102_7,control,conversion,0
2026-01-03T03:07:00+00:00,c102_7,control,error_rate,0
2026-01-03T03:08:00+00:00,c102_8,control,conversion,0
2026-01-03T03:08:00+00:00,c102_8,control,error_rate,0
2026-01-03T03:09:00+00:00,c102_9,control,conversion,0
2026-01-03T03:09:00+00:00,c102_9,control,error_rate,0
2026-01-03T03:10:00+00:00,c102_10,control,conversion,1
2026-01-03T03:10:00+00:00,c102_10,control,error_rate,0
2026-01-03T03:11:00+00:00,c102_11,control,conversion,0
2026-01-03T03:11:00+00:00,c102_11,control,error_rate,0
2026-01-03T03:12:00+00:00,c102_12,control,conversion,0
2026-01-03T03:12:00+00:00,c102_12,control,error_rate,0
2026-01-03T03:13:00+00:00,c102_13,control,conversion,0
2026-01-03T03:13:00+00:00,c102_13,control,error_rate,0
2026-01-03T03:14:00+00:00,c102_14,control,conversion,0
2026-01-03T03:14:00+00:00,c102_14,control,error_rate,0
2026-01-03T03:15:00+00:00,c102_15,control,conversion,0
2026-01-03T03:15:00+00:00,c102_15,control,error_rate,0
2026-01-03T03:16:00+00:00,c102_16,control,conversion,0
2026-01-03T03:16:00+00:00,c102_16,control,error_rate,0
2026-01-03T03:17:00+00:00,c102_17,control,conversion,0
2026-01-03T03:17:00+00:00,c102_17,control,error_rate,0
2026-01-03T03:18:00+00:00,c102_18,control,conversion,0
2026-01-03T03:18:00+00:00,c102_18,control,error_rate,0
2026-01-03T03:19:00+00:00,c102_19,control,conversion,1
2026-01-03T03:19:00+00:00,c102_19,control,error_rate,0
2026-01-03T03:20:00+00:00,c102_20,control,conversion,0
2026-01-03T03:20:00+00:00,c102_20,control,error_rate,0
2026-01-03T03:21:00+00:00,c102_21,control,conversion,0
2026-01-03T03:21:00+00:00,c102_21,control,error_rate,1
2026-01-03T03:22:00+00:00,c102_22,control,conversion,0
2026-01-03T03:22:00+00:00,c102_22,control,error_rate,1
2026-01-03T03:23:00+00:00,c102_23,control,conversion,1
2026-01-03T03:23:00+00:00,c102_23,control,error_rate,1
2026-01-03T03:24:00+00:00,c102_24,control,conversion,0
2026-01-03T03:24:00+00:00,c102_24,control,error_rate,0
2026-01-03T03:25:00+00:00,c102_25,control,conversion,0
2026-01-03T03:25:00+00:00,c102_25,control,error_rate,0
2026-01-03T03:26:00+00:00,c102_26,control,conversion,0
2026-01-03T03:26:00+00:00,c102_26,control,error_rate,0
2026-01-03T03:27:00+00:00,c102_27,control,conversion,0
2026-01-03T03:27:00+00:00,c102_27,control,error_rate,0
2026-01-03T03:28:00+00:00,c102_28,control,conversion,0
2026-01-03T03:28:00+00:00,c102_28,control,error_rate,0
2026-01-03T03:29:00+00:00,c102_29,control,conversion,1
2026-01-03T03:29:00+00:00,c102_29,control,error_rate,0
2026-01-03T03:00:00+00:00,t102_0,treatment,conversion,0
2026-01-03T03:00:00+00:00,t102_0,treatment,error_rate,0
2026-01-03T03:01:00+00:00,t102_1,treatment,conversion,0
2026-01-03T03:01:00+00:00,t102_1,treatment,error_rate,0
2026-01-03T03:02:00+00:00,t102_2,treatment,conversion,0
2026-01-03T03:02:00+00:00,t102_2,treatment,error_rate,1
2026-01-03T03:03:00+00:00,t102_3,treatment,conversion,0
2026-01-03T03:03:00+00:00,t102_3,treatment,error_rate,0
2026-01-03T03:04:00+00:00,t102_4,treatment,conversion,0
2026-01-03T03:04:00+00:00,t102_4,treatment,error_rate,0
2026-01-03T03:05:00+00:00,t102_5,treatment,conversion,0
2026-01-03T03:05:00+00:00,t102_5,treatment,error_rate,0
2026-01-03T03:06:00+00:00,t102_6,treatment,conversion,0
2026-01-03T03:06:00+00:00,t102_6,treatment,error_rate,0
2026-01-03T03:07:00+00:00,t102_7,treatment,conversion,0
2026-01-03T03:07:00+00:00,t102_7,treatment,error_rate,0
2026-01-03T03:08:00+00:00,t102_8,treatment,conversion,0
2026-01-03T03:08:00+00:00,t102_8,treatment,error_rate,0
2026-01-03T03:09:00+00:00,t102_9,treatment,conversion,1
2026-01-03T03:09:00+00:00,t102_9,treatment,error_rate,1
2026-01-03T03:10:00+00:00,t102_10,treatment,conversion,0
2026-01-03T03:10:00+00:00,t102_10,treatment,error_rate,0
2026-01-03T03:11:00+00:00,t102_11,treatment,conversion,0
2026-01-03T03:11:00+00:00,t102_11,treatment,error_rate,0
2026-01-03T03:12:00+00:00,t102_12,treatment,conversion,1
2026-01-03T03:12:00+00:00,t102_12,treatment,error_rate,0
2026-01-03T03:13:00+00:00,t102_13,treatment,conversion,0
2026-01-03T03:13:00+00:00,t102_13,treatment,error_rate,0
2026-01-03T03:14:00+00:00,t102_14,treatment,conversion,0
2026-01-03T03:14:00+00:00,t102_14,treatment,error_rate,0
2026-01-03T03:15:00+00:00,t102_15,treatment,conversion,0
2026-01-03T03:15:00+00:00,t102_15,treatment,error_rate,0
2026-01-03T03:16:00+00:00,t102_16,treatment,conversion,1
2026-01-03T03:16:00+00:00,t102_16,treatment,error_rate,0
2026-01-03T03:17:00+00:00,t102_17,treatment,conversion,1
2026-01-03T03:17:00+00:00,t102_17,treatment,error_rate,0
2026-01-03T03:18:00+00:00,t102_18,treatment,conversion,1
2026-01-03T03:18:00+00:00,t102_18,treatment,error_rate,0
2026-01-03T03:19:00+00:00,t102_19,treatment,conversion,0
2026-01-03T03:19:00+00:00,t102_19,treatment,error_rate,0
2026-01-03T03:20:00+00:00,t102_20,treatment,conversion,0
2026-01-03T03:20:00+00:00,t102_20,treatment,error_rate,0
2026-01-03T03:21:00+00:00,t102_21,treatment,conversion,0
2026-01-03T03:21:00+00:00,t102_21,treatment,error_rate,0
2026-01-03T03:22:00+00:00,t102_22,treatment,conversion,0
2026-01-03T03:22:00+00:00,t102_22,treatment,error_rate,0
2026-01-03T03:23:00+00:00,t102_23,treatment,conversion,0
2026-01-03T03:23:00+00:00,t102_23,treatment,error_rate,0
2026-01-03T03:24:00+00:00,t102_24,treatment,conversion,0
2026-01-03T03:24:00+00:00,t102_24,treatment,error_rate,0
2026-01-03T03:25:00+00:00,t102_25,treatment,conversion,0
2026-01-03T03:25:00+00:00,t102_25,treatment,error_rate,0
2026-01-03T03:26:00+00:00,t102_26,treatment,conversion,0
2026-01-03T03:26:00+00:00,t102_26,treatment,error_rate,0
2026-01-03T03:27:00+00:00,t102_27,treatment,conversion,0
2026-01-03T03:27:00+00:00,t102_27,treatment,error_rate,0
2026-01-03T03:28:00+00:00,t102_28,treatment,conversion,0
2026-01-03T03:28:00+00:00,t102_28,treatment,error_rate,0
2026-01-03T03:29:00+00:00,t102_29,treatment,conversion,1
2026-01-03T03:29:00+00:00,t102_29,treatment,error_rate,0
2026-01-03T03:30:00+00:00,c103_0,control,conversion,0
2026-01-03T03:30:00+00:00,c103_0,control,error_rate,0
2026-01-03T03:31:00+00:00,c103_1,control,conversion,0
2026-01-03T03:31:00+00:00,c103_1,control,error_rate,0
2026-01-03T03:32:00+00:00,c103_2,control,conversion,0
2026-01-03T03:32:00+00:00,c103_2,control,error_rate,0
2026-01-03T03:33:00+00:00,c103_3,control,conversion,0
2026-01-03T03:33:00+00:00,c103_3,control,error_rate,0
2026-01-03T03:34:00+00:00,c103_4,control,conversion,0
2026-01-03T03:34:00+00:00,c103_4,control,error_rate,1
2026-01-03T03:35:00+00:00,c103_5,control,conversion,0
2026-01-03T03:35:00+00:00,c103_5,control,error_rate,1
2026-01-03T03:36:00+00:00,c103_6,control,conversion,0
2026-01-03T03:36:00+00:00,c103_6,control,error_rate,0
2026-01-03T03:37:00+00:00,c103_7,control,conversion,0
2026-01-03T03:37:00+00:00,c103_7,control,error_rate,0
2026-01-03T03:38:00+00:00,c103_8,control,conversion,0
2026-01-03T03:38:00+00:00,c103_8,control,error_rate,0
2026-01-03T03:39:00+00:00,c103_9,control,conversion,0
2026-01-03T03:39:00+00:00,c103_9,control,error_rate,0
2026-01-03T03:40:00+00:00,c103_10,control,conversion,0
2026-01-03T03:40:00+00:00,c103_10,control,error_rate,0
2026-01-03T03:41:00+00:00,c103_11,control,conversion,0
2026-01-03T03:41:00+00:00,c103_11,control,error_rate,1
2026-01-03T03:42:00+00:00,c103_12,control,conversion,0
2026-01-03T03:42:00+00:00,c103_12,control,error_rate,0
2026-01-03T03:43:00+00:00,c103_13,control,conversion,0
2026-01-03T03:43:00+00:00,c103_13,control,error_rate,0
2026-01-03T03:44:00+00:00,c103_14,control,conversion,1
2026-01-03T03:44:00+00:00,c103_14,control,error_rate,0
2026-01-03T03:45:00+00:00,c103_15,control,conversion,0
2026-01-03T03:45:00+00:00,c103_15,control,error_rate,0
2026-01-03T03:46:00+00:00,c103_16,control,conversion,0
2026-01-03T03:46:00+00:00,c103_16,control,error_rate,0
2026-01-03T03:47:00+00:00,c103_17,control,conversion,0
2026-01-03T03:47:00+00:00,c103_17,control,error_rate,0
2026-01-03T03:48:00+00:00,c103_18,control,conversion,0
2026-01-03T03:48:00+00:00,c103_18,control,error_rate,0
2026-01-03T03:49:00+00:00,c103_19,control,conversion,0
2026-01-03T03:49:00+00:00,c103_19,control,error_rate,0
2026-01-03T03:50:00+00:00,c103_20,control,conversion,0
2026-01-03T03:50:00+00:00,c103_20,control,error_rate,0
2026-01-03T03:51:00+00:00,c103_21,control,conversion,1
2026-01-03T03:51:00+00:00,c103_21,control,error_rate,0
2026-01-03T03:52:00+00:00,c103_22,control,conversion,0
2026-01-03T03:52:00+00:00,c103_22,control,error_rate,0
2026-01-03T03:53:00+00:00,c103_23,control,conversion,0
2026-01-03T03:53:00+00:00,c103_23,control,error_rate,0
2026-01-03T03:54:00+00:00,c103_24,control,conversion,0
2026-01-03T03:54:00+00:00,c103_24,control,error_rate,0
2026-01-03T03:55:00+00:00,c103_25,control,conversion,0
2026-01-03T03:55:00+00:00,c103_25,control,error_rate,0
2026-01-03T03:56:00+00:00,c103_26,control,conversion,0
2026-01-03T03:56:00+00:00,c103_26,control,error_rate,0
2026-01-03T03:57:00+00:00,c103_27,control,conversion,0
2026-01-03T03:57:00+00:00,c103_27,control,error_rate,0
2026-01-03T03:58:00+00:00,c103_28,control,conversion,0
2026-01-03T03:58:00+00:00,c103_28,control,error_rate,0
2026-01-03T03:59:00+00:00,c103_29,control,conversion,0
2026-01-03T03:59:00+00:00,c103_29,control,error_rate,0
2026-01-03T03:30:00+00:00,t103_0,treatment,conversion,1
2026-01-03T03:30:00+00:00,t103_0,treatment,error_rate,0
2026-01-03T03:31:00+00:00,t103_1,treatment,conversion,0
2026-01-03T03:31:00+00:00,t103_1,treatment,error_rate,0
2026-01-03T03:32:00+00:00,t103_2,treatment,conversion,0
2026-01-03T03:32:00+00:00,t103_2,treatment,error_rate,0
2026-01-03T03:33:00+00:00,t103_3,treatment,conversion,0
2026-01-03T03:33:00+00:00,t103_3,treatment,error_rate,0
2026-01-03T03:34:00+00:00,t103_4,treatment,conversion,1
2026-01-03T03:34:00+00:00,t103_4,treatment,error_rate,1
2026-01-03T03:35:00+00:00,t103_5,treatment,conversion,0
2026-01-03T03:35:00+00:00,t103_5,treatment,error_rate,0
2026-01-03T03:36:00+00:00,t103_6,treatment,conversion,0
2026-01-03T03:36:00+00:00,t103_6,treatment,error_rate,0
2026-01-03T03:37:00+00:00,t103_7,treatment,conversion,1
2026-01-03T03:37:00+00:00,t103_7,treatment,error_rate,0
2026-01-03T03:38:00+00:00,t103_8,treatment,conversion,0
2026-01-03T03:38:00+00:00,t103_8,treatment,error_rate,0
2026-01-03T03:39:00+00:00,t103_9,treatment,conversion,0
2026-01-03T03:39:00+00:00,t103_9,treatment,error_rate,0
2026-01-03T03:40:00+00:00,t103_10,treatment,conversion,0
2026-01-03T03:40:00+00:00,t103_10,treatment,error_rate,0
2026-01-03T03:41:00+00:00,t103_11,treatment,conversion,1
2026-01-03T03:41:00+00:00,t103_11,treatment,error_rate,0
2026-01-03T03:42:00+00:00,t103_12,treatment,conversion,0
2026-01-03T03:42:00+00:00,t103_12,treatment,error_rate,0
2026-01-03T03:43:00+00:00,t103_13,treatment,conversion,0
2026-01-03T03:43:00+00:00,t103_13,treatment,error_rate,1
2026-01-03T03:44:00+00:00,t103_14,treatment,conversion,0
2026-01-03T03:44:00+00:00,t103_14,treatment,error_rate,0
2026-01-03T03:45:00+00:00,t103_15,treatment,conversion,0
2026-01-03T03:45:00+00:00,t103_15,treatment,error_rate,1
2026-01-03T03:46:00+00:00,t103_16,treatment,conversion,0
2026-01-03T03:46:00+00:00,t103_16,treatment,error_rate,0
2026-01-03T03:47:00+00:00,t103_17,treatment,conversion,0
2026-01-03T03:47:00+00:00,t103_17,treatment,error_rate,1
2026-01-03T03:48:00+00:00,t103_18,treatment,conversion,0
2026-01-03T03:48:00+00:00,t103_18,treatment,error_rate,1
2026-01-03T03:49:00+00:00,t103_19,treatment,conversion,0
2026-01-03T03:49:00+00:00,t103_19,treatment,error_rate,0
2026-01-03T03:50:00+00:00,t103_20,treatment,conversion,0
2026-01-03T03:50:00+00:00,t103_20,treatment,error_rate,0
2026-01-03T03:51:00+00:00,t103_21,treatment,conversion,0
2026-01-03T03:51:00+00:00,t103_21,treatment,error_rate,0
2026-01-03T03:52:00+00:00,t103_22,treatment,conversion,0
2026-01-03T03:52:00+00:00,t103_22,treatment,error_rate,0
2026-01-03T03:53:00+00:00,t103_23,treatment,conversion,0
2026-01-03T03:53:00+00:00,t103_23,treatment,error_rate,0
2026-01-03T03:54:00+00:00,t103_24,treatment,conversion,0
2026-01-03T03:54:00+00:00,t103_24,treatment,error_rate,0
2026-01-03T03:55:00+00:00,t103_25,treatment,conversion,1
2026-01-03T03:55:00+00:00,t103_25,treatment,error_rate,0
2026-01-03T03:56:00+00:00,t103_26,treatment,conversion,0
2026-01-03T03:56:00+00:00,t103_26,treatment,error_rate,0
2026-01-03T03:57:00+00:00,t103_27,treatment,conversion,0
2026-01-03T03:57:00+00:00,t103_27,treatment,error_rate,0
2026-01-03T03:58:00+00:00,t103_28,treatment,conversion,0
2026-01-03T03:58:00+00:00,t103_28,treatment,error_rate,0
2026-01-03T03:59:00+00:00,t103_29,treatment,conversion,0
2026-01-03T03:59:00+00:00,t103_29,treatment,error_rate,1
2026-01-03T04:00:00+00:00,c104_0,control,conversion,0
2026-01-03T04:00:00+00:00,c104_0,control,error_rate,0
2026-01-03T04:01:00+00:00,c104_1,control,conversion,0
2026-01-03T04:01:00+00:00,c104_1,control,error_rate,0
2026-01-03T04:02:00+00:00,c104_2,control,conversion,0
2026-01-03T04:02:00+00:00,c104_2,control,error_rate,0
2026-01-03T04:03:00+00:00,c104_3,control,conversion,0
2026-01-03T04:03:00+00:00,c104_3,control,error_rate,0
2026-01-03T04:04:00+00:00,c104_4,control,conversion,0
2026-01-03T04:04:00+00:00,c104_4,control,error_rate,0
2026-01-03T04:05:00+00:00,c104_5,control,conversion,0
2026-01-03T04:05:00+00:00,c104_5,control,error_rate,0
2026-01-03T04:06:00+00:00,c104_6,control,conversion,0
2026-01-03T04:06:00+00:00,c104_6,control,error_rate,0
2026-01-03T04:07:00+00:00,c104_7,control,conversion,0
2026-01-03T04:07:00+00:00,c104_7,control,error_rate,0
2026-01-03T04:08:00+00:00,c104_8,control,conversion,0
2026-01-03T04:08:00+00:00,c104_8,control,error_rate,0
2026-01-03T04:09:00+00:00,c104_9,control,conversion,0
2026-01-03T04:09:00+00:00,c104_9,control,error_rate,0
2026-01-03T04:10:00+00:00,c104_10,control,conversion,1
2026-01-03T04:10:00+00:00,c104_10,control,error_rate,0
2026-01-03T04:11:00+00:00,c104_11,control,conversion,0
2026-01-03T04:11:00+00:00,c104_11,control,error_rate,0
2026-01-03T04:12:00+00:00,c104_12,control,conversion,0
2026-01-03T04:12:00+00:00,c104_12,control,error_rate,0
2026-01-03T04:13:00+00:00,c104_13,control,conversion,0
2026-01-03T04:13:00+00:00,c104_13,control,error_rate,0
2026-01-03T04:14:00+00:00,c104_14,control,conversion,0
2026-01-03T04:14:00+00:00,c104_14,control,error_rate,0
2026-01-03T04:15:00+00:00,c104_15,control,conversion,0
2026-01-03T04:15:00+00:00,c104_15,control,error_rate,0
2026-01-03T04:16:00+00:00,c104_16,control,conversion,0
2026-01-03T04:16:00+00:00,c104_16,control,error_rate,0
2026-01-03T04:17:00+00:00,c104_17,control,conversion,0
2026-01-03T04:17:00+00:00,c104_17,control,error_rate,0
2026-01-03T04:18:00+00:00,c104_18,control,conversion,0
2026-01-03T04:18:00+00:00,c104_18,control,error_rate,0
2026-01-03T04:19:00+00:00,c104_19,control,conversion,0
2026-01-03T04:19:00+00:00,c104_19,control,error_rate,0
2026-01-03T04:20:00+00:00,c104_20,control,conversion,0
2026-01-03T04:20:00+00:00,c104_20,control,error_rate,0
2026-01-03T04:21:00+00:00,c104_21,control,conversion,0
2026-01-03T04:21:00+00:00,c104_21,control,error_rate,0
2026-01-03T04:22:00+00:00,c104_22,control,conversion,0
2026-01-03T04:22:00+00:00,c104_22,control,error_rate,1
2026-01-03T04:23:00+00:00,c104_23,control,conversion,0
2026-01-03T04:23:00+00:00,c104_23,control,error_rate,0
2026-01-03T04:24:00+00:00,c104_24,control,conversion,0
2026-01-03T04:24:00+00:00,c104_24,control,error_rate,0
2026-01-03T04:25:00+00:00,c104_25,control,conversion,0
2026-01-03T04:25:00+00:00,c104_25,control,error_rate,0
2026-01-03T04:26:00+00:00,c104_26,control,conversion,0
2026-01-03T04:26:00+00:00,c104_26,control,error_rate,0
2026-01-03T04:27:00+00:00,c104_27,control,conversion,0
2026-01-03T04:27:00+00:00,c104_27,control,error_rate,0
2026-01-03T04:28:00+00:00,c104_28,control,conversion,0
2026-01-03T04:28:00+00:00,c104_28,control,error_rate,0
2026-01-03T04:29:00+00:00,c104_29,control,conversion,0
2026-01-03T04:29:00+00:00,c104_29,control,error_rate,0
2026-01-03T04:00:00+00:00,t104_0,treatment,conversion,1
2026-01-03T04:00:00+00:00,t104_0,treatment,error_rate,1
2026-01-03T04:01:00+00:00,t104_1,treatment,conversion,1
2026-01-03T04:01:00+00:00,t104_1,treatment,error_rate,0
2026-01-03T04:02:00+00:00,t104_2,treatment,conversion,0
2026-01-03T04:02:00+00:00,t104_2,treatment,error_rate,0
2026-01-03T04:03:00+00:00,t104_3,treatment,conversion,0
2026-01-03T04:03:00+00:00,t104_3,treatment,error_rate,0
2026-01-03T04:04:00+00:00,t104_4,treatment,conversion,0
2026-01-03T04:04:00+00:00,t104_4,treatment,error_rate,0
2026-01-03T04:05:00+00:00,t104_5,treatment,conversion,0
2026-01-03T04:05:00+00:00,t104_5,treatment,error_rate,0
2026-01-03T04:06:00+00:00,t104_6,treatment,conversion,0
2026-01-03T04:06:00+00:00,t104_6,treatment,error_rate,0
2026-01-03T04:07:00+00:00,t104_7,treatment,conversion,0
2026-01-03T04:07:00+00:00,t104_7,treatment,error_rate,0
2026-01-03T04:08:00+00:00,t104_8,treatment,conversion,1
2026-01-03T04:08:00+00:00,t104_8,treatment,error_rate,0
2026-01-03T04:09:00+00:00,t104_9,treatment,conversion,0
2026-01-03T04:09:00+00:00,t104_9,treatment,error_rate,1
2026-01-03T04:10:00+00:00,t104_10,treatment,conversion,0
2026-01-03T04:10:00+00:00,t104_10,treatment,error_rate,1
2026-01-03T04:11:00+00:00,t104_11,treatment,conversion,0
2026-01-03T04:11:00+00:00,t104_11,treatment,error_rate,0
2026-01-03T04:12:00+00:00,t104_12,treatment,conversion,0
2026-01-03T04:12:00+00:00,t104_12,treatment,error_rate,0
2026-01-03T04:13:00+00:00,t104_13,treatment,conversion,0
2026-01-03T04:13:00+00:00,t104_13,treatment,error_rate,0
2026-01-03T04:14:00+00:00,t104_14,treatment,conversion,0
2026-01-03T04:14:00+00:00,t104_14,treatment,error_rate,0
2026-01-03T04:15:00+00:00,t104_15,treatment,conversion,0
2026-01-03T04:15:00+00:00,t104_15,treatment,error_rate,0
2026-01-03T04:16:00+00:00,t104_16,treatment,conversion,0
2026-01-03T04:16:00+00:00,t104_16,treatment,error_rate,1
2026-01-03T04:17:00+00:00,t104_17,treatment,conversion,1
2026-01-03T04:17:00+00:00,t104_17,treatment,error_rate,0
2026-01-03T04:18:00+00:00,t104_18,treatment,conversion,0
2026-01-03T04:18:00+00:00,t104_18,treatment,error_rate,0
2026-01-03T04:19:00+00:00,t104_19,treatment,conversion,0
2026-01-03T04:19:00+00:00,t104_19,treatment,error_rate,0
2026-01-03T04:20:00+00:00,t104_20,treatment,conversion,0
2026-01-03T04:20:00+00:00,t104_20,treatment,error_rate,1
2026-01-03T04:21:00+00:00,t104_21,treatment,conversion,0
2026-01-03T04:21:00+00:00,t104_21,treatment,error_rate,0
2026-01-03T04:22:00+00:00,t104_22,treatment,conversion,0
2026-01-03T04:22:00+00:00,t104_22,treatment,error_rate,0
2026-01-03T04:23:00+00:00,t104_23,treatment,conversion,1
2026-01-03T04:23:00+00:00,t104_23,treatment,error_rate,0
2026-01-03T04:24:00+00:00,t104_24,treatment,conversion,0
2026-01-03T04:24:00+00:00,t104_24,treatment,error_rate,0
2026-01-03T04:25:00+00:00,t104_25,treatment,conversion,0
2026-01-03T04:25:00+00:00,t104_25,treatment,error_rate,1
2026-01-03T04:26:00+00:00,t104_26,treatment,conversion,1
2026-01-03T04:26:00+00:00,t104_26,treatment,error_rate,0
2026-01-03T04:27:00+00:00,t104_27,treatment,conversion,1
2026-01-03T04:27:00+00:00,t104_27,treatment,error_rate,0
2026-01-03T04:28:00+00:00,t104_28,treatment,conversion,0
2026-01-03T04:28:00+00:00,t104_28,treatment,error_rate,1
2026-01-03T04:29:00+00:00,t104_29,treatment,conversion,0
2026-01-03T04:29:00+00:00,t104_29,treatment,error_rate,0
2026-01-03T04:30:00+00:00,c105_0,control,conversion,0
2026-01-03T04:30:00+00:00,c105_0,control,error_rate,0
2026-01-03T04:31:00+00:00,c105_1,control,conversion,0
2026-01-03T04:31:00+00:00,c105_1,control,error_rate,0
2026-01-03T04:32:00+00:00,c105_2,control,conversion,0
2026-01-03T04:32:00+00:00,c105_2,control,error_rate,0
2026-01-03T04:33:00+00:00,c105_3,control,conversion,0
2026-01-03T04:33:00+00:00,c105_3,control,error_rate,0
2026-01-03T04:34:00+00:00,c105_4,control,conversion,0
2026-01-03T04:34:00+00:00,c105_4,control,error_rate,0
2026-01-03T04:35:00+00:00,c105_5,control,conversion,0
2026-01-03T04:35:00+00:00,c105_5,control,error_rate,0
2026-01-03T04:36:00+00:00,c105_6,control,conversion,0
2026-01-03T04:36:00+00:00,c105_6,control,error_rate,0
2026-01-03T04:37:00+00:00,c105_7,control,conversion,1
2026-01-03T04:37:00+00:00,c105_7,control,error_rate,0
2026-01-03T04:38:00+00:00,c105_8,control,conversion,0
2026-01-03T04:38:00+00:00,c105_8,control,error_rate,0
2026-01-03T04:39:00+00:00,c105_9,control,conversion,0
2026-01-03T04:39:00+00:00,c105_9,control,error_rate,0
2026-01-03T04:40:00+00:00,c105_10,control,conversion,1
2026-01-03T04:40:00+00:00,c105_10,control,error_rate,0
2026-01-03T04:41:00+00:00,c105_11,control,conversion,0
2026-01-03T04:41:00+00:00,c105_11,control,error_rate,0
2026-01-03T04:42:00+00:00,c105_12,control,conversion,0
2026-01-03T04:42:00+00:00,c105_12,control,error_rate,0
2026-01-03T04:43:00+00:00,c105_13,control,conversion,0
2026-01-03T04:43:00+00:00,c105_13,control,error_rate,0
2026-01-03T04:44:00+00:00,c105_14,control,conversion,0
2026-01-03T04:44:00+00:00,c105_14,control,error_rate,0
2026-01-03T04:45:00+00:00,c105_15,control,conversion,0
2026-01-03T04:45:00+00:00,c105_15,control,error_rate,0
2026-01-03T04:46:00+00:00,c105_16,control,conversion,1
2026-01-03T04:46:00+00:00,c105_16,control,error_rate,0
2026-01-03T04:47:00+00:00,c105_17,control,conversion,0
2026-01-03T04:47:00+00:00,c105_17,control,error_rate,0
2026-01-03T04:48:00+00:00,c105_18,control,conversion,0
2026-01-03T04:48:00+00:00,c105_18,control,error_rate,1
2026-01-03T04:49:00+00:00,c105_19,control,conversion,1
2026-01-03T04:49:00+00:00,c105_19,control,error_rate,0
2026-01-03T04:50:00+00:00,c105_20,control,conversion,0
2026-01-03T04:50:00+00:00,c105_20,control,error_rate,0
2026-01-03T04:51:00+00:00,c105_21,control,conversion,0
2026-01-03T04:51:00+00:00,c105_21,control,error_rate,0
2026-01-03T04:52:00+00:00,c105_22,control,conversion,0
2026-01-03T04:52:00+00:00,c105_22,control,error_rate,0
2026-01-03T04:53:00+00:00,c105_23,control,conversion,0
2026-01-03T04:53:00+00:00,c105_23,control,error_rate,0
2026-01-03T04:54:00+00:00,c105_24,control,conversion,1
2026-01-03T04:54:00+00:00,c105_24,control,error_rate,0
2026-01-03T04:55:00+00:00,c105_25,control,conversion,0
2026-01-03T04:55:00+00:00,c105_25,control,error_rate,0
2026-01-03T04:56:00+00:00,c105_26,control,conversion,0
2026-01-03T04:56:00+00:00,c105_26,control,error_rate,0
2026-01-03T04:57:00+00:00,c105_27,control,conversion,0
2026-01-03T04:57:00+00:00,c105_27,control,error_rate,0
2026-01-03T04:58:00+00:00,c105_28,control,conversion,0
2026-01-03T04:58:00+00:00,c105_28,control,error_rate,0
2026-01-03T04:59:00+00:00,c105_29,control,conversion,0
2026-01-03T04:59:00+00:00,c105_29,control,error_rate,0
2026-01-03T04:30:00+00:00,t105_0,treatment,conversion,0
2026-01-03T04:30:00+00:00,t105_0,treatment,error_rate,0
2026-01-03T04:31:00+00:00,t105_1,treatment,conversion,0
2026-01-03T04:31:00+00:00,t105_1,treatment,error_rate,0
2026-01-03T04:32:00+00:00,t105_2,treatment,conversion,0
2026-01-03T04:32:00+00:00,t105_2,treatment,error_rate,1
2026-01-03T04:33:00+00:00,t105_3,treatment,conversion,0
2026-01-03T04:33:00+00:00,t105_3,treatment,error_rate,0
2026-01-03T04:34:00+00:00,t105_4,treatment,conversion,0
2026-01-03T04:34:00+00:00,t105_4,treatment,error_rate,0
2026-01-03T04:35:00+00:00,t105_5,treatment,conversion,0
2026-01-03T04:35:00+00:00,t105_5,treatment,error_rate,0
2026-01-03T04:36:00+00:00,t105_6,treatment,conversion,0
2026-01-03T04:36:00+00:00,t105_6,treatment,error_rate,0
2026-01-03T04:37:00+00:00,t105_7,treatment,conversion,1
2026-01-03T04:37:00+00:00,t105_7,treatment,error_rate,0
2026-01-03T04:38:00+00:00,t105_8,treatment,conversion,1
2026-01-03T04:38:00+00:00,t105_8,treatment,error_rate,0
2026-01-03T04:39:00+00:00,t105_9,treatment,conversion,1
2026-01-03T04:39:00+00:00,t105_9,treatment,error_rate,0
2026-01-03T04:40:00+00:00,t105_10,treatment,conversion,0
2026-01-03T04:40:00+00:00,t105_10,treatment,error_rate,0
2026-01-03T04:41:00+00:00,t105_11,treatment,conversion,0
2026-01-03T04:41:00+00:00,t105_11,treatment,error_rate,0
2026-01-03T04:42:00+00:00,t105_12,treatment,conversion,0
2026-01-03T04:42:00+00:00,t105_12,treatment,error_rate,0
2026-01-03T04:43:00+00:00,t105_13,treatment,conversion,1
2026-01-03T04:43:00+00:00,t105_13,treatment,error_rate,1
2026-01-03T04:44:00+00:00,t105_14,treatment,conversion,0
2026-01-03T04:44:00+00:00,t105_14,treatment,error_rate,0
2026-01-03T04:45:00+00:00,t105_15,treatment,conversion,0
2026-01-03T04:45:00+00:00,t105_15,treatment,error_rate,0
2026-01-03T04:46:00+00:00,t105_16,treatment,conversion,0
2026-01-03T04:46:00+00:00,t105_16,treatment,error_rate,0
2026-01-03T04:47:00+00:00,t105_17,treatment,conversion,0
2026-01-03T04:47:00+00:00,t105_17,treatment,error_rate,1
2026-01-03T04:48:00+00:00,t105_18,treatment,conversion,1
2026-01-03T04:48:00+00:00,t105_18,treatment,error_rate,1
2026-01-03T04:49:00+00:00,t105_19,treatment,conversion,0
2026-01-03T04:49:00+00:00,t105_19,treatment,error_rate,0
2026-01-03T04:50:00+00:00,t105_20,treatment,conversion,1
2026-01-03T04:50:00+00:00,t105_20,treatment,error_rate,0
2026-01-03T04:51:00+00:00,t105_21,treatment,conversion,0
2026-01-03T04:51:00+00:00,t105_21,treatment,error_rate,0
2026-01-03T04:52:00+00:00,t105_22,treatment,conversion,0
2026-01-03T04:52:00+00:00,t105_22,treatment,error_rate,0
2026-01-03T04:53:00+00:00,t105_23,treatment,conversion,0
2026-01-03T04:53:00+00:00,t105_23,treatment,error_rate,0
2026-01-03T04:54:00+00:00,t105_24,treatment,conversion,0
2026-01-03T04:54:00+00:00,t105_24,treatment,error_rate,0
2026-01-03T04:55:00+00:00,t105_25,treatment,conversion,0
2026-01-03T04:55:00+00:00,t105_25,treatment,error_rate,0
2026-01-03T04:56:00+00:00,t105_26,treatment,conversion,0
2026-01-03T04:56:00+00:00,t105_26,treatment,error_rate,0
2026-01-03T04:57:00+00:00,t105_27,treatment,conversion,1
2026-01-03T04:57:00+00:00,t105_27,treatment,error_rate,0
2026-01-03T04:58:00+00:00,t105_28,treatment,conversion,0
2026-01-03T04:58:00+00:00,t105_28,treatment,error_rate,0
2026-01-03T04:59:00+00:00,t105_29,treatment,conversion,0
2026-01-03T04:59:00+00:00,t105_29,treatment,error_rate,0
2026-01-03T05:00:00+00:00,c106_0,control,conversion,0
2026-01-03T05:00:00+00:00,c106_0,control,error_rate,1
2026-01-03T05:01:00+00:00,c106_1,control,conversion,0
2026-01-03T05:01:00+00:00,c106_1,control,error_rate,0
2026-01-03T05:02:00+00:00,c106_2,control,conversion,0
2026-01-03T05:02:00+00:00,c106_2,control,error_rate,0
2026-01-03T05:03:00+00:00,c106_3,control,conversion,0
2026-01-03T05:03:00+00:00,c106_3,control,error_rate,0
2026-01-03T05:04:00+00:00,c106_4,control,conversion,0
2026-01-03T05:04:00+00:00,c106_4,control,error_rate,0
2026-01-03T05:05:00+00:00,c106_5,control,conversion,0
2026-01-03T05:05:00+00:00,c106_5,control,error_rate,0
2026-01-03T05:06:00+00:00,c106_6,control,conversion,0
2026-01-03T05:06:00+00:00,c106_6,control,error_rate,0
2026-01-03T05:07:00+00:00,c106_7,control,conversion,0
2026-01-03T05:07:00+00:00,c106_7,control,error_rate,0
2026-01-03T05:08:00+00:00,c106_8,control,conversion,0
2026-01-03T05:08:00+00:00,c106_8,control,error_rate,0
2026-01-03T05:09:00+00:00,c106_9,control,conversion,0
2026-01-03T05:09:00+00:00,c106_9,control,error_rate,0
2026-01-03T05:10:00+00:00,c106_10,control,conversion,0
2026-01-03T05:10:00+00:00,c106_10,control,error_rate,0
2026-01-03T05:11:00+00:00,c106_11,control,conversion,0
2026-01-03T05:11:00+00:00,c106_11,control,error_rate,0
2026-01-03T05:12:00+00:00,c106_12,control,conversion,0
2026-01-03T05:12:00+00:00,c106_12,control,error_rate,0
2026-01-03T05:13:00+00:00,c106_13,control,conversion,0
2026-01-03T05:13:00+00:00,c106_13,control,error_rate,0
2026-01-03T05:14:00+00:00,c106_14,control,conversion,0
2026-01-03T05:14:00+00:00,c106_14,control,error_rate,0
2026-01-03T05:15:00+00:00,c106_15,control,conversion,0
2026-01-03T05:15:00+00:00,c106_15,control,error_rate,0
2026-01-03T05:16:00+00:00,c106_16,control,conversion,0
2026-01-03T05:16:00+00:00,c106_16,control,error_rate,0
2026-01-03T05:17:00+00:00,c106_17,control,conversion,0
2026-01-03T05:17:00+00:00,c106_17,control,error_rate,0
2026-01-03T05:18:00+00:00,c106_18,control,conversion,0
2026-01-03T05:18:00+00:00,c106_18,control,error_rate,0
2026-01-03T05:19:00+00:00,c106_19,control,conversion,0
2026-01-03T05:19:00+00:00,c106_19,control,error_rate,0
2026-01-03T05:20:00+00:00,c106_20,control,conversion,0
2026-01-03T05:20:00+00:00,c106_20,control,error_rate,0
2026-01-03T05:21:00+00:00,c106_21,control,conversion,0
2026-01-03T05:21:00+00:00,c106_21,control,error_rate,0
2026-01-03T05:22:00+00:00,c106_22,control,conversion,0
2026-01-03T05:22:00+00:00,c106_22,control,error_rate,0
2026-01-03T05:23:00+00:00,c106_23,control,conversion,0
2026-01-03T05:23:00+00:00,c106_23,control,error_rate,1
2026-01-03T05:24:00+00:00,c106_24,control,conversion,0
2026-01-03T05:24:00+00:00,c106_24,control,error_rate,0
2026-01-03T05:25:00+00:00,c106_25,control,conversion,0
2026-01-03T05:25:00+00:00,c106_25,control,error_rate,0
2026-01-03T05:26:00+00:00,c106_26,control,conversion,0
2026-01-03T05:26:00+00:00,c106_26,control,error_rate,0
2026-01-03T05:27:00+00:00,c106_27,control,conversion,0
2026-01-03T05:27:00+00:00,c106_27,control,error_rate,0
2026-01-03T05:28:00+00:00,c106_28,control,conversion,0
2026-01-03T05:28:00+00:00,c106_28,control,error_rate,0
2026-01-03T05:29:00+00:00,c106_29,control,conversion,0
2026-01-03T05:29:00+00:00,c106_29,control,error_rate,0
2026-01-03T05:00:00+00:00,t106_0,treatment,conversion,0
2026-01-03T05:00:00+00:00,t106_0,treatment,error_rate,0
2026-01-03T05:01:00+00:00,t106_1,treatment,conversion,0
2026-01-03T05:01:00+00:00,t106_1,treatment,error_rate,1
2026-01-03T05:02:00+00:00,t106_2,treatment,conversion,0
2026-01-03T05:02:00+00:00,t106_2,treatment,error_rate,0
2026-01-03T05:03:00+00:00,t106_3,treatment,conversion,0
2026-01-03T05:03:00+00:00,t106_3,treatment,error_rate,1
2026-01-03T05:04:00+00:00,t106_4,treatment,conversion,0
2026-01-03T05:04:00+00:00,t106_4,treatment,error_rate,0
2026-01-03T05:05:00+00:00,t106_5,treatment,conversion,0
2026-01-03T05:05:00+00:00,t106_5,treatment,error_rate,0
2026-01-03T05:06:00+00:00,t106_6,treatment,conversion,1
2026-01-03T05:06:00+00:00,t106_6,treatment,error_rate,0
2026-01-03T05:07:00+00:00,t106_7,treatment,conversion,0
2026-01-03T05:07:00+00:00,t106_7,treatment,error_rate,0
2026-01-03T05:08:00+00:00,t106_8,treatment,conversion,0
2026-01-03T05:08:00+00:00,t106_8,treatment,error_rate,0
2026-01-03T05:09:00+00:00,t106_9,treatment,conversion,0
2026-01-03T05:09:00+00:00,t106_9,treatment,error_rate,0
2026-01-03T05:10:00+00:00,t106_10,treatment,conversion,1
2026-01-03T05:10:00+00:00,t106_10,treatment,error_rate,0
2026-01-03T05:11:00+00:00,t106_11,treatment,conversion,0
2026-01-03T05:11:00+00:00,t106_11,treatment,error_rate,0
2026-01-03T05:12:00+00:00,t106_12,treatment,conversion,0
2026-01-03T05:12:00+00:00,t106_12,treatment,error_rate,0
2026-01-03T05:13:00+00:00,t106_13,treatment,conversion,0
2026-01-03T05:13:00+00:00,t106_13,treatment,error_rate,0
2026-01-03T05:14:00+00:00,t106_14,treatment,conversion,0
2026-01-03T05:14:00+00:00,t106_14,treatment,error_rate,0
2026-01-03T05:15:00+00:00,t106_15,treatment,conversion,0
2026-01-03T05:15:00+00:00,t106_15,treatment,error_rate,0
2026-01-03T05:16:00+00:00,t106_16,treatment,conversion,0
2026-01-03T05:16:00+00:00,t106_16,treatment,error_rate,0
2026-01-03T05:17:00+00:00,t106_17,treatment,conversion,0
2026-01-03T05:17:00+00:00,t106_17,treatment,error_rate,0
2026-01-03T05:18:00+00:00,t106_18,treatment,conversion,0
2026-01-03T05:18:00+00:00,t106_18,treatment,error_rate,0
2026-01-03T05:19:00+00:00,t106_19,treatment,conversion,0
2026-01-03T05:19:00+00:00,t106_19,treatment,error_rate,0
2026-01-03T05:20:00+00:00,t106_20,treatment,conversion,0
2026-01-03T05:20:00+00:00,t106_20,treatment,error_rate,0
2026-01-03T05:21:00+00:00,t106_21,treatment,conversion,0
2026-01-03T05:21:00+00:00,t106_21,treatment,error_rate,0
2026-01-03T05:22:00+00:00,t106_22,treatment,conversion,0
2026-01-03T05:22:00+00:00,t106_22,treatment,error_rate,0
2026-01-03T05:23:00+00:00,t106_23,treatment,conversion,0
2026-01-03T05:23:00+00:00,t106_23,treatment,error_rate,0
2026-01-03T05:24:00+00:00,t106_24,treatment,conversion,0
2026-01-03T05:24:00+00:00,t106_24,treatment,error_rate,0
2026-01-03T05:25:00+00:00,t106_25,treatment,conversion,0
2026-01-03T05:25:00+00:00,t106_25,treatment,error_rate,0
2026-01-03T05:26:00+00:00,t106_26,treatment,conversion,1
2026-01-03T05:26:00+00:00,t106_26,treatment,error_rate,0
2026-01-03T05:27:00+00:00,t106_27,treatment,conversion,0
2026-01-03T05:27:00+00:00,t106_27,treatment,error_rate,0
2026-01-03T05:28:00+00:00,t106_28,treatment,conversion,0
2026-01-03T05:28:00+00:00,t106_28,treatment,error_rate,0
2026-01-03T05:29:00+00:00,t106_29,treatment,conversion,0
2026-01-03T05:29:00+00:00,t106_29,treatment,error_rate,0
2026-01-03T05:30:00+00:00,c107_0,control,conversion,0
2026-01-03T05:30:00+00:00,c107_0,control,error_rate,0
2026-01-03T05:31:00+00:00,c107_1,control,conversion,0
2026-01-03T05:31:00+00:00,c107_1,control,error_rate,0
2026-01-03T05:32:00+00:00,c107_2,control,conversion,0
2026-01-03T05:32:00+00:00,c107_2,control,error_rate,0
2026-01-03T05:33:00+00:00,c107_3,control,conversion,0
2026-01-03T05:33:00+00:00,c107_3,control,error_rate,0
2026-01-03T05:34:00+00:00,c107_4,control,conversion,0
2026-01-03T05:34:00+00:00,c107_4,control,error_rate,0
2026-01-03T05:35:00+00:00,c107_5,control,conversion,0
2026-01-03T05:35:00+00:00,c107_5,control,error_rate,0
2026-01-03T05:36:00+00:00,c107_6,control,conversion,0
2026-01-03T05:36:00+00:00,c107_6,control,error_rate,0
2026-01-03T05:37:00+00:00,c107_7,control,conversion,0
2026-01-03T05:37:00+00:00,c107_7,control,error_rate,0
2026-01-03T05:38:00+00:00,c107_8,control,conversion,0
2026-01-03T05:38:00+00:00,c107_8,control,error_rate,1
2026-01-03T05:39:00+00:00,c107_9,control,conversion,0
2026-01-03T05:39:00+00:00,c107_9,control,error_rate,0
2026-01-03T05:40:00+00:00,c107_10,control,conversion,0
2026-01-03T05:40:00+00:00,c107_10,control,error_rate,0
2026-01-03T05:41:00+00:00,c107_11,control,conversion,0
2026-01-03T05:41:00+00:00,c107_11,control,error_rate,0
2026-01-03T05:42:00+00:00,c107_12,control,conversion,0
2026-01-03T05:42:00+00:00,c107_12,control,error_rate,0
2026-01-03T05:43:00+00:00,c107_13,control,conversion,0
2026-01-03T05:43:00+00:00,c107_13,control,error_rate,0
2026-01-03T05:44:00+00:00,c107_14,control,conversion,0
2026-01-03T05:44:00+00:00,c107_14,control,error_rate,0
2026-01-03T05:45:00+00:00,c107_15,control,conversion,0
2026-01-03T05:45:00+00:00,c107_15,control,error_rate,0
2026-01-03T05:46:00+00:00,c107_16,control,conversion,0
2026-01-03T05:46:00+00:00,c107_16,control,error_rate,0
2026-01-03T05:47:00+00:00,c107_17,control,conversion,0
2026-01-03T05:47:00+00:00,c107_17,control,error_rate,0
2026-01-03T05:48:00+00:00,c107_18,control,conversion,0
2026-01-03T05:48:00+00:00,c107_18,control,error_rate,0
2026-01-03T05:49:00+00:00,c107_19,control,conversion,0
2026-01-03T05:49:00+00:00,c107_19,control,error_rate,0
2026-01-03T05:50:00+00:00,c107_20,control,conversion,0
2026-01-03T05:50:00+00:00,c107_20,control,error_rate,1
2026-01-03T05:51:00+00:00,c107_21,control,conversion,0
2026-01-03T05:51:00+00:00,c107_21,control,error_rate,0
2026-01-03T05:52:00+00:00,c107_22,control,conversion,1
2026-01-03T05:52:00+00:00,c107_22,control,error_rate,0
2026-01-03T05:53:00+00:00,c107_23,control,conversion,0
2026-01-03T05:53:00+00:00,c107_23,control,error_rate,0
2026-01-03T05:54:00+00:00,c107_24,control,conversion,0
2026-01-03T05:54:00+00:00,c107_24,control,error_rate,0
2026-01-03T05:55:00+00:00,c107_25,control,conversion,0
2026-01-03T05:55:00+00:00,c107_25,control,error_rate,0
2026-01-03T05:56:00+00:00,c107_26,control,conversion,0
2026-01-03T05:56:00+00:00,c107_26,control,error_rate,1
2026-01-03T05:57:00+00:00,c107_27,control,conversion,0
2026-01-03T05:57:00+00:00,c107_27,control,error_rate,0
2026-01-03T05:58:00+00:00,c107_28,control,conversion,0
2026-01-03T05:58:00+00:00,c107_28,control,error_rate,0
2026-01-03T05:59:00+00:00,c107_29,control,conversion,0
2026-01-03T05:59:00+00:00,c107_29,control,error_rate,0
2026-01-03T05:30:00+00:00,t107_0,treatment,conversion,0
2026-01-03T05:30:00+00:00,t107_0,treatment,error_rate,0
2026-01-03T05:31:00+00:00,t107_1,treatment,conversion,0
2026-01-03T05:31:00+00:00,t107_1,treatment,error_rate,0
2026-01-03T05:32:00+00:00,t107_2,treatment,conversion,0
2026-01-03T05:32:00+00:00,t107_2,treatment,error_rate,0
2026-01-03T05:33:00+00:00,t107_3,treatment,conversion,0
2026-01-03T05:33:00+00:00,t107_3,treatment,error_rate,0
2026-01-03T05:34:00+00:00,t107_4,treatment,conversion,0
2026-01-03T05:34:00+00:00,t107_4,treatment,error_rate,0
2026-01-03T05:35:00+00:00,t107_5,treatment,conversion,1
2026-01-03T05:35:00+00:00,t107_5,treatment,error_rate,0
2026-01-03T05:36:00+00:00,t107_6,treatment,conversion,0
2026-01-03T05:36:00+00:00,t107_6,treatment,error_rate,0
2026-01-03T05:37:00+00:00,t107_7,treatment,conversion,0
2026-01-03T05:37:00+00:00,t107_7,treatment,error_rate,0
2026-01-03T05:38:00+00:00,t107_8,treatment,conversion,0
2026-01-03T05:38:00+00:00,t107_8,treatment,error_rate,0
2026-01-03T05:39:00+00:00,t107_9,treatment,conversion,0
2026-01-03T05:39:00+00:00,t107_9,treatment,error_rate,0
2026-01-03T05:40:00+00:00,t107_10,treatment,conversion,0
2026-01-03T05:40:00+00:00,t107_10,treatment,error_rate,0
2026-01-03T05:41:00+00:00,t107_11,treatment,conversion,0
2026-01-03T05:41:00+00:00,t107_11,treatment,error_rate,0
2026-01-03T05:42:00+00:00,t107_12,treatment,conversion,1
2026-01-03T05:42:00+00:00,t107_12,treatment,error_rate,0
2026-01-03T05:43:00+00:00,t107_13,treatment,conversion,0
2026-01-03T05:43:00+00:00,t107_13,treatment,error_rate,0
2026-01-03T05:44:00+00:00,t107_14,treatment,conversion,1
2026-01-03T05:44:00+00:00,t107_14,treatment,error_rate,1
2026-01-03T05:45:00+00:00,t107_15,treatment,conversion,0
2026-01-03T05:45:00+00:00,t107_15,treatment,error_rate,0
2026-01-03T05:46:00+00:00,t107_16,treatment,conversion,0
2026-01-03T05:46:00+00:00,t107_16,treatment,error_rate,0
2026-01-03T05:47:00+00:00,t107_17,treatment,conversion,0
2026-01-03T05:47:00+00:00,t107_17,treatment,error_rate,0
2026-01-03T05:48:00+00:00,t107_18,treatment,conversion,1
2026-01-03T05:48:00+00:00,t107_18,treatment,error_rate,0
2026-01-03T05:49:00+00:00,t107_19,treatment,conversion,1
2026-01-03T05:49:00+00:00,t107_19,treatment,error_rate,0
2026-01-03T05:50:00+00:00,t107_20,treatment,conversion,0
2026-01-03T05:50:00+00:00,t107_20,treatment,error_rate,0
2026-01-03T05:51:00+00:00,t107_21,treatment,conversion,0
2026-01-03T05:51:00+00:00,t107_21,treatment,error_rate,0
2026-01-03T05:52:00+00:00,t107_22,treatment,conversion,0
2026-01-03T05:52:00+00:00,t107_22,treatment,error_rate,0
2026-01-03T05:53:00+00:00,t107_23,treatment,conversion,0
2026-01-03T05:53:00+00:00,t107_23,treatment,error_rate,0
2026-01-03T05:54:00+00:00,t107_24,treatment,conversion,1
2026-01-03T05:54:00+00:00,t107_24,treatment,error_rate,0
2026-01-03T05:55:00+00:00,t107_25,treatment,conversion,0
2026-01-03T05:55:00+00:00,t107_25,treatment,error_rate,0
2026-01-03T05:56:00+00:00,t107_26,treatment,conversion,0
2026-01-03T05:56:00+00:00,t107_26,treatment,error_rate,0
2026-01-03T05:57:00+00:00,t107_27,treatment,conversion,0
2026-01-03T05:57:00+00:00,t107_27,treatment,error_rate,0
2026-01-03T05:58:00+00:00,t107_28,treatment,conversion,0
2026-01-03T05:58:00+00:00,t107_28,treatment,error_rate,0
2026-01-03T05:59:00+00:00,t107_29,treatment,conversion,0
2026-01-03T05:59:00+00:00,t107_29,treatment,error_rate,0
2026-01-03T06:00:00+00:00,c108_0,control,conversion,0
2026-01-03T06:00:00+00:00,c108_0,control,error_rate,0
2026-01-03T06:01:00+00:00,c108_1,control,conversion,0
2026-01-03T06:01:00+00:00,c108_1,control,error_rate,0
2026-01-03T06:02:00+00:00,c108_2,control,conversion,0
2026-01-03T06:02:00+00:00,c108_2,control,error_rate,0
2026-01-03T06:03:00+00:00,c108_3,control,conversion,0
2026-01-03T06:03:00+00:00,c108_3,control,error_rate,0
2026-01-03T06:04:00+00:00,c108_4,control,conversion,0
2026-01-03T06:04:00+00:00,c108_4,control,error_rate,0
2026-01-03T06:05:00+00:00,c108_5,control,conversion,0
2026-01-03T06:05:00+00:00,c108_5,control,error_rate,0
2026-01-03T06:06:00+00:00,c108_6,control,conversion,0
2026-01-03T06:06:00+00:00,c108_6,control,error_rate,0
2026-01-03T06:07:00+00:00,c108_7,control,conversion,0
2026-01-03T06:07:00+00:00,c108_7,control,error_rate,0
2026-01-03T06:08:00+00:00,c108_8,control,conversion,0
2026-01-03T06:08:00+00:00,c108_8,control,error_rate,0
2026-01-03T06:09:00+00:00,c108_9,control,conversion,0
2026-01-03T06:09:00+00:00,c108_9,control,error_rate,0
2026-01-03T06:10:00+00:00,c108_10,control,conversion,0
2026-01-03T06:10:00+00:00,c108_10,control,error_rate,0
2026-01-03T06:11:00+00:00,c108_11,control,conversion,0
2026-01-03T06:11:00+00:00,c108_11,control,error_rate,1
2026-01-03T06:12:00+00:00,c108_12,control,conversion,0
2026-01-03T06:12:00+00:00,c108_12,control,error_rate,1
2026-01-03T06:13:00+00:00,c108_13,control,conversion,0
2026-01-03T06:13:00+00:00,c108_13,control,error_rate,0
2026-01-03T06:14:00+00:00,c108_14,control,conversion,0
2026-01-03T06:14:00+00:00,c108_14,control,error_rate,0
2026-01-03T06:15:00+00:00,c108_15,control,conversion,0
2026-01-03T06:15:00+00:00,c108_15,control,error_rate,0
2026-01-03T06:16:00+00:00,c108_16,control,conversion,0
2026-01-03T06:16:00+00:00,c108_16,control,error_rate,0
2026-01-03T06:17:00+00:00,c108_17,control,conversion,0
2026-01-03T06:17:00+00:00,c108_17,control,error_rate,0
2026-01-03T06:18:00+00:00,c108_18,control,conversion,0
2026-01-03T06:18:00+00:00,c108_18,control,error_rate,0
2026-01-03T06:19:00+00:00,c108_19,control,conversion,0
2026-01-03T06:19:00+00:00,c108_19,control,error_rate,0
2026-01-03T06:20:00+00:00,c108_20,control,conversion,0
2026-01-03T06:20:00+00:00,c108_20,control,error_rate,0
2026-01-03T06:21:00+00:00,c108_21,control,conversion,0
2026-01-03T06:21:00+00:00,c108_21,control,error_rate,0
2026-01-03T06:22:00+00:00,c108_22,control,conversion,0
2026-01-03T06:22:00+00:00,c108_22,control,error_rate,0
2026-01-03T06:23:00+00:00,c108_23,control,conversion,0
2026-01-03T06:23:00+00:00,c108_23,control,error_rate,0
2026-01-03T06:24:00+00:00,c108_24,control,conversion,0
2026-01-03T06:24:00+00:00,c108_24,control,error_rate,0
2026-01-03T06:25:00+00:00,c108_25,control,conversion,0
2026-01-03T06:25:00+00:00,c108_25,control,error_rate,1
2026-01-03T06:26:00+00:00,c108_26,control,conversion,0
2026-01-03T06:26:00+00:00,c108_26,control,error_rate,0
2026-01-03T06:27:00+00:00,c108_27,control,conversion,0
2026-01-03T06:27:00+00:00,c108_27,control,error_rate,0
2026-01-03T06:28:00+00:00,c108_28,control,conversion,0
2026-01-03T06:28:00+00:00,c108_28,control,error_rate,0
2026-01-03T06:29:00+00:00,c108_29,control,conversion,0
2026-01-03T06:29:00+00:00,c108_29,control,error_rate,0
2026-01-03T06:00:00+00:00,t108_0,treatment,conversion,0
2026-01-03T06:00:00+00:00,t108_0,treatment,error_rate,0
2026-01-03T06:01:00+00:00,t108_1,treatment,conversion,0
2026-01-03T06:01:00+00:00,t108_1,treatment,error_rate,0
2026-01-03T06:02:00+00:00,t108_2,treatment,conversion,1
2026-01-03T06:02:00+00:00,t108_2,treatment,error_rate,0
2026-01-03T06:03:00+00:00,t108_3,treatment,conversion,1
2026-01-03T06:03:00+00:00,t108_3,treatment,error_rate,0
2026-01-03T06:04:00+00:00,t108_4,treatment,conversion,0
2026-01-03T06:04:00+00:00,t108_4,treatment,error_rate,0
2026-01-03T06:05:00+00:00,t108_5,treatment,conversion,0
2026-01-03T06:05:00+00:00,t108_5,treatment,error_rate,0
2026-01-03T06:06:00+00:00,t108_6,treatment,conversion,0
2026-01-03T06:06:00+00:00,t108_6,treatment,error_rate,0
2026-01-03T06:07:00+00:00,t108_7,treatment,conversion,1
2026-01-03T06:07:00+00:00,t108_7,treatment,error_rate,0
2026-01-03T06:08:00+00:00,t108_8,treatment,conversion,0
2026-01-03T06:08:00+00:00,t108_8,treatment,error_rate,1
2026-01-03T06:09:00+00:00,t108_9,treatment,conversion,0
2026-01-03T06:09:00+00:00,t108_9,treatment,error_rate,0
2026-01-03T06:10:00+00:00,t108_10,treatment,conversion,0
2026-01-03T06:10:00+00:00,t108_10,treatment,error_rate,0
2026-01-03T06:11:00+00:00,t108_11,treatment,conversion,0
2026-01-03T06:11:00+00:00,t108_11,treatment,error_rate,0
2026-01-03T06:12:00+00:00,t108_12,treatment,conversion,0
2026-01-03T06:12:00+00:00,t108_12,treatment,error_rate,0
2026-01-03T06:13:00+00:00,t108_13,treatment,conversion,0
2026-01-03T06:13:00+00:00,t108_13,treatment,error_rate,0
2026-01-03T06:14:00+00:00,t108_14,treatment,conversion,0
2026-01-03T06:14:00+00:00,t108_14,treatment,error_rate,1
2026-01-03T06:15:00+00:00,t108_15,treatment,conversion,0
2026-01-03T06:15:00+00:00,t108_15,treatment,error_rate,1
2026-01-03T06:16:00+00:00,t108_16,treatment,conversion,0
2026-01-03T06:16:00+00:00,t108_16,treatment,error_rate,0
2026-01-03T06:17:00+00:00,t108_17,treatment,conversion,0
2026-01-03T06:17:00+00:00,t108_17,treatment,error_rate,1
2026-01-03T06:18:00+00:00,t108_18,treatment,conversion,1
2026-01-03T06:18:00+00:00,t108_18,treatment,error_rate,0
2026-01-03T06:19:00+00:00,t108_19,treatment,conversion,0
2026-01-03T06:19:00+00:00,t108_19,treatment,error_rate,0
2026-01-03T06:20:00+00:00,t108_20,treatment,conversion,0
2026-01-03T06:20:00+00:00,t108_20,treatment,error_rate,0
2026-01-03T06:21:00+00:00,t108_21,treatment,conversion,0
2026-01-03T06:21:00+00:00,t108_21,treatment,error_rate,0
2026-01-03T06:22:00+00:00,t108_22,treatment,conversion,0
2026-01-03T06:22:00+00:00,t108_22,treatment,error_rate,0
2026-01-03T06:23:00+00:00,t108_23,treatment,conversion,0
2026-01-03T06:23:00+00:00,t108_23,treatment,error_rate,0
2026-01-03T06:24:00+00:00,t108_24,treatment,conversion,0
2026-01-03T06:24:00+00:00,t108_24,treatment,error_rate,0
2026-01-03T06:25:00+00:00,t108_25,treatment,conversion,0
2026-01-03T06:25:00+00:00,t108_25,treatment,error_rate,0
2026-01-03T06:26:00+00:00,t108_26,treatment,conversion,0
2026-01-03T06:26:00+00:00,t108_26,treatment,error_rate,0
2026-01-03T06:27:00+00:00,t108_27,treatment,conversion,0
2026-01-03T06:27:00+00:00,t108_27,treatment,error_rate,0
2026-01-03T06:28:00+00:00,t108_28,treatment,conversion,0
2026-01-03T06:28:00+00:00,t108_28,treatment,error_rate,0
2026-01-03T06:29:00+00:00,t108_29,treatment,conversion,1
2026-01-03T06:29:00+00:00,t108_29,treatment,error_rate,0
2026-01-03T06:30:00+00:00,c109_0,control,conversion,0
2026-01-03T06:30:00+00:00,c109_0,control,error_rate,0
2026-01-03T06:31:00+00:00,c109_1,control,conversion,0
2026-01-03T06:31:00+00:00,c109_1,control,error_rate,0
2026-01-03T06:32:00+00:00,c109_2,control,conversion,0
2026-01-03T06:32:00+00:00,c109_2,control,error_rate,0
2026-01-03T06:33:00+00:00,c109_3,control,conversion,0
2026-01-03T06:33:00+00:00,c109_3,control,error_rate,0
2026-01-03T06:34:00+00:00,c109_4,control,conversion,0
2026-01-03T06:34:00+00:00,c109_4,control,error_rate,1
2026-01-03T06:35:00+00:00,c109_5,control,conversion,1
2026-01-03T06:35:00+00:00,c109_5,control,error_rate,0
2026-01-03T06:36:00+00:00,c109_6,control,conversion,0
2026-01-03T06:36:00+00:00,c109_6,control,error_rate,0
2026-01-03T06:37:00+00:00,c109_7,control,conversion,0
2026-01-03T06:37:00+00:00,c109_7,control,error_rate,0
2026-01-03T06:38:00+00:00,c109_8,control,conversion,0
2026-01-03T06:38:00+00:00,c109_8,control,error_rate,0
2026-01-03T06:39:00+00:00,c109_9,control,conversion,0
2026-01-03T06:39:00+00:00,c109_9,control,error_rate,0
2026-01-03T06:40:00+00:00,c109_10,control,conversion,0
2026-01-03T06:40:00+00:00,c109_10,control,error_rate,1
2026-01-03T06:41:00+00:00,c109_11,control,conversion,0
2026-01-03T06:41:00+00:00,c109_11,control,error_rate,1
2026-01-03T06:42:00+00:00,c109_12,control,conversion,0
2026-01-03T06:42:00+00:00,c109_12,control,error_rate,0
2026-01-03T06:43:00+00:00,c109_13,control,conversion,0
2026-01-03T06:43:00+00:00,c109_13,control,error_rate,0
2026-01-03T06:44:00+00:00,c109_14,control,conversion,0
2026-01-03T06:44:00+00:00,c109_14,control,error_rate,0
2026-01-03T06:45:00+00:00,c109_15,control,conversion,0
2026-01-03T06:45:00+00:00,c109_15,control,error_rate,0
2026-01-03T06:46:00+00:00,c109_16,control,conversion,0
2026-01-03T06:46:00+00:00,c109_16,control,error_rate,0
2026-01-03T06:47:00+00:00,c109_17,control,conversion,0
2026-01-03T06:47:00+00:00,c109_17,control,error_rate,0
2026-01-03T06:48:00+00:00,c109_18,control,conversion,0
2026-01-03T06:48:00+00:00,c109_18,control,error_rate,0
2026-01-03T06:49:00+00:00,c109_19,control,conversion,0
2026-01-03T06:49:00+00:00,c109_19,control,error_rate,0
2026-01-03T06:50:00+00:00,c109_20,control,conversion,0
2026-01-03T06:50:00+00:00,c109_20,control,error_rate,0
2026-01-03T06:51:00+00:00,c109_21,control,conversion,0
2026-01-03T06:51:00+00:00,c109_21,control,error_rate,0
2026-01-03T06:52:00+00:00,c109_22,control,conversion,0
2026-01-03T06:52:00+00:00,c109_22,control,error_rate,0
2026-01-03T06:53:00+00:00,c109_23,control,conversion,0
2026-01-03T06:53:00+00:00,c109_23,control,error_rate,0
2026-01-03T06:54:00+00:00,c109_24,control,conversion,0
2026-01-03T06:54:00+00:00,c109_24,control,error_rate,0
2026-01-03T06:55:00+00:00,c109_25,control,conversion,0
2026-01-03T06:55:00+00:00,c109_25,control,error_rate,0
2026-01-03T06:56:00+00:00,c109_26,control,conversion,0
2026-01-03T06:56:00+00:00,c109_26,control,error_rate,0
2026-01-03T06:57:00+00:00,c109_27,control,conversion,0
2026-01-03T06:57:00+00:00,c109_27,control,error_rate,0
2026-01-03T06:58:00+00:00,c109_28,control,conversion,0
2026-01-03T06:58:00+00:00,c109_28,control,error_rate,0
2026-01-03T06:59:00+00:00,c109_29,control,conversion,0
2026-01-03T06:59:00+00:00,c109_29,control,error_rate,0
2026-01-03T06:30:00+00:00,t109_0,treatment,conversion,0
2026-01-03T06:30:00+00:00,t109_0,treatment,error_rate,0
2026-01-03T06:31:00+00:00,t109_1,treatment,conversion,1
2026-01-03T06:31:00+00:00,t109_1,treatment,error_rate,0
2026-01-03T06:32:00+00:00,t109_2,treatment,conversion,0
2026-01-03T06:32:00+00:00,t109_2,treatment,error_rate,0
2026-01-03T06:33:00+00:00,t109_3,treatment,conversion,1
2026-01-03T06:33:00+00:00,t109_3,treatment,error_rate,0
2026-01-03T06:34:00+00:00,t109_4,treatment,conversion,1
2026-01-03T06:34:00+00:00,t109_4,treatment,error_rate,0
2026-01-03T06:35:00+00:00,t109_5,treatment,conversion,0
2026-01-03T06:35:00+00:00,t109_5,treatment,error_rate,0
2026-01-03T06:36:00+00:00,t109_6,treatment,conversion,0
2026-01-03T06:36:00+00:00,t109_6,treatment,error_rate,0
2026-01-03T06:37:00+00:00,t109_7,treatment,conversion,0
2026-01-03T06:37:00+00:00,t109_7,treatment,error_rate,0
2026-01-03T06:38:00+00:00,t109_8,treatment,conversion,0
2026-01-03T06:38:00+00:00,t109_8,treatment,error_rate,0
2026-01-03T06:39:00+00:00,t109_9,treatment,conversion,1
2026-01-03T06:39:00+00:00,t109_9,treatment,error_rate,0
2026-01-03T06:40:00+00:00,t109_10,treatment,conversion,0
2026-01-03T06:40:00+00:00,t109_10,treatment,error_rate,0
2026-01-03T06:41:00+00:00,t109_11,treatment,conversion,0
2026-01-03T06:41:00+00:00,t109_11,treatment,error_rate,0
2026-01-03T06:42:00+00:00,t109_12,treatment,conversion,0
2026-01-03T06:42:00+00:00,t109_12,treatment,error_rate,1
2026-01-03T06:43:00+00:00,t109_13,treatment,conversion,0
2026-01-03T06:43:00+00:00,t109_13,treatment,error_rate,0
2026-01-03T06:44:00+00:00,t109_14,treatment,conversion,0
2026-01-03T06:44:00+00:00,t109_14,treatment,error_rate,0
2026-01-03T06:45:00+00:00,t109_15,treatment,conversion,0
2026-01-03T06:45:00+00:00,t109_15,treatment,error_rate,0
2026-01-03T06:46:00+00:00,t109_16,treatment,conversion,1
2026-01-03T06:46:00+00:00,t109_16,treatment,error_rate,0
2026-01-03T06:47:00+00:00,t109_17,treatment,conversion,1
2026-01-03T06:47:00+00:00,t109_17,treatment,error_rate,0
2026-01-03T06:48:00+00:00,t109_18,treatment,conversion,1
2026-01-03T06:48:00+00:00,t109_18,treatment,error_rate,0
2026-01-03T06:49:00+00:00,t109_19,treatment,conversion,0
2026-01-03T06:49:00+00:00,t109_19,treatment,error_rate,0
2026-01-03T06:50:00+00:00,t109_20,treatment,conversion,0
2026-01-03T06:50:00+00:00,t109_20,treatment,error_rate,0
2026-01-03T06:51:00+00:00,t109_21,treatment,conversion,0
2026-01-03T06:51:00+00:00,t109_21,treatment,error_rate,0
2026-01-03T06:52:00+00:00,t109_22,treatment,conversion,0
2026-01-03T06:52:00+00:00,t109_22,treatment,error_rate,0
2026-01-03T06:53:00+00:00,t109_23,treatment,conversion,0
2026-01-03T06:53:00+00:00,t109_23,treatment,error_rate,0
2026-01-03T06:54:00+00:00,t109_24,treatment,conversion,1
2026-01-03T06:54:00+00:00,t109_24,treatment,error_rate,0
2026-01-03T06:55:00+00:00,t109_25,treatment,conversion,0
2026-01-03T06:55:00+00:00,t109_25,treatment,error_rate,0
2026-01-03T06:56:00+00:00,t109_26,treatment,conversion,0
2026-01-03T06:56:00+00:00,t109_26,treatment,error_rate,0
2026-01-03T06:57:00+00:00,t109_27,treatment,conversion,1
2026-01-03T06:57:00+00:00,t109_27,treatment,error_rate,1
2026-01-03T06:58:00+00:00,t109_28,treatment,conversion,0
2026-01-03T06:58:00+00:00,t109_28,treatment,error_rate,0
2026-01-03T06:59:00+00:00,t109_29,treatment,conversion,0
2026-01-03T06:59:00+00:00,t109_29,treatment,error_rate,0
2026-01-03T07:00:00+00:00,c110_0,control,conversion,0
2026-01-03T07:00:00+00:00,c110_0,control,error_rate,0
2026-01-03T07:01:00+00:00,c110_1,control,conversion,0
2026-01-03T07:01:00+00:00,c110_1,control,error_rate,0
2026-01-03T07:02:00+00:00,c110_2,control,conversion,1
2026-01-03T07:02:00+00:00,c110_2,control,error_rate,0
2026-01-03T07:03:00+00:00,c110_3,control,conversion,0
2026-01-03T07:03:00+00:00,c110_3,control,error_rate,0
2026-01-03T07:04:00+00:00,c110_4,control,conversion,0
2026-01-03T07:04:00+00:00,c110_4,control,error_rate,0
2026-01-03T07:05:00+00:00,c110_5,control,conversion,0
2026-01-03T07:05:00+00:00,c110_5,control,error_rate,0
2026-01-03T07:06:00+00:00,c110_6,control,conversion,0
2026-01-03T07:06:00+00:00,c110_6,control,error_rate,0
2026-01-03T07:07:00+00:00,c110_7,control,conversion,0
2026-01-03T07:07:00+00:00,c110_7,control,error_rate,0
2026-01-03T07:08:00+00:00,c110_8,control,conversion,0
2026-01-03T07:08:00+00:00,c110_8,control,error_rate,0
2026-01-03T07:09:00+00:00,c110_9,control,conversion,0
2026-01-03T07:09:00+00:00,c110_9,control,error_rate,0
2026-01-03T07:10:00+00:00,c110_10,control,conversion,0
2026-01-03T07:10:00+00:00,c110_10,control,error_rate,0
2026-01-03T07:11:00+00:00,c110_11,control,conversion,0
2026-01-03T07:11:00+00:00,c110_11,control,error_rate,0
2026-01-03T07:12:00+00:00,c110_12,control,conversion,0
2026-01-03T07:12:00+00:00,c110_12,control,error_rate,0
2026-01-03T07:13:00+00:00,c110_13,control,conversion,0
2026-01-03T07:13:00+00:00,c110_13,control,error_rate,0
2026-01-03T07:14:00+00:00,c110_14,control,conversion,0
2026-01-03T07:14:00+00:00,c110_14,control,error_rate,0
2026-01-03T07:15:00+00:00,c110_15,control,conversion,0
2026-01-03T07:15:00+00:00,c110_15,control,error_rate,1
2026-01-03T07:16:00+00:00,c110_16,control,conversion,0
2026-01-03T07:16:00+00:00,c110_16,control,error_rate,0
2026-01-03T07:17:00+00:00,c110_17,control,conversion,0
2026-01-03T07:17:00+00:00,c110_17,control,error_rate,0
2026-01-03T07:18:00+00:00,c110_18,control,conversion,0
2026-01-03T07:18:00+00:00,c110_18,control,error_rate,0
2026-01-03T07:19:00+00:00,c110_19,control,conversion,0
2026-01-03T07:19:00+00:00,c110_19,control,error_rate,0
2026-01-03T07:20:00+00:00,c110_20,control,conversion,0
2026-01-03T07:20:00+00:00,c110_20,control,error_rate,0
2026-01-03T07:21:00+00:00,c110_21,control,conversion,0
2026-01-03T07:21:00+00:00,c110_21,control,error_rate,1
2026-01-03T07:22:00+00:00,c110_22,control,conversion,0
2026-01-03T07:22:00+00:00,c110_22,control,error_rate,0
2026-01-03T07:23:00+00:00,c110_23,control,conversion,1
2026-01-03T07:23:00+00:00,c110_23,control,error_rate,0
2026-01-03T07:24:00+00:00,c110_24,control,conversion,0
2026-01-03T07:24:00+00:00,c110_24,control,error_rate,0
2026-01-03T07:25:00+00:00,c110_25,control,conversion,1
2026-01-03T07:25:00+00:00,c110_25,control,error_rate,0
2026-01-03T07:26:00+00:00,c110_26,control,conversion,0
2026-01-03T07:26:00+00:00,c110_26,control,error_rate,0
2026-01-03T07:27:00+00:00,c110_27,control,conversion,1
2026-01-03T07:27:00+00:00,c110_27,control,error_rate,0
2026-01-03T07:28:00+00:00,c110_28,control,conversion,0
2026-01-03T07:28:00+00:00,c110_28,control,error_rate,1
2026-01-03T07:29:00+00:00,c110_29,control,conversion,0
2026-01-03T07:29:00+00:00,c110_29,control,error_rate,0
2026-01-03T07:00:00+00:00,t110_0,treatment,conversion,0
2026-01-03T07:00:00+00:00,t110_0,treatment,error_rate,0
2026-01-03T07:01:00+00:00,t110_1,treatment,conversion,0
2026-01-03T07:01:00+00:00,t110_1,treatment,error_rate,0
2026-01-03T07:02:00+00:00,t110_2,treatment,conversion,0
2026-01-03T07:02:00+00:00,t110_2,treatment,error_rate,0
2026-01-03T07:03:00+00:00,t110_3,treatment,conversion,0
2026-01-03T07:03:00+00:00,t110_3,treatment,error_rate,0
2026-01-03T07:04:00+00:00,t110_4,treatment,conversion,0
2026-01-03T07:04:00+00:00,t110_4,treatment,error_rate,0
2026-01-03T07:05:00+00:00,t110_5,treatment,conversion,1
2026-01-03T07:05:00+00:00,t110_5,treatment,error_rate,0
2026-01-03T07:06:00+00:00,t110_6,treatment,conversion,0
2026-01-03T07:06:00+00:00,t110_6,treatment,error_rate,0
2026-01-03T07:07:00+00:00,t110_7,treatment,conversion,0
2026-01-03T07:07:00+00:00,t110_7,treatment,error_rate,0
2026-01-03T07:08:00+00:00,t110_8,treatment,conversion,0
2026-01-03T07:08:00+00:00,t110_8,treatment,error_rate,0
2026-01-03T07:09:00+00:00,t110_9,treatment,conversion,0
2026-01-03T07:09:00+00:00,t110_9,treatment,error_rate,1
2026-01-03T07:10:00+00:00,t110_10,treatment,conversion,0
2026-01-03T07:10:00+00:00,t110_10,treatment,error_rate,0
2026-01-03T07:11:00+00:00,t110_11,treatment,conversion,1
2026-01-03T07:11:00+00:00,t110_11,treatment,error_rate,0
2026-01-03T07:12:00+00:00,t110_12,treatment,conversion,0
2026-01-03T07:12:00+00:00,t110_12,treatment,error_rate,0
2026-01-03T07:13:00+00:00,t110_13,treatment,conversion,0
2026-01-03T07:13:00+00:00,t110_13,treatment,error_rate,0
2026-01-03T07:14:00+00:00,t110_14,treatment,conversion,0
2026-01-03T07:14:00+00:00,t110_14,treatment,error_rate,0
2026-01-03T07:15:00+00:00,t110_15,treatment,conversion,0
2026-01-03T07:15:00+00:00,t110_15,treatment,error_rate,0
2026-01-03T07:16:00+00:00,t110_16,treatment,conversion,0
2026-01-03T07:16:00+00:00,t110_16,treatment,error_rate,0
2026-01-03T07:17:00+00:00,t110_17,treatment,conversion,0
2026-01-03T07:17:00+00:00,t110_17,treatment,error_rate,0
2026-01-03T07:18:00+00:00,t110_18,treatment,conversion,0
2026-01-03T07:18:00+00:00,t110_18,treatment,error_rate,0
2026-01-03T07:19:00+00:00,t110_19,treatment,conversion,0
2026-01-03T07:19:00+00:00,t110_19,treatment,error_rate,0
2026-01-03T07:20:00+00:00,t110_20,treatment,conversion,0
2026-01-03T07:20:00+00:00,t110_20,treatment,error_rate,0
2026-01-03T07:21:00+00:00,t110_21,treatment,conversion,0
2026-01-03T07:21:00+00:00,t110_21,treatment,error_rate,0
2026-01-03T07:22:00+00:00,t110_22,treatment,conversion,0
2026-01-03T07:22:00+00:00,t110_22,treatment,error_rate,0
2026-01-03T07:23:00+00:00,t110_23,treatment,conversion,0
2026-01-03T07:23:00+00:00,t110_23,treatment,error_rate,1
2026-01-03T07:24:00+00:00,t110_24,treatment,conversion,0
2026-01-03T07:24:00+00:00,t110_24,treatment,error_rate,0
2026-01-03T07:25:00+00:00,t110_25,treatment,conversion,0
2026-01-03T07:25:00+00:00,t110_25,treatment,error_rate,0
2026-01-03T07:26:00+00:00,t110_26,treatment,conversion,0
2026-01-03T07:26:00+00:00,t110_26,treatment,error_rate,0
2026-01-03T07:27:00+00:00,t110_27,treatment,conversion,0
2026-01-03T07:27:00+00:00,t110_27,treatment,error_rate,0
2026-01-03T07:28:00+00:00,t110_28,treatment,conversion,0
2026-01-03T07:28:00+00:00,t110_28,treatment,error_rate,0
2026-01-03T07:29:00+00:00,t110_29,treatment,conversion,0
2026-01-03T07:29:00+00:00,t110_29,treatment,error_rate,0
2026-01-03T07:30:00+00:00,c111_0,control,conversion,0
2026-01-03T07:30:00+00:00,c111_0,control,error_rate,0
2026-01-03T07:31:00+00:00,c111_1,control,conversion,0
2026-01-03T07:31:00+00:00,c111_1,control,error_rate,1
2026-01-03T07:32:00+00:00,c111_2,control,conversion,0
2026-01-03T07:32:00+00:00,c111_2,control,error_rate,0
2026-01-03T07:33:00+00:00,c111_3,control,conversion,0
2026-01-03T07:33:00+00:00,c111_3,control,error_rate,0
2026-01-03T07:34:00+00:00,c111_4,control,conversion,1
2026-01-03T07:34:00+00:00,c111_4,control,error_rate,0
2026-01-03T07:35:00+00:00,c111_5,control,conversion,0
2026-01-03T07:35:00+00:00,c111_5,control,error_rate,0
2026-01-03T07:36:00+00:00,c111_6,control,conversion,0
2026-01-03T07:36:00+00:00,c111_6,control,error_rate,0
2026-01-03T07:37:00+00:00,c111_7,control,conversion,0
2026-01-03T07:37:00+00:00,c111_7,control,error_rate,0
2026-01-03T07:38:00+00:00,c111_8,control,conversion,0
2026-01-03T07:38:00+00:00,c111_8,control,error_rate,0
2026-01-03T07:39:00+00:00,c111_9,control,conversion,0
2026-01-03T07:39:00+00:00,c111_9,control,error_rate,0
2026-01-03T07:40:00+00:00,c111_10,control,conversion,0
2026-01-03T07:40:00+00:00,c111_10,control,error_rate,0
2026-01-03T07:41:00+00:00,c111_11,control,conversion,0
2026-01-03T07:41:00+00:00,c111_11,control,error_rate,0
2026-01-03T07:42:00+00:00,c111_12,control,conversion,0
2026-01-03T07:42:00+00:00,c111_12,control,error_rate,0
2026-01-03T07:43:00+00:00,c111_13,control,conversion,0
2026-01-03T07:43:00+00:00,c111_13,control,error_rate,0
2026-01-03T07:44:00+00:00,c111_14,control,conversion,1
2026-01-03T07:44:00+00:00,c111_14,control,error_rate,0
2026-01-03T07:45:00+00:00,c111_15,control,conversion,0
2026-01-03T07:45:00+00:00,c111_15,control,error_rate,0
2026-01-03T07:46:00+00:00,c111_16,control,conversion,1
2026-01-03T07:46:00+00:00,c111_16,control,error_rate,1
2026-01-03T07:47:00+00:00,c111_17,control,conversion,0
2026-01-03T07:47:00+00:00,c111_17,control,error_rate,0
2026-01-03T07:48:00+00:00,c111_18,control,conversion,0
2026-01-03T07:48:00+00:00,c111_18,control,error_rate,0
2026-01-03T07:49:00+00:00,c111_19,control,conversion,0
2026-01-03T07:49:00+00:00,c111_19,control,error_rate,0
2026-01-03T07:50:00+00:00,c111_20,control,conversion,0
2026-01-03T07:50:00+00:00,c111_20,control,error_rate,0
2026-01-03T07:51:00+00:00,c111_21,control,conversion,0
2026-01-03T07:51:00+00:00,c111_21,control,error_rate,0
2026-01-03T07:52:00+00:00,c111_22,control,conversion,0
2026-01-03T07:52:00+00:00,c111_22,control,error_rate,0
2026-01-03T07:53:00+00:00,c111_23,control,conversion,0
2026-01-03T07:53:00+00:00,c111_23,control,error_rate,0
2026-01-03T07:54:00+00:00,c111_24,control,conversion,0
2026-01-03T07:54:00+00:00,c111_24,control,error_rate,0
2026-01-03T07:55:00+00:00,c111_25,control,conversion,0
2026-01-03T07:55:00+00:00,c111_25,control,error_rate,0
2026-01-03T07:56:00+00:00,c111_26,control,conversion,0
2026-01-03T07:56:00+00:00,c111_26,control,error_rate,0
2026-01-03T07:57:00+00:00,c111_27,control,conversion,0
2026-01-03T07:57:00+00:00,c111_27,control,error_rate,0
2026-01-03T07:58:00+00:00,c111_28,control,conversion,0
2026-01-03T07:58:00+00:00,c111_28,control,error_rate,0
2026-01-03T07:59:00+00:00,c111_29,control,conversion,0
2026-01-03T07:59:00+00:00,c111_29,control,error_rate,0
2026-01-03T07:30:00+00:00,t111_0,treatment,conversion,0
2026-01-03T07:30:00+00:00,t111_0,treatment,error_rate,0
2026-01-03T07:31:00+00:00,t111_1,treatment,conversion,0
2026-01-03T07:31:00+00:00,t111_1,treatment,error_rate,0
2026-01-03T07:32:00+00:00,t111_2,treatment,conversion,0
2026-01-03T07:32:00+00:00,t111_2,treatment,error_rate,0
2026-01-03T07:33:00+00:00,t111_3,treatment,conversion,0
2026-01-03T07:33:00+00:00,t111_3,treatment,error_rate,0
2026-01-03T07:34:00+00:00,t111_4,treatment,conversion,0
2026-01-03T07:34:00+00:00,t111_4,treatment,error_rate,1
2026-01-03T07:35:00+00:00,t111_5,treatment,conversion,0
2026-01-03T07:35:00+00:00,t111_5,treatment,error_rate,0
2026-01-03T07:36:00+00:00,t111_6,treatment,conversion,0
2026-01-03T07:36:00+00:00,t111_6,treatment,error_rate,0
2026-01-03T07:37:00+00:00,t111_7,treatment,conversion,0
2026-01-03T07:37:00+00:00,t111_7,treatment,error_rate,0
2026-01-03T07:38:00+00:00,t111_8,treatment,conversion,0
2026-01-03T07:38:00+00:00,t111_8,treatment,error_rate,0
2026-01-03T07:39:00+00:00,t111_9,treatment,conversion,0
2026-01-03T07:39:00+00:00,t111_9,treatment,error_rate,0
2026-01-03T07:40:00+00:00,t111_10,treatment,conversion,0
2026-01-03T07:40:00+00:00,t111_10,treatment,error_rate,0
2026-01-03T07:41:00+00:00,t111_11,treatment,conversion,0
2026-01-03T07:41:00+00:00,t111_11,treatment,error_rate,0
2026-01-03T07:42:00+00:00,t111_12,treatment,conversion,0
2026-01-03T07:42:00+00:00,t111_12,treatment,error_rate,0
2026-01-03T07:43:00+00:00,t111_13,treatment,conversion,0
2026-01-03T07:43:00+00:00,t111_13,treatment,error_rate,0
2026-01-03T07:44:00+00:00,t111_14,treatment,conversion,0
2026-01-03T07:44:00+00:00,t111_14,treatment,error_rate,1
2026-01-03T07:45:00+00:00,t111_15,treatment,conversion,0
2026-01-03T07:45:00+00:00,t111_15,treatment,error_rate,0
2026-01-03T07:46:00+00:00,t111_16,treatment,conversion,1
2026-01-03T07:46:00+00:00,t111_16,treatment,error_rate,0
2026-01-03T07:47:00+00:00,t111_17,treatment,conversion,0
2026-01-03T07:47:00+00:00,t111_17,treatment,error_rate,0
2026-01-03T07:48:00+00:00,t111_18,treatment,conversion,0
2026-01-03T07:48:00+00:00,t111_18,treatment,error_rate,0
2026-01-03T07:49:00+00:00,t111_19,treatment,conversion,1
2026-01-03T07:49:00+00:00,t111_19,treatment,error_rate,0
2026-01-03T07:50:00+00:00,t111_20,treatment,conversion,0
2026-01-03T07:50:00+00:00,t111_20,treatment,error_rate,0
2026-01-03T07:51:00+00:00,t111_21,treatment,conversion,0
2026-01-03T07:51:00+00:00,t111_21,treatment,error_rate,0
2026-01-03T07:52:00+00:00,t111_22,treatment,conversion,1
2026-01-03T07:52:00+00:00,t111_22,treatment,error_rate,0
2026-01-03T07:53:00+00:00,t111_23,treatment,conversion,0
2026-01-03T07:53:00+00:00,t111_23,treatment,error_rate,0
2026-01-03T07:54:00+00:00,t111_24,treatment,conversion,1
2026-01-03T07:54:00+00:00,t111_24,treatment,error_rate,0
2026-01-03T07:55:00+00:00,t111_25,treatment,conversion,0
2026-01-03T07:55:00+00:00,t111_25,treatment,error_rate,0
2026-01-03T07:56:00+00:00,t111_26,treatment,conversion,0
2026-01-03T07:56:00+00:00,t111_26,treatment,error_rate,0
2026-01-03T07:57:00+00:00,t111_27,treatment,conversion,0
2026-01-03T07:57:00+00:00,t111_27,treatment,error_rate,1
2026-01-03T07:58:00+00:00,t111_28,treatment,conversion,1
2026-01-03T07:58:00+00:00,t111_28,treatment,error_rate,0
2026-01-03T07:59:00+00:00,t111_29,treatment,conversion,0
2026-01-03T07:59:00+00:00,t111_29,treatment,error_rate,0
2026-01-03T08:00:00+00:00,c112_0,control,conversion,0
2026-01-03T08:00:00+00:00,c112_0,control,error_rate,1
2026-01-03T08:01:00+00:00,c112_1,control,conversion,0
2026-01-03T08:01:00+00:00,c112_1,control,error_rate,0
2026-01-03T08:02:00+00:00,c112_2,control,conversion,0
2026-01-03T08:02:00+00:00,c112_2,control,error_rate,0
2026-01-03T08:03:00+00:00,c112_3,control,conversion,1
2026-01-03T08:03:00+00:00,c112_3,control,error_rate,0
2026-01-03T08:04:00+00:00,c112_4,control,conversion,0
2026-01-03T08:04:00+00:00,c112_4,control,error_rate,0
2026-01-03T08:05:00+00:00,c112_5,control,conversion,0
2026-01-03T08:05:00+00:00,c112_5,control,error_rate,0
2026-01-03T08:06:00+00:00,c112_6,control,conversion,0
2026-01-03T08:06:00+00:00,c112_6,control,error_rate,0
2026-01-03T08:07:00+00:00,c112_7,control,conversion,0
2026-01-03T08:07:00+00:00,c112_7,control,error_rate,0
2026-01-03T08:08:00+00:00,c112_8,control,conversion,0
2026-01-03T08:08:00+00:00,c112_8,control,error_rate,0
2026-01-03T08:09:00+00:00,c112_9,control,conversion,0
2026-01-03T08:09:00+00:00,c112_9,control,error_rate,0
2026-01-03T08:10:00+00:00,c112_10,control,conversion,0
2026-01-03T08:10:00+00:00,c112_10,control,error_rate,0
2026-01-03T08:11:00+00:00,c112_11,control,conversion,0
2026-01-03T08:11:00+00:00,c112_11,control,error_rate,0
2026-01-03T08:12:00+00:00,c112_12,control,conversion,0
2026-01-03T08:12:00+00:00,c112_12,control,error_rate,0
2026-01-03T08:13:00+00:00,c112_13,control,conversion,0
2026-01-03T08:13:00+00:00,c112_13,control,error_rate,0
2026-01-03T08:14:00+00:00,c112_14,control,conversion,0
2026-01-03T08:14:00+00:00,c112_14,control,error_rate,0
2026-01-03T08:15:00+00:00,c112_15,control,conversion,0
2026-01-03T08:15:00+00:00,c112_15,control,error_rate,0
2026-01-03T08:16:00+00:00,c112_16,control,conversion,0
2026-01-03T08:16:00+00:00,c112_16,control,error_rate,0
2026-01-03T08:17:00+00:00,c112_17,control,conversion,1
2026-01-03T08:17:00+00:00,c112_17,control,error_rate,0
2026-01-03T08:18:00+00:00,c112_18,control,conversion,0
2026-01-03T08:18:00+00:00,c112_18,control,error_rate,1
2026-01-03T08:19:00+00:00,c112_19,control,conversion,0
2026-01-03T08:19:00+00:00,c112_19,control,error_rate,0
2026-01-03T08:20:00+00:00,c112_20,control,conversion,0
2026-01-03T08:20:00+00:00,c112_20,control,error_rate,0
2026-01-03T08:21:00+00:00,c112_21,control,conversion,1
2026-01-03T08:21:00+00:00,c112_21,control,error_rate,0
2026-01-03T08:22:00+00:00,c112_22,control,conversion,0
2026-01-03T08:22:00+00:00,c112_22,control,error_rate,0
2026-01-03T08:23:00+00:00,c112_23,control,conversion,0
2026-01-03T08:23:00+00:00,c112_23,control,error_rate,1
2026-01-03T08:24:00+00:00,c112_24,control,conversion,0
2026-01-03T08:24:00+00:00,c112_24,control,error_rate,0
2026-01-03T08:25:00+00:00,c112_25,control,conversion,0
2026-01-03T08:25:00+00:00,c112_25,control,error_rate,0
2026-01-03T08:26:00+00:00,c112_26,control,conversion,0
2026-01-03T08:26:00+00:00,c112_26,control,error_rate,0
2026-01-03T08:27:00+00:00,c112_27,control,conversion,1
2026-01-03T08:27:00+00:00,c112_27,control,error_rate,0
2026-01-03T08:28:00+00:00,c112_28,control,conversion,0
2026-01-03T08:28:00+00:00,c112_28,control,error_rate,0
2026-01-03T08:29:00+00:00,c112_29,control,conversion,0
2026-01-03T08:29:00+00:00,c112_29,control,error_rate,0
2026-01-03T08:00:00+00:00,t112_0,treatment,conversion,0
2026-01-03T08:00:00+00:00,t112_0,treatment,error_rate,0
2026-01-03T08:01:00+00:00,t112_1,treatment,conversion,0
2026-01-03T08:01:00+00:00,t112_1,treatment,error_rate,0
2026-01-03T08:02:00+00:00,t112_2,treatment,conversion,0
2026-01-03T08:02:00+00:00,t112_2,treatment,error_rate,0
2026-01-03T08:03:00+00:00,t112_3,treatment,conversion,0
2026-01-03T08:03:00+00:00,t112_3,treatment,error_rate,0
2026-01-03T08:04:00+00:00,t112_4,treatment,conversion,0
2026-01-03T08:04:00+00:00,t112_4,treatment,error_rate,0
2026-01-03T08:05:00+00:00,t112_5,treatment,conversion,0
2026-01-03T08:05:00+00:00,t112_5,treatment,error_rate,0
2026-01-03T08:06:00+00:00,t112_6,treatment,conversion,0
2026-01-03T08:06:00+00:00,t112_6,treatment,error_rate,0
2026-01-03T08:07:00+00:00,t112_7,treatment,conversion,0
2026-01-03T08:07:00+00:00,t112_7,treatment,error_rate,0
2026-01-03T08:08:00+00:00,t112_8,treatment,conversion,0
2026-01-03T08:08:00+00:00,t112_8,treatment,error_rate,0
2026-01-03T08:09:00+00:00,t112_9,treatment,conversion,0
2026-01-03T08:09:00+00:00,t112_9,treatment,error_rate,1
2026-01-03T08:10:00+00:00,t112_10,treatment,conversion,0
2026-01-03T08:10:00+00:00,t112_10,treatment,error_rate,0
2026-01-03T08:11:00+00:00,t112_11,treatment,conversion,0
2026-01-03T08:11:00+00:00,t112_11,treatment,error_rate,0
2026-01-03T08:12:00+00:00,t112_12,treatment,conversion,0
2026-01-03T08:12:00+00:00,t112_12,treatment,error_rate,0
2026-01-03T08:13:00+00:00,t112_13,treatment,conversion,0
2026-01-03T08:13:00+00:00,t112_13,treatment,error_rate,0
2026-01-03T08:14:00+00:00,t112_14,treatment,conversion,1
2026-01-03T08:14:00+00:00,t112_14,treatment,error_rate,0
2026-01-03T08:15:00+00:00,t112_15,treatment,conversion,1
2026-01-03T08:15:00+00:00,t112_15,treatment,error_rate,0
2026-01-03T08:16:00+00:00,t112_16,treatment,conversion,0
2026-01-03T08:16:00+00:00,t112_16,treatment,error_rate,0
2026-01-03T08:17:00+00:00,t112_17,treatment,conversion,0
2026-01-03T08:17:00+00:00,t112_17,treatment,error_rate,0
2026-01-03T08:18:00+00:00,t112_18,treatment,conversion,0
2026-01-03T08:18:00+00:00,t112_18,treatment,error_rate,0
2026-01-03T08:19:00+00:00,t112_19,treatment,conversion,0
2026-01-03T08:19:00+00:00,t112_19,treatment,error_rate,0
2026-01-03T08:20:00+00:00,t112_20,treatment,conversion,0
2026-01-03T08:20:00+00:00,t112_20,treatment,error_rate,0
2026-01-03T08:21:00+00:00,t112_21,treatment,conversion,0
2026-01-03T08:21:00+00:00,t112_21,treatment,error_rate,0
2026-01-03T08:22:00+00:00,t112_22,treatment,conversion,0
2026-01-03T08:22:00+00:00,t112_22,treatment,error_rate,0
2026-01-03T08:23:00+00:00,t112_23,treatment,conversion,0
2026-01-03T08:23:00+00:00,t112_23,treatment,error_rate,0
2026-01-03T08:24:00+00:00,t112_24,treatment,conversion,0
2026-01-03T08:24:00+00:00,t112_24,treatment,error_rate,0
2026-01-03T08:25:00+00:00,t112_25,treatment,conversion,0
2026-01-03T08:25:00+00:00,t112_25,treatment,error_rate,0
2026-01-03T08:26:00+00:00,t112_26,treatment,conversion,0
2026-01-03T08:26:00+00:00,t112_26,treatment,error_rate,0
2026-01-03T08:27:00+00:00,t112_27,treatment,conversion,0
2026-01-03T08:27:00+00:00,t112_27,treatment,error_rate,0
2026-01-03T08:28:00+00:00,t112_28,treatment,conversion,0
2026-01-03T08:28:00+00:00,t112_28,treatment,error_rate,0
2026-01-03T08:29:00+00:00,t112_29,treatment,conversion,0
2026-01-03T08:29:00+00:00,t112_29,treatment,error_rate,0
2026-01-03T08:30:00+00:00,c113_0,control,conversion,0
2026-01-03T08:30:00+00:00,c113_0,control,error_rate,0
2026-01-03T08:31:00+00:00,c113_1,control,conversion,0
2026-01-03T08:31:00+00:00,c113_1,control,error_rate,1
2026-01-03T08:32:00+00:00,c113_2,control,conversion,1
2026-01-03T08:32:00+00:00,c113_2,control,error_rate,0
2026-01-03T08:33:00+00:00,c113_3,control,conversion,0
2026-01-03T08:33:00+00:00,c113_3,control,error_rate,0
2026-01-03T08:34:00+00:00,c113_4,control,conversion,1
2026-01-03T08:34:00+00:00,c113_4,control,error_rate,1
2026-01-03T08:35:00+00:00,c113_5,control,conversion,0
2026-01-03T08:35:00+00:00,c113_5,control,error_rate,0
2026-01-03T08:36:00+00:00,c113_6,control,conversion,0
2026-01-03T08:36:00+00:00,c113_6,control,error_rate,0
2026-01-03T08:37:00+00:00,c113_7,control,conversion,0
2026-01-03T08:37:00+00:00,c113_7,control,error_rate,0
2026-01-03T08:38:00+00:00,c113_8,control,conversion,1
2026-01-03T08:38:00+00:00,c113_8,control,error_rate,0
2026-01-03T08:39:00+00:00,c113_9,control,conversion,0
2026-01-03T08:39:00+00:00,c113_9,control,error_rate,0
2026-01-03T08:40:00+00:00,c113_10,control,conversion,0
2026-01-03T08:40:00+00:00,c113_10,control,error_rate,0
2026-01-03T08:41:00+00:00,c113_11,control,conversion,0
2026-01-03T08:41:00+00:00,c113_11,control,error_rate,0
2026-01-03T08:42:00+00:00,c113_12,control,conversion,0
2026-01-03T08:42:00+00:00,c113_12,control,error_rate,0
2026-01-03T08:43:00+00:00,c113_13,control,conversion,0
2026-01-03T08:43:00+00:00,c113_13,control,error_rate,0
2026-01-03T08:44:00+00:00,c113_14,control,conversion,0
2026-01-03T08:44:00+00:00,c113_14,control,error_rate,0
2026-01-03T08:45:00+00:00,c113_15,control,conversion,0
2026-01-03T08:45:00+00:00,c113_15,control,error_rate,0
2026-01-03T08:46:00+00:00,c113_16,control,conversion,1
2026-01-03T08:46:00+00:00,c113_16,control,error_rate,0
2026-01-03T08:47:00+00:00,c113_17,control,conversion,1
2026-01-03T08:47:00+00:00,c113_17,control,error_rate,0
2026-01-03T08:48:00+00:00,c113_18,control,conversion,0
2026-01-03T08:48:00+00:00,c113_18,control,error_rate,0
2026-01-03T08:49:00+00:00,c113_19,control,conversion,0
2026-01-03T08:49:00+00:00,c113_19,control,error_rate,0
2026-01-03T08:50:00+00:00,c113_20,control,conversion,0
2026-01-03T08:50:00+00:00,c113_20,control,error_rate,0
2026-01-03T08:51:00+00:00,c113_21,control,conversion,0
2026-01-03T08:51:00+00:00,c113_21,control,error_rate,0
2026-01-03T08:52:00+00:00,c113_22,control,conversion,0
2026-01-03T08:52:00+00:00,c113_22,control,error_rate,0
2026-01-03T08:53:00+00:00,c113_23,control,conversion,0
2026-01-03T08:53:00+00:00,c113_23,control,error_rate,0
2026-01-03T08:54:00+00:00,c113_24,control,conversion,0
2026-01-03T08:54:00+00:00,c113_24,control,error_rate,0
2026-01-03T08:55:00+00:00,c113_25,control,conversion,0
2026-01-03T08:55:00+00:00,c113_25,control,error_rate,0
2026-01-03T08:56:00+00:00,c113_26,control,conversion,0
2026-01-03T08:56:00+00:00,c113_26,control,error_rate,0
2026-01-03T08:57:00+00:00,c113_27,control,conversion,0
2026-01-03T08:57:00+00:00,c113_27,control,error_rate,0
2026-01-03T08:58:00+00:00,c113_28,control,conversion,0
2026-01-03T08:58:00+00:00,c113_28,control,error_rate,0
2026-01-03T08:59:00+00:00,c113_29,control,conversion,0
2026-01-03T08:59:00+00:00,c113_29,control,error_rate,0
2026-01-03T08:30:00+00:00,t113_0,treatment,conversion,1
2026-01-03T08:30:00+00:00,t113_0,treatment,error_rate,0
2026-01-03T08:31:00+00:00,t113_1,treatment,conversion,0
2026-01-03T08:31:00+00:00,t113_1,treatment,error_rate,0
2026-01-03T08:32:00+00:00,t113_2,treatment,conversion,1
2026-01-03T08:32:00+00:00,t113_2,treatment,error_rate,0
2026-01-03T08:33:00+00:00,t113_3,treatment,conversion,0
2026-01-03T08:33:00+00:00,t113_3,treatment,error_rate,0
2026-01-03T08:34:00+00:00,t113_4,treatment,conversion,0
2026-01-03T08:34:00+00:00,t113_4,treatment,error_rate,0
2026-01-03T08:35:00+00:00,t113_5,treatment,conversion,0
2026-01-03T08:35:00+00:00,t113_5,treatment,error_rate,0
2026-01-03T08:36:00+00:00,t113_6,treatment,conversion,0
2026-01-03T08:36:00+00:00,t113_6,treatment,error_rate,0
2026-01-03T08:37:00+00:00,t113_7,treatment,conversion,0
2026-01-03T08:37:00+00:00,t113_7,treatment,error_rate,0
2026-01-03T08:38:00+00:00,t113_8,treatment,conversion,1
2026-01-03T08:38:00+00:00,t113_8,treatment,error_rate,1
2026-01-03T08:39:00+00:00,t113_9,treatment,conversion,0
2026-01-03T08:39:00+00:00,t113_9,treatment,error_rate,0
2026-01-03T08:40:00+00:00,t113_10,treatment,conversion,0
2026-01-03T08:40:00+00:00,t113_10,treatment,error_rate,0
2026-01-03T08:41:00+00:00,t113_11,treatment,conversion,0
2026-01-03T08:41:00+00:00,t113_11,treatment,error_rate,0
2026-01-03T08:42:00+00:00,t113_12,treatment,conversion,0
2026-01-03T08:42:00+00:00,t113_12,treatment,error_rate,0
2026-01-03T08:43:00+00:00,t113_13,treatment,conversion,0
2026-01-03T08:43:00+00:00,t113_13,treatment,error_rate,1
2026-01-03T08:44:00+00:00,t113_14,treatment,conversion,0
2026-01-03T08:44:00+00:00,t113_14,treatment,error_rate,0
2026-01-03T08:45:00+00:00,t113_15,treatment,conversion,0
2026-01-03T08:45:00+00:00,t113_15,treatment,error_rate,0
2026-01-03T08:46:00+00:00,t113_16,treatment,conversion,0
2026-01-03T08:46:00+00:00,t113_16,treatment,error_rate,0
2026-01-03T08:47:00+00:00,t113_17,treatment,conversion,0
2026-01-03T08:47:00+00:00,t113_17,treatment,error_rate,1
2026-01-03T08:48:00+00:00,t113_18,treatment,conversion,0
2026-01-03T08:48:00+00:00,t113_18,treatment,error_rate,1
2026-01-03T08:49:00+00:00,t113_19,treatment,conversion,1
2026-01-03T08:49:00+00:00,t113_19,treatment,error_rate,1
2026-01-03T08:50:00+00:00,t113_20,treatment,conversion,0
2026-01-03T08:50:00+00:00,t113_20,treatment,error_rate,0
2026-01-03T08:51:00+00:00,t113_21,treatment,conversion,0
2026-01-03T08:51:00+00:00,t113_21,treatment,error_rate,0
2026-01-03T08:52:00+00:00,t113_22,treatment,conversion,0
2026-01-03T08:52:00+00:00,t113_22,treatment,error_rate,0
2026-01-03T08:53:00+00:00,t113_23,treatment,conversion,1
2026-01-03T08:53:00+00:00,t113_23,treatment,error_rate,0
2026-01-03T08:54:00+00:00,t113_24,treatment,conversion,0
2026-01-03T08:54:00+00:00,t113_24,treatment,error_rate,0
2026-01-03T08:55:00+00:00,t113_25,treatment,conversion,0
2026-01-03T08:55:00+00:00,t113_25,treatment,error_rate,0
2026-01-03T08:56:00+00:00,t113_26,treatment,conversion,0
2026-01-03T08:56:00+00:00,t113_26,treatment,error_rate,0
2026-01-03T08:57:00+00:00,t113_27,treatment,conversion,1
2026-01-03T08:57:00+00:00,t113_27,treatment,error_rate,1
2026-01-03T08:58:00+00:00,t113_28,treatment,conversion,0
2026-01-03T08:58:00+00:00,t113_28,treatment,error_rate,0
2026-01-03T08:59:00+00:00,t113_29,treatment,conversion,0
2026-01-03T08:59:00+00:00,t113_29,treatment,error_rate,0
2026-01-03T09:00:00+00:00,c114_0,control,conversion,0
2026-01-03T09:00:00+00:00,c114_0,control,error_rate,0
2026-01-03T09:01:00+00:00,c114_1,control,conversion,0
2026-01-03T09:01:00+00:00,c114_1,control,error_rate,0
2026-01-03T09:02:00+00:00,c114_2,control,conversion,0
2026-01-03T09:02:00+00:00,c114_2,control,error_rate,0
2026-01-03T09:03:00+00:00,c114_3,control,conversion,0
2026-01-03T09:03:00+00:00,c114_3,control,error_rate,0
2026-01-03T09:04:00+00:00,c114_4,control,conversion,0
2026-01-03T09:04:00+00:00,c114_4,control,error_rate,0
2026-01-03T09:05:00+00:00,c114_5,control,conversion,0
2026-01-03T09:05:00+00:00,c114_5,control,error_rate,0
2026-01-03T09:06:00+00:00,c114_6,control,conversion,0
2026-01-03T09:06:00+00:00,c114_6,control,error_rate,0
2026-01-03T09:07:00+00:00,c114_7,control,conversion,0
2026-01-03T09:07:00+00:00,c114_7,control,error_rate,0
2026-01-03T09:08:00+00:00,c114_8,control,conversion,0
2026-01-03T09:08:00+00:00,c114_8,control,error_rate,0
2026-01-03T09:09:00+00:00,c114_9,control,conversion,0
2026-01-03T09:09:00+00:00,c114_9,control,error_rate,0
2026-01-03T09:10:00+00:00,c114_10,control,conversion,0
2026-01-03T09:10:00+00:00,c114_10,control,error_rate,0
2026-01-03T09:11:00+00:00,c114_11,control,conversion,0
2026-01-03T09:11:00+00:00,c114_11,control,error_rate,0
2026-01-03T09:12:00+00:00,c114_12,control,conversion,1
2026-01-03T09:12:00+00:00,c114_12,control,error_rate,0
2026-01-03T09:13:00+00:00,c114_13,control,conversion,0
2026-01-03T09:13:00+00:00,c114_13,control,error_rate,0
2026-01-03T09:14:00+00:00,c114_14,control,conversion,0
2026-01-03T09:14:00+00:00,c114_14,control,error_rate,0
2026-01-03T09:15:00+00:00,c114_15,control,conversion,1
2026-01-03T09:15:00+00:00,c114_15,control,error_rate,0
2026-01-03T09:16:00+00:00,c114_16,control,conversion,0
2026-01-03T09:16:00+00:00,c114_16,control,error_rate,0
2026-01-03T09:17:00+00:00,c114_17,control,conversion,0
2026-01-03T09:17:00+00:00,c114_17,control,error_rate,0
2026-01-03T09:18:00+00:00,c114_18,control,conversion,0
2026-01-03T09:18:00+00:00,c114_18,control,error_rate,0
2026-01-03T09:19:00+00:00,c114_19,control,conversion,0
2026-01-03T09:19:00+00:00,c114_19,control,error_rate,0
2026-01-03T09:20:00+00:00,c114_20,control,conversion,0
2026-01-03T09:20:00+00:00,c114_20,control,error_rate,0
2026-01-03T09:21:00+00:00,c114_21,control,conversion,1
2026-01-03T09:21:00+00:00,c114_21,control,error_rate,0
2026-01-03T09:22:00+00:00,c114_22,control,conversion,0
2026-01-03T09:22:00+00:00,c114_22,control,error_rate,0
2026-01-03T09:23:00+00:00,c114_23,control,conversion,0
2026-01-03T09:23:00+00:00,c114_23,control,error_rate,0
2026-01-03T09:24:00+00:00,c114_24,control,conversion,0
2026-01-03T09:24:00+00:00,c114_24,control,error_rate,0
2026-01-03T09:25:00+00:00,c114_25,control,conversion,0
2026-01-03T09:25:00+00:00,c114_25,control,error_rate,0
2026-01-03T09:26:00+00:00,c114_26,control,conversion,0
2026-01-03T09:26:00+00:00,c114_26,control,error_rate,0
2026-01-03T09:27:00+00:00,c114_27,control,conversion,0
2026-01-03T09:27:00+00:00,c114_27,control,error_rate,0
2026-01-03T09:28:00+00:00,c114_28,control,conversion,0
2026-01-03T09:28:00+00:00,c114_28,control,error_rate,0
2026-01-03T09:29:00+00:00,c114_29,control,conversion,0
2026-01-03T09:29:00+00:00,c114_29,control,error_rate,0
2026-01-03T09:00:00+00:00,t114_0,treatment,conversion,1
2026-01-03T09:00:00+00:00,t114_0,treatment,error_rate,0
2026-01-03T09:01:00+00:00,t114_1,treatment,conversion,1
2026-01-03T09:01:00+00:00,t114_1,treatment,error_rate,0
2026-01-03T09:02:00+00:00,t114_2,treatment,conversion,0
2026-01-03T09:02:00+00:00,t114_2,treatment,error_rate,0
2026-01-03T09:03:00+00:00,t114_3,treatment,conversion,0
2026-01-03T09:03:00+00:00,t114_3,treatment,error_rate,0
2026-01-03T09:04:00+00:00,t114_4,treatment,conversion,0
2026-01-03T09:04:00+00:00,t114_4,treatment,error_rate,0
2026-01-03T09:05:00+00:00,t114_5,treatment,conversion,0
2026-01-03T09:05:00+00:00,t114_5,treatment,error_rate,0
2026-01-03T09:06:00+00:00,t114_6,treatment,conversion,0
2026-01-03T09:06:00+00:00,t114_6,treatment,error_rate,0
2026-01-03T09:07:00+00:00,t114_7,treatment,conversion,0
2026-01-03T09:07:00+00:00,t114_7,treatment,error_rate,0
2026-01-03T09:08:00+00:00,t114_8,treatment,conversion,0
2026-01-03T09:08:00+00:00,t114_8,treatment,error_rate,0
2026-01-03T09:09:00+00:00,t114_9,treatment,conversion,0
2026-01-03T09:09:00+00:00,t114_9,treatment,error_rate,0
2026-01-03T09:10:00+00:00,t114_10,treatment,conversion,0
2026-01-03T09:10:00+00:00,t114_10,treatment,error_rate,0
2026-01-03T09:11:00+00:00,t114_11,treatment,conversion,0
2026-01-03T09:11:00+00:00,t114_11,treatment,error_rate,0
2026-01-03T09:12:00+00:00,t114_12,treatment,conversion,1
2026-01-03T09:12:00+00:00,t114_12,treatment,error_rate,0
2026-01-03T09:13:00+00:00,t114_13,treatment,conversion,0
2026-01-03T09:13:00+00:00,t114_13,treatment,error_rate,0
2026-01-03T09:14:00+00:00,t114_14,treatment,conversion,0
2026-01-03T09:14:00+00:00,t114_14,treatment,error_rate,0
2026-01-03T09:15:00+00:00,t114_15,treatment,conversion,0
2026-01-03T09:15:00+00:00,t114_15,treatment,error_rate,0
2026-01-03T09:16:00+00:00,t114_16,treatment,conversion,0
2026-01-03T09:16:00+00:00,t114_16,treatment,error_rate,1
2026-01-03T09:17:00+00:00,t114_17,treatment,conversion,0
2026-01-03T09:17:00+00:00,t114_17,treatment,error_rate,0
2026-01-03T09:18:00+00:00,t114_18,treatment,conversion,0
2026-01-03T09:18:00+00:00,t114_18,treatment,error_rate,0
2026-01-03T09:19:00+00:00,t114_19,treatment,conversion,1
2026-01-03T09:19:00+00:00,t114_19,treatment,error_rate,0
2026-01-03T09:20:00+00:00,t114_20,treatment,conversion,0
2026-01-03T09:20:00+00:00,t114_20,treatment,error_rate,0
2026-01-03T09:21:00+00:00,t114_21,treatment,conversion,0
2026-01-03T09:21:00+00:00,t114_21,treatment,error_rate,0
2026-01-03T09:22:00+00:00,t114_22,treatment,conversion,1
2026-01-03T09:22:00+00:00,t114_22,treatment,error_rate,0
2026-01-03T09:23:00+00:00,t114_23,treatment,conversion,0
2026-01-03T09:23:00+00:00,t114_23,treatment,error_rate,0
2026-01-03T09:24:00+00:00,t114_24,treatment,conversion,0
2026-01-03T09:24:00+00:00,t114_24,treatment,error_rate,0
2026-01-03T09:25:00+00:00,t114_25,treatment,conversion,0
2026-01-03T09:25:00+00:00,t114_25,treatment,error_rate,0
2026-01-03T09:26:00+00:00,t114_26,treatment,conversion,0
2026-01-03T09:26:00+00:00,t114_26,treatment,error_rate,0
2026-01-03T09:27:00+00:00,t114_27,treatment,conversion,1
2026-01-03T09:27:00+00:00,t114_27,treatment,error_rate,0
2026-01-03T09:28:00+00:00,t114_28,treatment,conversion,0
2026-01-03T09:28:00+00:00,t114_28,treatment,error_rate,1
2026-01-03T09:29:00+00:00,t114_29,treatment,conversion,0
2026-01-03T09:29:00+00:00,t114_29,treatment,error_rate,0
2026-01-03T09:30:00+00:00,c115_0,control,conversion,0
2026-01-03T09:30:00+00:00,c115_0,control,error_rate,0
2026-01-03T09:31:00+00:00,c115_1,control,conversion,1
2026-01-03T09:31:00+00:00,c115_1,control,error_rate,0
2026-01-03T09:32:00+00:00,c115_2,control,conversion,0
2026-01-03T09:32:00+00:00,c115_2,control,error_rate,0
2026-01-03T09:33:00+00:00,c115_3,control,conversion,0
2026-01-03T09:33:00+00:00,c115_3,control,error_rate,0
2026-01-03T09:34:00+00:00,c115_4,control,conversion,0
2026-01-03T09:34:00+00:00,c115_4,control,error_rate,0
2026-01-03T09:35:00+00:00,c115_5,control,conversion,0
2026-01-03T09:35:00+00:00,c115_5,control,error_rate,0
2026-01-03T09:36:00+00:00,c115_6,control,conversion,0
2026-01-03T09:36:00+00:00,c115_6,control,error_rate,0
2026-01-03T09:37:00+00:00,c115_7,control,conversion,0
2026-01-03T09:37:00+00:00,c115_7,control,error_rate,0
2026-01-03T09:38:00+00:00,c115_8,control,conversion,0
2026-01-03T09:38:00+00:00,c115_8,control,error_rate,0
2026-01-03T09:39:00+00:00,c115_9,control,conversion,0
2026-01-03T09:39:00+00:00,c115_9,control,error_rate,0
2026-01-03T09:40:00+00:00,c115_10,control,conversion,1
2026-01-03T09:40:00+00:00,c115_10,control,error_rate,1
2026-01-03T09:41:00+00:00,c115_11,control,conversion,0
2026-01-03T09:41:00+00:00,c115_11,control,error_rate,0
2026-01-03T09:42:00+00:00,c115_12,control,conversion,0
2026-01-03T09:42:00+00:00,c115_12,control,error_rate,0
2026-01-03T09:43:00+00:00,c115_13,control,conversion,0
2026-01-03T09:43:00+00:00,c115_13,control,error_rate,0
2026-01-03T09:44:00+00:00,c115_14,control,conversion,0
2026-01-03T09:44:00+00:00,c115_14,control,error_rate,0
2026-01-03T09:45:00+00:00,c115_15,control,conversion,1
2026-01-03T09:45:00+00:00,c115_15,control,error_rate,1
2026-01-03T09:46:00+00:00,c115_16,control,conversion,0
2026-01-03T09:46:00+00:00,c115_16,control,error_rate,0
2026-01-03T09:47:00+00:00,c115_17,control,conversion,0
2026-01-03T09:47:00+00:00,c115_17,control,error_rate,0
2026-01-03T09:48:00+00:00,c115_18,control,conversion,0
2026-01-03T09:48:00+00:00,c115_18,control,error_rate,0
2026-01-03T09:49:00+00:00,c115_19,control,conversion,1
2026-01-03T09:49:00+00:00,c115_19,control,error_rate,0
2026-01-03T09:50:00+00:00,c115_20,control,conversion,1
2026-01-03T09:50:00+00:00,c115_20,control,error_rate,0
2026-01-03T09:51:00+00:00,c115_21,control,conversion,0
2026-01-03T09:51:00+00:00,c115_21,control,error_rate,0
2026-01-03T09:52:00+00:00,c115_22,control,conversion,0
2026-01-03T09:52:00+00:00,c115_22,control,error_rate,0
2026-01-03T09:53:00+00:00,c115_23,control,conversion,0
2026-01-03T09:53:00+00:00,c115_23,control,error_rate,0
2026-01-03T09:54:00+00:00,c115_24,control,conversion,0
2026-01-03T09:54:00+00:00,c115_24,control,error_rate,0
2026-01-03T09:55:00+00:00,c115_25,control,conversion,1
2026-01-03T09:55:00+00:00,c115_25,control,error_rate,1
2026-01-03T09:56:00+00:00,c115_26,control,conversion,0
2026-01-03T09:56:00+00:00,c115_26,control,error_rate,0
2026-01-03T09:57:00+00:00,c115_27,control,conversion,0
2026-01-03T09:57:00+00:00,c115_27,control,error_rate,0
2026-01-03T09:58:00+00:00,c115_28,control,conversion,0
2026-01-03T09:58:00+00:00,c115_28,control,error_rate,0
2026-01-03T09:59:00+00:00,c115_29,control,conversion,0
2026-01-03T09:59:00+00:00,c115_29,control,error_rate,0
2026-01-03T09:30:00+00:00,t115_0,treatment,conversion,0
2026-01-03T09:30:00+00:00,t115_0,treatment,error_rate,0
2026-01-03T09:31:00+00:00,t115_1,treatment,conversion,0
2026-01-03T09:31:00+00:00,t115_1,treatment,error_rate,0
2026-01-03T09:32:00+00:00,t115_2,treatment,conversion,0
2026-01-03T09:32:00+00:00,t115_2,treatment,error_rate,0
2026-01-03T09:33:00+00:00,t115_3,treatment,conversion,0
2026-01-03T09:33:00+00:00,t115_3,treatment,error_rate,0
2026-01-03T09:34:00+00:00,t115_4,treatment,conversion,0
2026-01-03T09:34:00+00:00,t115_4,treatment,error_rate,0
2026-01-03T09:35:00+00:00,t115_5,treatment,conversion,0
2026-01-03T09:35:00+00:00,t115_5,treatment,error_rate,0
2026-01-03T09:36:00+00:00,t115_6,treatment,conversion,0
2026-01-03T09:36:00+00:00,t115_6,treatment,error_rate,0
2026-01-03T09:37:00+00:00,t115_7,treatment,conversion,0
2026-01-03T09:37:00+00:00,t115_7,treatment,error_rate,0
2026-01-03T09:38:00+00:00,t115_8,treatment,conversion,0
2026-01-03T09:38:00+00:00,t115_8,treatment,error_rate,0
2026-01-03T09:39:00+00:00,t115_9,treatment,conversion,1
2026-01-03T09:39:00+00:00,t115_9,treatment,error_rate,1
2026-01-03T09:40:00+00:00,t115_10,treatment,conversion,0
2026-01-03T09:40:00+00:00,t115_10,treatment,error_rate,0
2026-01-03T09:41:00+00:00,t115_11,treatment,conversion,0
2026-01-03T09:41:00+00:00,t115_11,treatment,error_rate,0
2026-01-03T09:42:00+00:00,t115_12,treatment,conversion,0
2026-01-03T09:42:00+00:00,t115_12,treatment,error_rate,0
2026-01-03T09:43:00+00:00,t115_13,treatment,conversion,0
2026-01-03T09:43:00+00:00,t115_13,treatment,error_rate,0
2026-01-03T09:44:00+00:00,t115_14,treatment,conversion,0
2026-01-03T09:44:00+00:00,t115_14,treatment,error_rate,1
2026-01-03T09:45:00+00:00,t115_15,treatment,conversion,1
2026-01-03T09:45:00+00:00,t115_15,treatment,error_rate,0
2026-01-03T09:46:00+00:00,t115_16,treatment,conversion,0
2026-01-03T09:46:00+00:00,t115_16,treatment,error_rate,0
2026-01-03T09:47:00+00:00,t115_17,treatment,conversion,1
2026-01-03T09:47:00+00:00,t115_17,treatment,error_rate,0
2026-01-03T09:48:00+00:00,t115_18,treatment,conversion,0
2026-01-03T09:48:00+00:00,t115_18,treatment,error_rate,0
2026-01-03T09:49:00+00:00,t115_19,treatment,conversion,0
2026-01-03T09:49:00+00:00,t115_19,treatment,error_rate,0
2026-01-03T09:50:00+00:00,t115_20,treatment,conversion,0
2026-01-03T09:50:00+00:00,t115_20,treatment,error_rate,0
2026-01-03T09:51:00+00:00,t115_21,treatment,conversion,0
2026-01-03T09:51:00+00:00,t115_21,treatment,error_rate,1
2026-01-03T09:52:00+00:00,t115_22,treatment,conversion,0
2026-01-03T09:52:00+00:00,t115_22,treatment,error_rate,0
2026-01-03T09:53:00+00:00,t115_23,treatment,conversion,0
2026-01-03T09:53:00+00:00,t115_23,treatment,error_rate,0
2026-01-03T09:54:00+00:00,t115_24,treatment,conversion,0
2026-01-03T09:54:00+00:00,t115_24,treatment,error_rate,0
2026-01-03T09:55:00+00:00,t115_25,treatment,conversion,1
2026-01-03T09:55:00+00:00,t115_25,treatment,error_rate,1
2026-01-03T09:56:00+00:00,t115_26,treatment,conversion,1
2026-01-03T09:56:00+00:00,t115_26,treatment,error_rate,0
2026-01-03T09:57:00+00:00,t115_27,treatment,conversion,0
2026-01-03T09:57:00+00:00,t115_27,treatment,error_rate,0
2026-01-03T09:58:00+00:00,t115_28,treatment,conversion,0
2026-01-03T09:58:00+00:00,t115_28,treatment,error_rate,0
2026-01-03T09:59:00+00:00,t115_29,treatment,conversion,0
2026-01-03T09:59:00+00:00,t115_29,treatment,error_rate,0
2026-01-03T10:00:00+00:00,c116_0,control,conversion,0
2026-01-03T10:00:00+00:00,c116_0,control,error_rate,0
2026-01-03T10:01:00+00:00,c116_1,control,conversion,0
2026-01-03T10:01:00+00:00,c116_1,control,error_rate,0
2026-01-03T10:02:00+00:00,c116_2,control,conversion,0
2026-01-03T10:02:00+00:00,c116_2,control,error_rate,1
2026-01-03T10:03:00+00:00,c116_3,control,conversion,0
2026-01-03T10:03:00+00:00,c116_3,control,error_rate,0
2026-01-03T10:04:00+00:00,c116_4,control,conversion,0
2026-01-03T10:04:00+00:00,c116_4,control,error_rate,0
2026-01-03T10:05:00+00:00,c116_5,control,conversion,0
2026-01-03T10:05:00+00:00,c116_5,control,error_rate,0
2026-01-03T10:06:00+00:00,c116_6,control,conversion,0
2026-01-03T10:06:00+00:00,c116_6,control,error_rate,1
2026-01-03T10:07:00+00:00,c116_7,control,conversion,0
2026-01-03T10:07:00+00:00,c116_7,control,error_rate,0
2026-01-03T10:08:00+00:00,c116_8,control,conversion,0
2026-01-03T10:08:00+00:00,c116_8,control,error_rate,0
2026-01-03T10:09:00+00:00,c116_9,control,conversion,0
2026-01-03T10:09:00+00:00,c116_9,control,error_rate,0
2026-01-03T10:10:00+00:00,c116_10,control,conversion,0
2026-01-03T10:10:00+00:00,c116_10,control,error_rate,0
2026-01-03T10:11:00+00:00,c116_11,control,conversion,0
2026-01-03T10:11:00+00:00,c116_11,control,error_rate,0
2026-01-03T10:12:00+00:00,c116_12,control,conversion,0
2026-01-03T10:12:00+00:00,c116_12,control,error_rate,0
2026-01-03T10:13:00+00:00,c116_13,control,conversion,0
2026-01-03T10:13:00+00:00,c116_13,control,error_rate,0
2026-01-03T10:14:00+00:00,c116_14,control,conversion,0
2026-01-03T10:14:00+00:00,c116_14,control,error_rate,1
2026-01-03T10:15:00+00:00,c116_15,control,conversion,0
2026-01-03T10:15:00+00:00,c116_15,control,error_rate,0
2026-01-03T10:16:00+00:00,c116_16,control,conversion,0
2026-01-03T10:16:00+00:00,c116_16,control,error_rate,0
2026-01-03T10:17:00+00:00,c116_17,control,conversion,0
2026-01-03T10:17:00+00:00,c116_17,control,error_rate,0
2026-01-03T10:18:00+00:00,c116_18,control,conversion,0
2026-01-03T10:18:00+00:00,c116_18,control,error_rate,1
2026-01-03T10:19:00+00:00,c116_19,control,conversion,0
2026-01-03T10:19:00+00:00,c116_19,control,error_rate,0
2026-01-03T10:20:00+00:00,c116_20,control,conversion,0
2026-01-03T10:20:00+00:00,c116_20,control,error_rate,0
2026-01-03T10:21:00+00:00,c116_21,control,conversion,0
2026-01-03T10:21:00+00:00,c116_21,control,error_rate,0
2026-01-03T10:22:00+00:00,c116_22,control,conversion,0
2026-01-03T10:22:00+00:00,c116_22,control,error_rate,0
2026-01-03T10:23:00+00:00,c116_23,control,conversion,0
2026-01-03T10:23:00+00:00,c116_23,control,error_rate,0
2026-01-03T10:24:00+00:00,c116_24,control,conversion,1
2026-01-03T10:24:00+00:00,c116_24,control,error_rate,0
2026-01-03T10:25:00+00:00,c116_25,control,conversion,0
2026-01-03T10:25:00+00:00,c116_25,control,error_rate,0
2026-01-03T10:26:00+00:00,c116_26,control,conversion,0
2026-01-03T10:26:00+00:00,c116_26,control,error_rate,1
2026-01-03T10:27:00+00:00,c116_27,control,conversion,0
2026-01-03T10:27:00+00:00,c116_27,control,error_rate,0
2026-01-03T10:28:00+00:00,c116_28,control,conversion,0
2026-01-03T10:28:00+00:00,c116_28,control,error_rate,0
2026-01-03T10:29:00+00:00,c116_29,control,conversion,0
2026-01-03T10:29:00+00:00,c116_29,control,error_rate,0
2026-01-03T10:00:00+00:00,t116_0,treatment,conversion,1
2026-01-03T10:00:00+00:00,t116_0,treatment,error_rate,0
2026-01-03T10:01:00+00:00,t116_1,treatment,conversion,0
2026-01-03T10:01:00+00:00,t116_1,treatment,error_rate,0
2026-01-03T10:02:00+00:00,t116_2,treatment,conversion,0
2026-01-03T10:02:00+00:00,t116_2,treatment,error_rate,1
2026-01-03T10:03:00+00:00,t116_3,treatment,conversion,0
2026-01-03T10:03:00+00:00,t116_3,treatment,error_rate,0
2026-01-03T10:04:00+00:00,t116_4,treatment,conversion,1
2026-01-03T10:04:00+00:00,t116_4,treatment,error_rate,0
2026-01-03T10:05:00+00:00,t116_5,treatment,conversion,0
2026-01-03T10:05:00+00:00,t116_5,treatment,error_rate,0
2026-01-03T10:06:00+00:00,t116_6,treatment,conversion,0
2026-01-03T10:06:00+00:00,t116_6,treatment,error_rate,0
2026-01-03T10:07:00+00:00,t116_7,treatment,conversion,0
2026-01-03T10:07:00+00:00,t116_7,treatment,error_rate,0
2026-01-03T10:08:00+00:00,t116_8,treatment,conversion,0
2026-01-03T10:08:00+00:00,t116_8,treatment,error_rate,0
2026-01-03T10:09:00+00:00,t116_9,treatment,conversion,0
2026-01-03T10:09:00+00:00,t116_9,treatment,error_rate,1
2026-01-03T10:10:00+00:00,t116_10,treatment,conversion,0
2026-01-03T10:10:00+00:00,t116_10,treatment,error_rate,0
2026-01-03T10:11:00+00:00,t116_11,treatment,conversion,0
2026-01-03T10:11:00+00:00,t116_11,treatment,error_rate,0
2026-01-03T10:12:00+00:00,t116_12,treatment,conversion,0
2026-01-03T10:12:00+00:00,t116_12,treatment,error_rate,0
2026-01-03T10:13:00+00:00,t116_13,treatment,conversion,0
2026-01-03T10:13:00+00:00,t116_13,treatment,error_rate,1
2026-01-03T10:14:00+00:00,t116_14,treatment,conversion,0
2026-01-03T10:14:00+00:00,t116_14,treatment,error_rate,0
2026-01-03T10:15:00+00:00,t116_15,treatment,conversion,0
2026-01-03T10:15:00+00:00,t116_15,treatment,error_rate,0
2026-01-03T10:16:00+00:00,t116_16,treatment,conversion,1
2026-01-03T10:16:00+00:00,t116_16,treatment,error_rate,0
2026-01-03T10:17:00+00:00,t116_17,treatment,conversion,0
2026-01-03T10:17:00+00:00,t116_17,treatment,error_rate,0
2026-01-03T10:18:00+00:00,t116_18,treatment,conversion,0
2026-01-03T10:18:00+00:00,t116_18,treatment,error_rate,0
2026-01-03T10:19:00+00:00,t116_19,treatment,conversion,0
2026-01-03T10:19:00+00:00,t116_19,treatment,error_rate,0
2026-01-03T10:20:00+00:00,t116_20,treatment,conversion,0
2026-01-03T10:20:00+00:00,t116_20,treatment,error_rate,0
2026-01-03T10:21:00+00:00,t116_21,treatment,conversion,0
2026-01-03T10:21:00+00:00,t116_21,treatment,error_rate,0
2026-01-03T10:22:00+00:00,t116_22,treatment,conversion,0
2026-01-03T10:22:00+00:00,t116_22,treatment,error_rate,1
2026-01-03T10:23:00+00:00,t116_23,treatment,conversion,0
2026-01-03T10:23:00+00:00,t116_23,treatment,error_rate,0
2026-01-03T10:24:00+00:00,t116_24,treatment,conversion,0
2026-01-03T10:24:00+00:00,t116_24,treatment,error_rate,0
2026-01-03T10:25:00+00:00,t116_25,treatment,conversion,0
2026-01-03T10:25:00+00:00,t116_25,treatment,error_rate,0
2026-01-03T10:26:00+00:00,t116_26,treatment,conversion,1
2026-01-03T10:26:00+00:00,t116_26,treatment,error_rate,0
2026-01-03T10:27:00+00:00,t116_27,treatment,conversion,0
2026-01-03T10:27:00+00:00,t116_27,treatment,error_rate,0
2026-01-03T10:28:00+00:00,t116_28,treatment,conversion,0
2026-01-03T10:28:00+00:00,t116_28,treatment,error_rate,0
2026-01-03T10:29:00+00:00,t116_29,treatment,conversion,0
2026-01-03T10:29:00+00:00,t116_29,treatment,error_rate,0
2026-01-03T10:30:00+00:00,c117_0,control,conversion,0
2026-01-03T10:30:00+00:00,c117_0,control,error_rate,0
2026-01-03T10:31:00+00:00,c117_1,control,conversion,0
2026-01-03T10:31:00+00:00,c117_1,control,error_rate,0
2026-01-03T10:32:00+00:00,c117_2,control,conversion,0
2026-01-03T10:32:00+00:00,c117_2,control,error_rate,0
2026-01-03T10:33:00+00:00,c117_3,control,conversion,0
2026-01-03T10:33:00+00:00,c117_3,control,error_rate,1
2026-01-03T10:34:00+00:00,c117_4,control,conversion,0
2026-01-03T10:34:00+00:00,c117_4,control,error_rate,0
2026-01-03T10:35:00+00:00,c117_5,control,conversion,0
2026-01-03T10:35:00+00:00,c117_5,control,error_rate,0
2026-01-03T10:36:00+00:00,c117_6,control,conversion,0
2026-01-03T10:36:00+00:00,c117_6,control,error_rate,0
2026-01-03T10:37:00+00:00,c117_7,control,conversion,0
2026-01-03T10:37:00+00:00,c117_7,control,error_rate,0
2026-01-03T10:38:00+00:00,c117_8,control,conversion,0
2026-01-03T10:38:00+00:00,c117_8,control,error_rate,0
2026-01-03T10:39:00+00:00,c117_9,control,conversion,1
2026-01-03T10:39:00+00:00,c117_9,control,error_rate,0
2026-01-03T10:40:00+00:00,c117_10,control,conversion,0
2026-01-03T10:40:00+00:00,c117_10,control,error_rate,0
2026-01-03T10:41:00+00:00,c117_11,control,conversion,0
2026-01-03T10:41:00+00:00,c117_11,control,error_rate,0
2026-01-03T10:42:00+00:00,c117_12,control,conversion,0
2026-01-03T10:42:00+00:00,c117_12,control,error_rate,0
2026-01-03T10:43:00+00:00,c117_13,control,conversion,0
2026-01-03T10:43:00+00:00,c117_13,control,error_rate,0
2026-01-03T10:44:00+00:00,c117_14,control,conversion,0
2026-01-03T10:44:00+00:00,c117_14,control,error_rate,0
2026-01-03T10:45:00+00:00,c117_15,control,conversion,0
2026-01-03T10:45:00+00:00,c117_15,control,error_rate,0
2026-01-03T10:46:00+00:00,c117_16,control,conversion,0
2026-01-03T10:46:00+00:00,c117_16,control,error_rate,0
2026-01-03T10:47:00+00:00,c117_17,control,conversion,0
2026-01-03T10:47:00+00:00,c117_17,control,error_rate,1
2026-01-03T10:48:00+00:00,c117_18,control,conversion,0
2026-01-03T10:48:00+00:00,c117_18,control,error_rate,0
2026-01-03T10:49:00+00:00,c117_19,control,conversion,0
2026-01-03T10:49:00+00:00,c117_19,control,error_rate,0
2026-01-03T10:50:00+00:00,c117_20,control,conversion,0
2026-01-03T10:50:00+00:00,c117_20,control,error_rate,0
2026-01-03T10:51:00+00:00,c117_21,control,conversion,1
2026-01-03T10:51:00+00:00,c117_21,control,error_rate,0
2026-01-03T10:52:00+00:00,c117_22,control,conversion,0
2026-01-03T10:52:00+00:00,c117_22,control,error_rate,0
2026-01-03T10:53:00+00:00,c117_23,control,conversion,0
2026-01-03T10:53:00+00:00,c117_23,control,error_rate,0
2026-01-03T10:54:00+00:00,c117_24,control,conversion,0
2026-01-03T10:54:00+00:00,c117_24,control,error_rate,1
2026-01-03T10:55:00+00:00,c117_25,control,conversion,0
2026-01-03T10:55:00+00:00,c117_25,control,error_rate,0
2026-01-03T10:56:00+00:00,c117_26,control,conversion,0
2026-01-03T10:56:00+00:00,c117_26,control,error_rate,0
2026-01-03T10:57:00+00:00,c117_27,control,conversion,1
2026-01-03T10:57:00+00:00,c117_27,control,error_rate,0
2026-01-03T10:58:00+00:00,c117_28,control,conversion,0
2026-01-03T10:58:00+00:00,c117_28,control,error_rate,0
2026-01-03T10:59:00+00:00,c117_29,control,conversion,0
2026-01-03T10:59:00+00:00,c117_29,control,error_rate,0
2026-01-03T10:30:00+00:00,t117_0,treatment,conversion,0
2026-01-03T10:30:00+00:00,t117_0,treatment,error_rate,0
2026-01-03T10:31:00+00:00,t117_1,treatment,conversion,0
2026-01-03T10:31:00+00:00,t117_1,treatment,error_rate,0
2026-01-03T10:32:00+00:00,t117_2,treatment,conversion,0
2026-01-03T10:32:00+00:00,t117_2,treatment,error_rate,0
2026-01-03T10:33:00+00:00,t117_3,treatment,conversion,0
2026-01-03T10:33:00+00:00,t117_3,treatment,error_rate,0
2026-01-03T10:34:00+00:00,t117_4,treatment,conversion,0
2026-01-03T10:34:00+00:00,t117_4,treatment,error_rate,0
2026-01-03T10:35:00+00:00,t117_5,treatment,conversion,0
2026-01-03T10:35:00+00:00,t117_5,treatment,error_rate,1
2026-01-03T10:36:00+00:00,t117_6,treatment,conversion,0
2026-01-03T10:36:00+00:00,t117_6,treatment,error_rate,0
2026-01-03T10:37:00+00:00,t117_7,treatment,conversion,0
2026-01-03T10:37:00+00:00,t117_7,treatment,error_rate,0
2026-01-03T10:38:00+00:00,t117_8,treatment,conversion,1
2026-01-03T10:38:00+00:00,t117_8,treatment,error_rate,1
2026-01-03T10:39:00+00:00,t117_9,treatment,conversion,0
2026-01-03T10:39:00+00:00,t117_9,treatment,error_rate,0
2026-01-03T10:40:00+00:00,t117_10,treatment,conversion,0
2026-01-03T10:40:00+00:00,t117_10,treatment,error_rate,0
2026-01-03T10:41:00+00:00,t117_11,treatment,conversion,1
2026-01-03T10:41:00+00:00,t117_11,treatment,error_rate,0
2026-01-03T10:42:00+00:00,t117_12,treatment,conversion,0
2026-01-03T10:42:00+00:00,t117_12,treatment,error_rate,0
2026-01-03T10:43:00+00:00,t117_13,treatment,conversion,0
2026-01-03T10:43:00+00:00,t117_13,treatment,error_rate,0
2026-01-03T10:44:00+00:00,t117_14,treatment,conversion,0
2026-01-03T10:44:00+00:00,t117_14,treatment,error_rate,1
2026-01-03T10:45:00+00:00,t117_15,treatment,conversion,0
2026-01-03T10:45:00+00:00,t117_15,treatment,error_rate,0
2026-01-03T10:46:00+00:00,t117_16,treatment,conversion,0
2026-01-03T10:46:00+00:00,t117_16,treatment,error_rate,0
2026-01-03T10:47:00+00:00,t117_17,treatment,conversion,0
2026-01-03T10:47:00+00:00,t117_17,treatment,error_rate,0
2026-01-03T10:48:00+00:00,t117_18,treatment,conversion,0
2026-01-03T10:48:00+00:00,t117_18,treatment,error_rate,0
2026-01-03T10:49:00+00:00,t117_19,treatment,conversion,0
2026-01-03T10:49:00+00:00,t117_19,treatment,error_rate,1
2026-01-03T10:50:00+00:00,t117_20,treatment,conversion,0
2026-01-03T10:50:00+00:00,t117_20,treatment,error_rate,0
2026-01-03T10:51:00+00:00,t117_21,treatment,conversion,0
2026-01-03T10:51:00+00:00,t117_21,treatment,error_rate,0
2026-01-03T10:52:00+00:00,t117_22,treatment,conversion,0
2026-01-03T10:52:00+00:00,t117_22,treatment,error_rate,0
2026-01-03T10:53:00+00:00,t117_23,treatment,conversion,1
2026-01-03T10:53:00+00:00,t117_23,treatment,error_rate,0
2026-01-03T10:54:00+00:00,t117_24,treatment,conversion,0
2026-01-03T10:54:00+00:00,t117_24,treatment,error_rate,1
2026-01-03T10:55:00+00:00,t117_25,treatment,conversion,0
2026-01-03T10:55:00+00:00,t117_25,treatment,error_rate,0
2026-01-03T10:56:00+00:00,t117_26,treatment,conversion,0
2026-01-03T10:56:00+00:00,t117_26,treatment,error_rate,0
2026-01-03T10:57:00+00:00,t117_27,treatment,conversion,0
2026-01-03T10:57:00+00:00,t117_27,treatment,error_rate,0
2026-01-03T10:58:00+00:00,t117_28,treatment,conversion,1
2026-01-03T10:58:00+00:00,t117_28,treatment,error_rate,1
2026-01-03T10:59:00+00:00,t117_29,treatment,conversion,0
2026-01-03T10:59:00+00:00,t117_29,treatment,error_rate,0
2026-01-03T11:00:00+00:00,c118_0,control,conversion,0
2026-01-03T11:00:00+00:00,c118_0,control,error_rate,0
2026-01-03T11:01:00+00:00,c118_1,control,conversion,1
2026-01-03T11:01:00+00:00,c118_1,control,error_rate,0
2026-01-03T11:02:00+00:00,c118_2,control,conversion,0
2026-01-03T11:02:00+00:00,c118_2,control,error_rate,0
2026-01-03T11:03:00+00:00,c118_3,control,conversion,0
2026-01-03T11:03:00+00:00,c118_3,control,error_rate,0
2026-01-03T11:04:00+00:00,c118_4,control,conversion,0
2026-01-03T11:04:00+00:00,c118_4,control,error_rate,0
2026-01-03T11:05:00+00:00,c118_5,control,conversion,0
2026-01-03T11:05:00+00:00,c118_5,control,error_rate,0
2026-01-03T11:06:00+00:00,c118_6,control,conversion,1
2026-01-03T11:06:00+00:00,c118_6,control,error_rate,0
2026-01-03T11:07:00+00:00,c118_7,control,conversion,0
2026-01-03T11:07:00+00:00,c118_7,control,error_rate,0
2026-01-03T11:08:00+00:00,c118_8,control,conversion,0
2026-01-03T11:08:00+00:00,c118_8,control,error_rate,0
2026-01-03T11:09:00+00:00,c118_9,control,conversion,0
2026-01-03T11:09:00+00:00,c118_9,control,error_rate,0
2026-01-03T11:10:00+00:00,c118_10,control,conversion,0
2026-01-03T11:10:00+00:00,c118_10,control,error_rate,1
2026-01-03T11:11:00+00:00,c118_11,control,conversion,0
2026-01-03T11:11:00+00:00,c118_11,control,error_rate,0
2026-01-03T11:12:00+00:00,c118_12,control,conversion,0
2026-01-03T11:12:00+00:00,c118_12,control,error_rate,0
2026-01-03T11:13:00+00:00,c118_13,control,conversion,0
2026-01-03T11:13:00+00:00,c118_13,control,error_rate,0
2026-01-03T11:14:00+00:00,c118_14,control,conversion,0
2026-01-03T11:14:00+00:00,c118_14,control,error_rate,0
2026-01-03T11:15:00+00:00,c118_15,control,conversion,0
2026-01-03T11:15:00+00:00,c118_15,control,error_rate,0
2026-01-03T11:16:00+00:00,c118_16,control,conversion,0
2026-01-03T11:16:00+00:00,c118_16,control,error_rate,0
2026-01-03T11:17:00+00:00,c118_17,control,conversion,0
2026-01-03T11:17:00+00:00,c118_17,control,error_rate,0
2026-01-03T11:18:00+00:00,c118_18,control,conversion,0
2026-01-03T11:18:00+00:00,c118_18,control,error_rate,0
2026-01-03T11:19:00+00:00,c118_19,control,conversion,0
2026-01-03T11:19:00+00:00,c118_19,control,error_rate,0
2026-01-03T11:20:00+00:00,c118_20,control,conversion,1
2026-01-03T11:20:00+00:00,c118_20,control,error_rate,0
2026-01-03T11:21:00+00:00,c118_21,control,conversion,0
2026-01-03T11:21:00+00:00,c118_21,control,error_rate,0
2026-01-03T11:22:00+00:00,c118_22,control,conversion,0
2026-01-03T11:22:00+00:00,c118_22,control,error_rate,0
2026-01-03T11:23:00+00:00,c118_23,control,conversion,0
2026-01-03T11:23:00+00:00,c118_23,control,error_rate,0
2026-01-03T11:24:00+00:00,c118_24,control,conversion,0
2026-01-03T11:24:00+00:00,c118_24,control,error_rate,0
2026-01-03T11:25:00+00:00,c118_25,control,conversion,0
2026-01-03T11:25:00+00:00,c118_25,control,error_rate,0
2026-01-03T11:26:00+00:00,c118_26,control,conversion,0
2026-01-03T11:26:00+00:00,c118_26,control,error_rate,0
2026-01-03T11:27:00+00:00,c118_27,control,conversion,0
2026-01-03T11:27:00+00:00,c118_27,control,error_rate,0
2026-01-03T11:28:00+00:00,c118_28,control,conversion,0
2026-01-03T11:28:00+00:00,c118_28,control,error_rate,1
2026-01-03T11:29:00+00:00,c118_29,control,conversion,0
2026-01-03T11:29:00+00:00,c118_29,control,error_rate,0
2026-01-03T11:00:00+00:00,t118_0,treatment,conversion,0
2026-01-03T11:00:00+00:00,t118_0,treatment,error_rate,0
2026-01-03T11:01:00+00:00,t118_1,treatment,conversion,1
2026-01-03T11:01:00+00:00,t118_1,treatment,error_rate,0
2026-01-03T11:02:00+00:00,t118_2,treatment,conversion,0
2026-01-03T11:02:00+00:00,t118_2,treatment,error_rate,0
2026-01-03T11:03:00+00:00,t118_3,treatment,conversion,0
2026-01-03T11:03:00+00:00,t118_3,treatment,error_rate,0
2026-01-03T11:04:00+00:00,t118_4,treatment,conversion,0
2026-01-03T11:04:00+00:00,t118_4,treatment,error_rate,0
2026-01-03T11:05:00+00:00,t118_5,treatment,conversion,1
2026-01-03T11:05:00+00:00,t118_5,treatment,error_rate,0
2026-01-03T11:06:00+00:00,t118_6,treatment,conversion,0
2026-01-03T11:06:00+00:00,t118_6,treatment,error_rate,0
2026-01-03T11:07:00+00:00,t118_7,treatment,conversion,0
2026-01-03T11:07:00+00:00,t118_7,treatment,error_rate,0
2026-01-03T11:08:00+00:00,t118_8,treatment,conversion,0
2026-01-03T11:08:00+00:00,t118_8,treatment,error_rate,0
2026-01-03T11:09:00+00:00,t118_9,treatment,conversion,0
2026-01-03T11:09:00+00:00,t118_9,treatment,error_rate,0
2026-01-03T11:10:00+00:00,t118_10,treatment,conversion,0
2026-01-03T11:10:00+00:00,t118_10,treatment,error_rate,0
2026-01-03T11:11:00+00:00,t118_11,treatment,conversion,0
2026-01-03T11:11:00+00:00,t118_11,treatment,error_rate,0
2026-01-03T11:12:00+00:00,t118_12,treatment,conversion,0
2026-01-03T11:12:00+00:00,t118_12,treatment,error_rate,0
2026-01-03T11:13:00+00:00,t118_13,treatment,conversion,0
2026-01-03T11:13:00+00:00,t118_13,treatment,error_rate,0
2026-01-03T11:14:00+00:00,t118_14,treatment,conversion,0
2026-01-03T11:14:00+00:00,t118_14,treatment,error_rate,0
2026-01-03T11:15:00+00:00,t118_15,treatment,conversion,0
2026-01-03T11:15:00+00:00,t118_15,treatment,error_rate,0
2026-01-03T11:16:00+00:00,t118_16,treatment,conversion,1
2026-01-03T11:16:00+00:00,t118_16,treatment,error_rate,0
2026-01-03T11:17:00+00:00,t118_17,treatment,conversion,0
2026-01-03T11:17:00+00:00,t118_17,treatment,error_rate,0
2026-01-03T11:18:00+00:00,t118_18,treatment,conversion,0
2026-01-03T11:18:00+00:00,t118_18,treatment,error_rate,0
2026-01-03T11:19:00+00:00,t118_19,treatment,conversion,0
2026-01-03T11:19:00+00:00,t118_19,treatment,error_rate,0
2026-01-03T11:20:00+00:00,t118_20,treatment,conversion,0
2026-01-03T11:20:00+00:00,t118_20,treatment,error_rate,0
2026-01-03T11:21:00+00:00,t118_21,treatment,conversion,0
2026-01-03T11:21:00+00:00,t118_21,treatment,error_rate,0
2026-01-03T11:22:00+00:00,t118_22,treatment,conversion,1
2026-01-03T11:22:00+00:00,t118_22,treatment,error_rate,0
2026-01-03T11:23:00+00:00,t118_23,treatment,conversion,0
2026-01-03T11:23:00+00:00,t118_23,treatment,error_rate,0
2026-01-03T11:24:00+00:00,t118_24,treatment,conversion,0
2026-01-03T11:24:00+00:00,t118_24,treatment,error_rate,1
2026-01-03T11:25:00+00:00,t118_25,treatment,conversion,0
2026-01-03T11:25:00+00:00,t118_25,treatment,error_rate,0
2026-01-03T11:26:00+00:00,t118_26,treatment,conversion,1
2026-01-03T11:26:00+00:00,t118_26,treatment,error_rate,0
2026-01-03T11:27:00+00:00,t118_27,treatment,conversion,0
2026-01-03T11:27:00+00:00,t118_27,treatment,error_rate,0
2026-01-03T11:28:00+00:00,t118_28,treatment,conversion,0
2026-01-03T11:28:00+00:00,t118_28,treatment,error_rate,0
2026-01-03T11:29:00+00:00,t118_29,treatment,conversion,0
2026-01-03T11:29:00+00:00,t118_29,treatment,error_rate,0
2026-01-03T11:30:00+00:00,c119_0,control,conversion,0
2026-01-03T11:30:00+00:00,c119_0,control,error_rate,0
2026-01-03T11:31:00+00:00,c119_1,control,conversion,0
2026-01-03T11:31:00+00:00,c119_1,control,error_rate,0
2026-01-03T11:32:00+00:00,c119_2,control,conversion,0
2026-01-03T11:32:00+00:00,c119_2,control,error_rate,0
2026-01-03T11:33:00+00:00,c119_3,control,conversion,0
2026-01-03T11:33:00+00:00,c119_3,control,error_rate,0
2026-01-03T11:34:00+00:00,c119_4,control,conversion,0
2026-01-03T11:34:00+00:00,c119_4,control,error_rate,0
2026-01-03T11:35:00+00:00,c119_5,control,conversion,0
2026-01-03T11:35:00+00:00,c119_5,control,error_rate,0
2026-01-03T11:36:00+00:00,c119_6,control,conversion,0
2026-01-03T11:36:00+00:00,c119_6,control,error_rate,0
2026-01-03T11:37:00+00:00,c119_7,control,conversion,0
2026-01-03T11:37:00+00:00,c119_7,control,error_rate,0
2026-01-03T11:38:00+00:00,c119_8,control,conversion,0
2026-01-03T11:38:00+00:00,c119_8,control,error_rate,0
2026-01-03T11:39:00+00:00,c119_9,control,conversion,0
2026-01-03T11:39:00+00:00,c119_9,control,error_rate,0
2026-01-03T11:40:00+00:00,c119_10,control,conversion,0
2026-01-03T11:40:00+00:00,c119_10,control,error_rate,0
2026-01-03T11:41:00+00:00,c119_11,control,conversion,0
2026-01-03T11:41:00+00:00,c119_11,control,error_rate,0
2026-01-03T11:42:00+00:00,c119_12,control,conversion,1
2026-01-03T11:42:00+00:00,c119_12,control,error_rate,0
2026-01-03T11:43:00+00:00,c119_13,control,conversion,0
2026-01-03T11:43:00+00:00,c119_13,control,error_rate,0
2026-01-03T11:44:00+00:00,c119_14,control,conversion,0
2026-01-03T11:44:00+00:00,c119_14,control,error_rate,0
2026-01-03T11:45:00+00:00,c119_15,control,conversion,0
2026-01-03T11:45:00+00:00,c119_15,control,error_rate,1
2026-01-03T11:46:00+00:00,c119_16,control,conversion,0
2026-01-03T11:46:00+00:00,c119_16,control,error_rate,0
2026-01-03T11:47:00+00:00,c119_17,control,conversion,0
2026-01-03T11:47:00+00:00,c119_17,control,error_rate,0
2026-01-03T11:48:00+00:00,c119_18,control,conversion,0
2026-01-03T11:48:00+00:00,c119_18,control,error_rate,0
2026-01-03T11:49:00+00:00,c119_19,control,conversion,0
2026-01-03T11:49:00+00:00,c119_19,control,error_rate,0
2026-01-03T11:50:00+00:00,c119_20,control,conversion,0
2026-01-03T11:50:00+00:00,c119_20,control,error_rate,0
2026-01-03T11:51:00+00:00,c119_21,control,conversion,1
2026-01-03T11:51:00+00:00,c119_21,control,error_rate,0
2026-01-03T11:52:00+00:00,c119_22,control,conversion,0
2026-01-03T11:52:00+00:00,c119_22,control,error_rate,0
2026-01-03T11:53:00+00:00,c119_23,control,conversion,0
2026-01-03T11:53:00+00:00,c119_23,control,error_rate,0
2026-01-03T11:54:00+00:00,c119_24,control,conversion,0
2026-01-03T11:54:00+00:00,c119_24,control,error_rate,1
2026-01-03T11:55:00+00:00,c119_25,control,conversion,0
2026-01-03T11:55:00+00:00,c119_25,control,error_rate,0
2026-01-03T11:56:00+00:00,c119_26,control,conversion,0
2026-01-03T11:56:00+00:00,c119_26,control,error_rate,0
2026-01-03T11:57:00+00:00,c119_27,control,conversion,0
2026-01-03T11:57:00+00:00,c119_27,control,error_rate,0
2026-01-03T11:58:00+00:00,c119_28,control,conversion,0
2026-01-03T11:58:00+00:00,c119_28,control,error_rate,0
2026-01-03T11:59:00+00:00,c119_29,control,conversion,0
2026-01-03T11:59:00+00:00,c119_29,control,error_rate,1
2026-01-03T11:30:00+00:00,t119_0,treatment,conversion,0
2026-01-03T11:30:00+00:00,t119_0,treatment,error_rate,0
2026-01-03T11:31:00+00:00,t119_1,treatment,conversion,0
2026-01-03T11:31:00+00:00,t119_1,treatment,error_rate,0
2026-01-03T11:32:00+00:00,t119_2,treatment,conversion,1
2026-01-03T11:32:00+00:00,t119_2,treatment,error_rate,1
2026-01-03T11:33:00+00:00,t119_3,treatment,conversion,0
2026-01-03T11:33:00+00:00,t119_3,treatment,error_rate,0
2026-01-03T11:34:00+00:00,t119_4,treatment,conversion,1
2026-01-03T11:34:00+00:00,t119_4,treatment,error_rate,0
2026-01-03T11:35:00+00:00,t119_5,treatment,conversion,0
2026-01-03T11:35:00+00:00,t119_5,treatment,error_rate,0
2026-01-03T11:36:00+00:00,t119_6,treatment,conversion,0
2026-01-03T11:36:00+00:00,t119_6,treatment,error_rate,0
2026-01-03T11:37:00+00:00,t119_7,treatment,conversion,0
2026-01-03T11:37:00+00:00,t119_7,treatment,error_rate,0
2026-01-03T11:38:00+00:00,t119_8,treatment,conversion,1
2026-01-03T11:38:00+00:00,t119_8,treatment,error_rate,1
2026-01-03T11:39:00+00:00,t119_9,treatment,conversion,0
2026-01-03T11:39:00+00:00,t119_9,treatment,error_rate,0
2026-01-03T11:40:00+00:00,t119_10,treatment,conversion,0
2026-01-03T11:40:00+00:00,t119_10,treatment,error_rate,0
2026-01-03T11:41:00+00:00,t119_11,treatment,conversion,1
2026-01-03T11:41:00+00:00,t119_11,treatment,error_rate,0
2026-01-03T11:42:00+00:00,t119_12,treatment,conversion,0
2026-01-03T11:42:00+00:00,t119_12,treatment,error_rate,0
2026-01-03T11:43:00+00:00,t119_13,treatment,conversion,0
2026-01-03T11:43:00+00:00,t119_13,treatment,error_rate,0
2026-01-03T11:44:00+00:00,t119_14,treatment,conversion,0
2026-01-03T11:44:00+00:00,t119_14,treatment,error_rate,0
2026-01-03T11:45:00+00:00,t119_15,treatment,conversion,1
2026-01-03T11:45:00+00:00,t119_15,treatment,error_rate,0
2026-01-03T11:46:00+00:00,t119_16,treatment,conversion,1
2026-01-03T11:46:00+00:00,t119_16,treatment,error_rate,0
2026-01-03T11:47:00+00:00,t119_17,treatment,conversion,0
2026-01-03T11:47:00+00:00,t119_17,treatment,error_rate,0
2026-01-03T11:48:00+00:00,t119_18,treatment,conversion,0
2026-01-03T11:48:00+00:00,t119_18,treatment,error_rate,0
2026-01-03T11:49:00+00:00,t119_19,treatment,conversion,1
2026-01-03T11:49:00+00:00,t119_19,treatment,error_rate,0
2026-01-03T11:50:00+00:00,t119_20,treatment,conversion,1
2026-01-03T11:50:00+00:00,t119_20,treatment,error_rate,0
2026-01-03T11:51:00+00:00,t119_21,treatment,conversion,0
2026-01-03T11:51:00+00:00,t119_21,treatment,error_rate,0
2026-01-03T11:52:00+00:00,t119_22,treatment,conversion,0
2026-01-03T11:52:00+00:00,t119_22,treatment,error_rate,0
2026-01-03T11:53:00+00:00,t119_23,treatment,conversion,0
2026-01-03T11:53:00+00:00,t119_23,treatment,error_rate,0
2026-01-03T11:54:00+00:00,t119_24,treatment,conversion,0
2026-01-03T11:54:00+00:00,t119_24,treatment,error_rate,0
2026-01-03T11:55:00+00:00,t119_25,treatment,conversion,1
2026-01-03T11:55:00+00:00,t119_25,treatment,error_rate,0
2026-01-03T11:56:00+00:00,t119_26,treatment,conversion,0
2026-01-03T11:56:00+00:00,t119_26,treatment,error_rate,0
2026-01-03T11:57:00+00:00,t119_27,treatment,conversion,1
2026-01-03T11:57:00+00:00,t119_27,treatment,error_rate,0
2026-01-03T11:58:00+00:00,t119_28,treatment,conversion,0
2026-01-03T11:58:00+00:00,t119_28,treatment,error_rate,0
2026-01-03T11:59:00+00:00,t119_29,treatment,conversion,0
2026-01-03T11:59:00+00:00,t119_29,treatment,error_rate,0
2026-01-03T12:00:00+00:00,c120_0,control,conversion,0
2026-01-03T12:00:00+00:00,c120_0,control,error_rate,0
2026-01-03T12:01:00+00:00,c120_1,control,conversion,0
2026-01-03T12:01:00+00:00,c120_1,control,error_rate,0
2026-01-03T12:02:00+00:00,c120_2,control,conversion,0
2026-01-03T12:02:00+00:00,c120_2,control,error_rate,0
2026-01-03T12:03:00+00:00,c120_3,control,conversion,0
2026-01-03T12:03:00+00:00,c120_3,control,error_rate,1
2026-01-03T12:04:00+00:00,c120_4,control,conversion,0
2026-01-03T12:04:00+00:00,c120_4,control,error_rate,0
2026-01-03T12:05:00+00:00,c120_5,control,conversion,0
2026-01-03T12:05:00+00:00,c120_5,control,error_rate,0
2026-01-03T12:06:00+00:00,c120_6,control,conversion,0
2026-01-03T12:06:00+00:00,c120_6,control,error_rate,0
2026-01-03T12:07:00+00:00,c120_7,control,conversion,0
2026-01-03T12:07:00+00:00,c120_7,control,error_rate,0
2026-01-03T12:08:00+00:00,c120_8,control,conversion,0
2026-01-03T12:08:00+00:00,c120_8,control,error_rate,0
2026-01-03T12:09:00+00:00,c120_9,control,conversion,0
2026-01-03T12:09:00+00:00,c120_9,control,error_rate,0
2026-01-03T12:10:00+00:00,c120_10,control,conversion,0
2026-01-03T12:10:00+00:00,c120_10,control,error_rate,0
2026-01-03T12:11:00+00:00,c120_11,control,conversion,0
2026-01-03T12:11:00+00:00,c120_11,control,error_rate,0
2026-01-03T12:12:00+00:00,c120_12,control,conversion,0
2026-01-03T12:12:00+00:00,c120_12,control,error_rate,0
2026-01-03T12:13:00+00:00,c120_13,control,conversion,1
2026-01-03T12:13:00+00:00,c120_13,control,error_rate,1
2026-01-03T12:14:00+00:00,c120_14,control,conversion,0
2026-01-03T12:14:00+00:00,c120_14,control,error_rate,0
2026-01-03T12:15:00+00:00,c120_15,control,conversion,0
2026-01-03T12:15:00+00:00,c120_15,control,error_rate,0
2026-01-03T12:16:00+00:00,c120_16,control,conversion,0
2026-01-03T12:16:00+00:00,c120_16,control,error_rate,0
2026-01-03T12:17:00+00:00,c120_17,control,conversion,0
2026-01-03T12:17:00+00:00,c120_17,control,error_rate,0
2026-01-03T12:18:00+00:00,c120_18,control,conversion,0
2026-01-03T12:18:00+00:00,c120_18,control,error_rate,0
2026-01-03T12:19:00+00:00,c120_19,control,conversion,0
2026-01-03T12:19:00+00:00,c120_19,control,error_rate,0
2026-01-03T12:20:00+00:00,c120_20,control,conversion,0
2026-01-03T12:20:00+00:00,c120_20,control,error_rate,0
2026-01-03T12:21:00+00:00,c120_21,control,conversion,0
2026-01-03T12:21:00+00:00,c120_21,control,error_rate,0
2026-01-03T12:22:00+00:00,c120_22,control,conversion,0
2026-01-03T12:22:00+00:00,c120_22,control,error_rate,0
2026-01-03T12:23:00+00:00,c120_23,control,conversion,0
2026-01-03T12:23:00+00:00,c120_23,control,error_rate,0
2026-01-03T12:24:00+00:00,c120_24,control,conversion,1
2026-01-03T12:24:00+00:00,c120_24,control,error_rate,0
2026-01-03T12:25:00+00:00,c120_25,control,conversion,0
2026-01-03T12:25:00+00:00,c120_25,control,error_rate,1
2026-01-03T12:26:00+00:00,c120_26,control,conversion,0
2026-01-03T12:26:00+00:00,c120_26,control,error_rate,0
2026-01-03T12:27:00+00:00,c120_27,control,conversion,1
2026-01-03T12:27:00+00:00,c120_27,control,error_rate,0
2026-01-03T12:28:00+00:00,c120_28,control,conversion,0
2026-01-03T12:28:00+00:00,c120_28,control,error_rate,0
2026-01-03T12:29:00+00:00,c120_29,control,conversion,0
2026-01-03T12:29:00+00:00,c120_29,control,error_rate,0
2026-01-03T12:00:00+00:00,t120_0,treatment,conversion,0
2026-01-03T12:00:00+00:00,t120_0,treatment,error_rate,0
2026-01-03T12:01:00+00:00,t120_1,treatment,conversion,0
2026-01-03T12:01:00+00:00,t120_1,treatment,error_rate,0
2026-01-03T12:02:00+00:00,t120_2,treatment,conversion,0
2026-01-03T12:02:00+00:00,t120_2,treatment,error_rate,0
2026-01-03T12:03:00+00:00,t120_3,treatment,conversion,0
2026-01-03T12:03:00+00:00,t120_3,treatment,error_rate,0
2026-01-03T12:04:00+00:00,t120_4,treatment,conversion,0
2026-01-03T12:04:00+00:00,t120_4,treatment,error_rate,0
2026-01-03T12:05:00+00:00,t120_5,treatment,conversion,0
2026-01-03T12:05:00+00:00,t120_5,treatment,error_rate,0
2026-01-03T12:06:00+00:00,t120_6,treatment,conversion,0
2026-01-03T12:06:00+00:00,t120_6,treatment,error_rate,0
2026-01-03T12:07:00+00:00,t120_7,treatment,conversion,0
2026-01-03T12:07:00+00:00,t120_7,treatment,error_rate,0
2026-01-03T12:08:00+00:00,t120_8,treatment,conversion,0
2026-01-03T12:08:00+00:00,t120_8,treatment,error_rate,0
2026-01-03T12:09:00+00:00,t120_9,treatment,conversion,0
2026-01-03T12:09:00+00:00,t120_9,treatment,error_rate,0
2026-01-03T12:10:00+00:00,t120_10,treatment,conversion,0
2026-01-03T12:10:00+00:00,t120_10,treatment,error_rate,0
2026-01-03T12:11:00+00:00,t120_11,treatment,conversion,0
2026-01-03T12:11:00+00:00,t120_11,treatment,error_rate,0
2026-01-03T12:12:00+00:00,t120_12,treatment,conversion,0
2026-01-03T12:12:00+00:00,t120_12,treatment,error_rate,0
2026-01-03T12:13:00+00:00,t120_13,treatment,conversion,0
2026-01-03T12:13:00+00:00,t120_13,treatment,error_rate,0
2026-01-03T12:14:00+00:00,t120_14,treatment,conversion,1
2026-01-03T12:14:00+00:00,t120_14,treatment,error_rate,0
2026-01-03T12:15:00+00:00,t120_15,treatment,conversion,0
2026-01-03T12:15:00+00:00,t120_15,treatment,error_rate,0
2026-01-03T12:16:00+00:00,t120_16,treatment,conversion,0
2026-01-03T12:16:00+00:00,t120_16,treatment,error_rate,0
2026-01-03T12:17:00+00:00,t120_17,treatment,conversion,0
2026-01-03T12:17:00+00:00,t120_17,treatment,error_rate,0
2026-01-03T12:18:00+00:00,t120_18,treatment,conversion,0
2026-01-03T12:18:00+00:00,t120_18,treatment,error_rate,0
2026-01-03T12:19:00+00:00,t120_19,treatment,conversion,0
2026-01-03T12:19:00+00:00,t120_19,treatment,error_rate,0
2026-01-03T12:20:00+00:00,t120_20,treatment,conversion,0
2026-01-03T12:20:00+00:00,t120_20,treatment,error_rate,0
2026-01-03T12:21:00+00:00,t120_21,treatment,conversion,0
2026-01-03T12:21:00+00:00,t120_21,treatment,error_rate,0
2026-01-03T12:22:00+00:00,t120_22,treatment,conversion,0
2026-01-03T12:22:00+00:00,t120_22,treatment,error_rate,0
2026-01-03T12:23:00+00:00,t120_23,treatment,conversion,0
2026-01-03T12:23:00+00:00,t120_23,treatment,error_rate,0
2026-01-03T12:24:00+00:00,t120_24,treatment,conversion,0
2026-01-03T12:24:00+00:00,t120_24,treatment,error_rate,0
2026-01-03T12:25:00+00:00,t120_25,treatment,conversion,0
2026-01-03T12:25:00+00:00,t120_25,treatment,error_rate,0
2026-01-03T12:26:00+00:00,t120_26,treatment,conversion,0
2026-01-03T12:26:00+00:00,t120_26,treatment,error_rate,0
2026-01-03T12:27:00+00:00,t120_27,treatment,conversion,0
2026-01-03T12:27:00+00:00,t120_27,treatment,error_rate,0
2026-01-03T12:28:00+00:00,t120_28,treatment,conversion,0
2026-01-03T12:28:00+00:00,t120_28,treatment,error_rate,0
2026-01-03T12:29:00+00:00,t120_29,treatment,conversion,1
2026-01-03T12:29:00+00:00,t120_29,treatment,error_rate,0
2026-01-03T12:30:00+00:00,c121_0,control,conversion,0
2026-01-03T12:30:00+00:00,c121_0,control,error_rate,0
2026-01-03T12:31:00+00:00,c121_1,control,conversion,0
2026-01-03T12:31:00+00:00,c121_1,control,error_rate,0
2026-01-03T12:32:00+00:00,c121_2,control,conversion,0
2026-01-03T12:32:00+00:00,c121_2,control,error_rate,0
2026-01-03T12:33:00+00:00,c121_3,control,conversion,0
2026-01-03T12:33:00+00:00,c121_3,control,error_rate,0
2026-01-03T12:34:00+00:00,c121_4,control,conversion,0
2026-01-03T12:34:00+00:00,c121_4,control,error_rate,0
2026-01-03T12:35:00+00:00,c121_5,control,conversion,0
2026-01-03T12:35:00+00:00,c121_5,control,error_rate,0
2026-01-03T12:36:00+00:00,c121_6,control,conversion,1
2026-01-03T12:36:00+00:00,c121_6,control,error_rate,0
2026-01-03T12:37:00+00:00,c121_7,control,conversion,0
2026-01-03T12:37:00+00:00,c121_7,control,error_rate,0
2026-01-03T12:38:00+00:00,c121_8,control,conversion,0
2026-01-03T12:38:00+00:00,c121_8,control,error_rate,0
2026-01-03T12:39:00+00:00,c121_9,control,conversion,0
2026-01-03T12:39:00+00:00,c121_9,control,error_rate,0
2026-01-03T12:40:00+00:00,c121_10,control,conversion,0
2026-01-03T12:40:00+00:00,c121_10,control,error_rate,0
2026-01-03T12:41:00+00:00,c121_11,control,conversion,1
2026-01-03T12:41:00+00:00,c121_11,control,error_rate,0
2026-01-03T12:42:00+00:00,c121_12,control,conversion,0
2026-01-03T12:42:00+00:00,c121_12,control,error_rate,0
2026-01-03T12:43:00+00:00,c121_13,control,conversion,0
2026-01-03T12:43:00+00:00,c121_13,control,error_rate,0
2026-01-03T12:44:00+00:00,c121_14,control,conversion,0
2026-01-03T12:44:00+00:00,c121_14,control,error_rate,0
2026-01-03T12:45:00+00:00,c121_15,control,conversion,0
2026-01-03T12:45:00+00:00,c121_15,control,error_rate,0
2026-01-03T12:46:00+00:00,c121_16,control,conversion,0
2026-01-03T12:46:00+00:00,c121_16,control,error_rate,0
2026-01-03T12:47:00+00:00,c121_17,control,conversion,0
2026-01-03T12:47:00+00:00,c121_17,control,error_rate,0
2026-01-03T12:48:00+00:00,c121_18,control,conversion,0
2026-01-03T12:48:00+00:00,c121_18,control,error_rate,0
2026-01-03T12:49:00+00:00,c121_19,control,conversion,0
2026-01-03T12:49:00+00:00,c121_19,control,error_rate,0
2026-01-03T12:50:00+00:00,c121_20,control,conversion,0
2026-01-03T12:50:00+00:00,c121_20,control,error_rate,0
2026-01-03T12:51:00+00:00,c121_21,control,conversion,1
2026-01-03T12:51:00+00:00,c121_21,control,error_rate,0
2026-01-03T12:52:00+00:00,c121_22,control,conversion,0
2026-01-03T12:52:00+00:00,c121_22,control,error_rate,0
2026-01-03T12:53:00+00:00,c121_23,control,conversion,0
2026-01-03T12:53:00+00:00,c121_23,control,error_rate,0
2026-01-03T12:54:00+00:00,c121_24,control,conversion,0
2026-01-03T12:54:00+00:00,c121_24,control,error_rate,0
2026-01-03T12:55:00+00:00,c121_25,control,conversion,0
2026-01-03T12:55:00+00:00,c121_25,control,error_rate,0
2026-01-03T12:56:00+00:00,c121_26,control,conversion,0
2026-01-03T12:56:00+00:00,c121_26,control,error_rate,0
2026-01-03T12:57:00+00:00,c121_27,control,conversion,0
2026-01-03T12:57:00+00:00,c121_27,control,error_rate,0
2026-01-03T12:58:00+00:00,c121_28,control,conversion,0
2026-01-03T12:58:00+00:00,c121_28,control,error_rate,0
2026-01-03T12:59:00+00:00,c121_29,control,conversion,0
2026-01-03T12:59:00+00:00,c121_29,control,error_rate,0
2026-01-03T12:30:00+00:00,t121_0,treatment,conversion,0
2026-01-03T12:30:00+00:00,t121_0,treatment,error_rate,0
2026-01-03T12:31:00+00:00,t121_1,treatment,conversion,0
2026-01-03T12:31:00+00:00,t121_1,treatment,error_rate,0
2026-01-03T12:32:00+00:00,t121_2,treatment,conversion,0
2026-01-03T12:32:00+00:00,t121_2,treatment,error_rate,0
2026-01-03T12:33:00+00:00,t121_3,treatment,conversion,0
2026-01-03T12:33:00+00:00,t121_3,treatment,error_rate,0
2026-01-03T12:34:00+00:00,t121_4,treatment,conversion,0
2026-01-03T12:34:00+00:00,t121_4,treatment,error_rate,0
2026-01-03T12:35:00+00:00,t121_5,treatment,conversion,0
2026-01-03T12:35:00+00:00,t121_5,treatment,error_rate,0
2026-01-03T12:36:00+00:00,t121_6,treatment,conversion,0
2026-01-03T12:36:00+00:00,t121_6,treatment,error_rate,0
2026-01-03T12:37:00+00:00,t121_7,treatment,conversion,1
2026-01-03T12:37:00+00:00,t121_7,treatment,error_rate,0
2026-01-03T12:38:00+00:00,t121_8,treatment,conversion,1
2026-01-03T12:38:00+00:00,t121_8,treatment,error_rate,0
2026-01-03T12:39:00+00:00,t121_9,treatment,conversion,0
2026-01-03T12:39:00+00:00,t121_9,treatment,error_rate,0
2026-01-03T12:40:00+00:00,t121_10,treatment,conversion,0
2026-01-03T12:40:00+00:00,t121_10,treatment,error_rate,0
2026-01-03T12:41:00+00:00,t121_11,treatment,conversion,0
2026-01-03T12:41:00+00:00,t121_11,treatment,error_rate,0
2026-01-03T12:42:00+00:00,t121_12,treatment,conversion,0
2026-01-03T12:42:00+00:00,t121_12,treatment,error_rate,1
2026-01-03T12:43:00+00:00,t121_13,treatment,conversion,0
2026-01-03T12:43:00+00:00,t121_13,treatment,error_rate,0
2026-01-03T12:44:00+00:00,t121_14,treatment,conversion,0
2026-01-03T12:44:00+00:00,t121_14,treatment,error_rate,0
2026-01-03T12:45:00+00:00,t121_15,treatment,conversion,0
2026-01-03T12:45:00+00:00,t121_15,treatment,error_rate,0
2026-01-03T12:46:00+00:00,t121_16,treatment,conversion,0
2026-01-03T12:46:00+00:00,t121_16,treatment,error_rate,0
2026-01-03T12:47:00+00:00,t121_17,treatment,conversion,0
2026-01-03T12:47:00+00:00,t121_17,treatment,error_rate,0
2026-01-03T12:48:00+00:00,t121_18,treatment,conversion,0
2026-01-03T12:48:00+00:00,t121_18,treatment,error_rate,0
2026-01-03T12:49:00+00:00,t121_19,treatment,conversion,0
2026-01-03T12:49:00+00:00,t121_19,treatment,error_rate,0
2026-01-03T12:50:00+00:00,t121_20,treatment,conversion,0
2026-01-03T12:50:00+00:00,t121_20,treatment,error_rate,0
2026-01-03T12:51:00+00:00,t121_21,treatment,conversion,0
2026-01-03T12:51:00+00:00,t121_21,treatment,error_rate,1
2026-01-03T12:52:00+00:00,t121_22,treatment,conversion,0
2026-01-03T12:52:00+00:00,t121_22,treatment,error_rate,0
2026-01-03T12:53:00+00:00,t121_23,treatment,conversion,0
2026-01-03T12:53:00+00:00,t121_23,treatment,error_rate,0
2026-01-03T12:54:00+00:00,t121_24,treatment,conversion,0
2026-01-03T12:54:00+00:00,t121_24,treatment,error_rate,0
2026-01-03T12:55:00+00:00,t121_25,treatment,conversion,0
2026-01-03T12:55:00+00:00,t121_25,treatment,error_rate,0
2026-01-03T12:56:00+00:00,t121_26,treatment,conversion,0
2026-01-03T12:56:00+00:00,t121_26,treatment,error_rate,0
2026-01-03T12:57:00+00:00,t121_27,treatment,conversion,0
2026-01-03T12:57:00+00:00,t121_27,treatment,error_rate,0
2026-01-03T12:58:00+00:00,t121_28,treatment,conversion,0
2026-01-03T12:58:00+00:00,t121_28,treatment,error_rate,0
2026-01-03T12:59:00+00:00,t121_29,treatment,conversion,0
2026-01-03T12:59:00+00:00,t121_29,treatment,error_rate,0
2026-01-03T13:00:00+00:00,c122_0,control,conversion,1
2026-01-03T13:00:00+00:00,c122_0,control,error_rate,0
2026-01-03T13:01:00+00:00,c122_1,control,conversion,0
2026-01-03T13:01:00+00:00,c122_1,control,error_rate,0
2026-01-03T13:02:00+00:00,c122_2,control,conversion,0
2026-01-03T13:02:00+00:00,c122_2,control,error_rate,0
2026-01-03T13:03:00+00:00,c122_3,control,conversion,0
2026-01-03T13:03:00+00:00,c122_3,control,error_rate,0
2026-01-03T13:04:00+00:00,c122_4,control,conversion,0
2026-01-03T13:04:00+00:00,c122_4,control,error_rate,0
2026-01-03T13:05:00+00:00,c122_5,control,conversion,0
2026-01-03T13:05:00+00:00,c122_5,control,error_rate,0
2026-01-03T13:06:00+00:00,c122_6,control,conversion,0
2026-01-03T13:06:00+00:00,c122_6,control,error_rate,0
2026-01-03T13:07:00+00:00,c122_7,control,conversion,0
2026-01-03T13:07:00+00:00,c122_7,control,error_rate,0
2026-01-03T13:08:00+00:00,c122_8,control,conversion,1
2026-01-03T13:08:00+00:00,c122_8,control,error_rate,0
2026-01-03T13:09:00+00:00,c122_9,control,conversion,1
2026-01-03T13:09:00+00:00,c122_9,control,error_rate,0
2026-01-03T13:10:00+00:00,c122_10,control,conversion,0
2026-01-03T13:10:00+00:00,c122_10,control,error_rate,0
2026-01-03T13:11:00+00:00,c122_11,control,conversion,0
2026-01-03T13:11:00+00:00,c122_11,control,error_rate,0
2026-01-03T13:12:00+00:00,c122_12,control,conversion,0
2026-01-03T13:12:00+00:00,c122_12,control,error_rate,0
2026-01-03T13:13:00+00:00,c122_13,control,conversion,0
2026-01-03T13:13:00+00:00,c122_13,control,error_rate,0
2026-01-03T13:14:00+00:00,c122_14,control,conversion,0
2026-01-03T13:14:00+00:00,c122_14,control,error_rate,0
2026-01-03T13:15:00+00:00,c122_15,control,conversion,0
2026-01-03T13:15:00+00:00,c122_15,control,error_rate,0
2026-01-03T13:16:00+00:00,c122_16,control,conversion,1
2026-01-03T13:16:00+00:00,c122_16,control,error_rate,0
2026-01-03T13:17:00+00:00,c122_17,control,conversion,0
2026-01-03T13:17:00+00:00,c122_17,control,error_rate,0
2026-01-03T13:18:00+00:00,c122_18,control,conversion,0
2026-01-03T13:18:00+00:00,c122_18,control,error_rate,0
2026-01-03T13:19:00+00:00,c122_19,control,conversion,0
2026-01-03T13:19:00+00:00,c122_19,control,error_rate,0
2026-01-03T13:20:00+00:00,c122_20,control,conversion,0
2026-01-03T13:20:00+00:00,c122_20,control,error_rate,0
2026-01-03T13:21:00+00:00,c122_21,control,conversion,0
2026-01-03T13:21:00+00:00,c122_21,control,error_rate,0
2026-01-03T13:22:00+00:00,c122_22,control,conversion,0
2026-01-03T13:22:00+00:00,c122_22,control,error_rate,0
2026-01-03T13:23:00+00:00,c122_23,control,conversion,0
2026-01-03T13:23:00+00:00,c122_23,control,error_rate,0
2026-01-03T13:24:00+00:00,c122_24,control,conversion,0
2026-01-03T13:24:00+00:00,c122_24,control,error_rate,0
2026-01-03T13:25:00+00:00,c122_25,control,conversion,0
2026-01-03T13:25:00+00:00,c122_25,control,error_rate,0
2026-01-03T13:26:00+00:00,c122_26,control,conversion,0
2026-01-03T13:26:00+00:00,c122_26,control,error_rate,0
2026-01-03T13:27:00+00:00,c122_27,control,conversion,1
2026-01-03T13:27:00+00:00,c122_27,control,error_rate,0
2026-01-03T13:28:00+00:00,c122_28,control,conversion,0
2026-01-03T13:28:00+00:00,c122_28,control,error_rate,0
2026-01-03T13:29:00+00:00,c122_29,control,conversion,0
2026-01-03T13:29:00+00:00,c122_29,control,error_rate,0
2026-01-03T13:00:00+00:00,t122_0,treatment,conversion,0
2026-01-03T13:00:00+00:00,t122_0,treatment,error_rate,0
2026-01-03T13:01:00+00:00,t122_1,treatment,conversion,1
2026-01-03T13:01:00+00:00,t122_1,treatment,error_rate,0
2026-01-03T13:02:00+00:00,t122_2,treatment,conversion,0
2026-01-03T13:02:00+00:00,t122_2,treatment,error_rate,0
2026-01-03T13:03:00+00:00,t122_3,treatment,conversion,0
2026-01-03T13:03:00+00:00,t122_3,treatment,error_rate,0
2026-01-03T13:04:00+00:00,t122_4,treatment,conversion,0
2026-01-03T13:04:00+00:00,t122_4,treatment,error_rate,0
2026-01-03T13:05:00+00:00,t122_5,treatment,conversion,0
2026-01-03T13:05:00+00:00,t122_5,treatment,error_rate,0
2026-01-03T13:06:00+00:00,t122_6,treatment,conversion,0
2026-01-03T13:06:00+00:00,t122_6,treatment,error_rate,0
2026-01-03T13:07:00+00:00,t122_7,treatment,conversion,0
2026-01-03T13:07:00+00:00,t122_7,treatment,error_rate,0
2026-01-03T13:08:00+00:00,t122_8,treatment,conversion,0
2026-01-03T13:08:00+00:00,t122_8,treatment,error_rate,0
2026-01-03T13:09:00+00:00,t122_9,treatment,conversion,1
2026-01-03T13:09:00+00:00,t122_9,treatment,error_rate,0
2026-01-03T13:10:00+00:00,t122_10,treatment,conversion,1
2026-01-03T13:10:00+00:00,t122_10,treatment,error_rate,0
2026-01-03T13:11:00+00:00,t122_11,treatment,conversion,0
2026-01-03T13:11:00+00:00,t122_11,treatment,error_rate,0
2026-01-03T13:12:00+00:00,t122_12,treatment,conversion,0
2026-01-03T13:12:00+00:00,t122_12,treatment,error_rate,0
2026-01-03T13:13:00+00:00,t122_13,treatment,conversion,0
2026-01-03T13:13:00+00:00,t122_13,treatment,error_rate,0
2026-01-03T13:14:00+00:00,t122_14,treatment,conversion,0
2026-01-03T13:14:00+00:00,t122_14,treatment,error_rate,0
2026-01-03T13:15:00+00:00,t122_15,treatment,conversion,0
2026-01-03T13:15:00+00:00,t122_15,treatment,error_rate,1
2026-01-03T13:16:00+00:00,t122_16,treatment,conversion,1
2026-01-03T13:16:00+00:00,t122_16,treatment,error_rate,0
2026-01-03T13:17:00+00:00,t122_17,treatment,conversion,1
2026-01-03T13:17:00+00:00,t122_17,treatment,error_rate,0
2026-01-03T13:18:00+00:00,t122_18,treatment,conversion,0
2026-01-03T13:18:00+00:00,t122_18,treatment,error_rate,0
2026-01-03T13:19:00+00:00,t122_19,treatment,conversion,1
2026-01-03T13:19:00+00:00,t122_19,treatment,error_rate,0
2026-01-03T13:20:00+00:00,t122_20,treatment,conversion,0
2026-01-03T13:20:00+00:00,t122_20,treatment,error_rate,0
2026-01-03T13:21:00+00:00,t122_21,treatment,conversion,0
2026-01-03T13:21:00+00:00,t122_21,treatment,error_rate,0
2026-01-03T13:22:00+00:00,t122_22,treatment,conversion,0
2026-01-03T13:22:00+00:00,t122_22,treatment,error_rate,0
2026-01-03T13:23:00+00:00,t122_23,treatment,conversion,0
2026-01-03T13:23:00+00:00,t122_23,treatment,error_rate,0
2026-01-03T13:24:00+00:00,t122_24,treatment,conversion,0
2026-01-03T13:24:00+00:00,t122_24,treatment,error_rate,0
2026-01-03T13:25:00+00:00,t122_25,treatment,conversion,0
2026-01-03T13:25:00+00:00,t122_25,treatment,error_rate,0
2026-01-03T13:26:00+00:00,t122_26,treatment,conversion,0
2026-01-03T13:26:00+00:00,t122_26,treatment,error_rate,0
2026-01-03T13:27:00+00:00,t122_27,treatment,conversion,0
2026-01-03T13:27:00+00:00,t122_27,treatment,error_rate,0
2026-01-03T13:28:00+00:00,t122_28,treatment,conversion,0
2026-01-03T13:28:00+00:00,t122_28,treatment,error_rate,0
2026-01-03T13:29:00+00:00,t122_29,treatment,conversion,0
2026-01-03T13:29:00+00:00,t122_29,treatment,error_rate,0
2026-01-03T13:30:00+00:00,c123_0,control,conversion,0
2026-01-03T13:30:00+00:00,c123_0,control,error_rate,0
2026-01-03T13:31:00+00:00,c123_1,control,conversion,0
2026-01-03T13:31:00+00:00,c123_1,control,error_rate,0
2026-01-03T13:32:00+00:00,c123_2,control,conversion,1
2026-01-03T13:32:00+00:00,c123_2,control,error_rate,1
2026-01-03T13:33:00+00:00,c123_3,control,conversion,1
2026-01-03T13:33:00+00:00,c123_3,control,error_rate,0
2026-01-03T13:34:00+00:00,c123_4,control,conversion,0
2026-01-03T13:34:00+00:00,c123_4,control,error_rate,0
2026-01-03T13:35:00+00:00,c123_5,control,conversion,1
2026-01-03T13:35:00+00:00,c123_5,control,error_rate,0
2026-01-03T13:36:00+00:00,c123_6,control,conversion,0
2026-01-03T13:36:00+00:00,c123_6,control,error_rate,0
2026-01-03T13:37:00+00:00,c123_7,control,conversion,0
2026-01-03T13:37:00+00:00,c123_7,control,error_rate,0
2026-01-03T13:38:00+00:00,c123_8,control,conversion,1
2026-01-03T13:38:00+00:00,c123_8,control,error_rate,0
2026-01-03T13:39:00+00:00,c123_9,control,conversion,1
2026-01-03T13:39:00+00:00,c123_9,control,error_rate,0
2026-01-03T13:40:00+00:00,c123_10,control,conversion,0
2026-01-03T13:40:00+00:00,c123_10,control,error_rate,0
2026-01-03T13:41:00+00:00,c123_11,control,conversion,0
2026-01-03T13:41:00+00:00,c123_11,control,error_rate,0
2026-01-03T13:42:00+00:00,c123_12,control,conversion,0
2026-01-03T13:42:00+00:00,c123_12,control,error_rate,0
2026-01-03T13:43:00+00:00,c123_13,control,conversion,0
2026-01-03T13:43:00+00:00,c123_13,control,error_rate,0
2026-01-03T13:44:00+00:00,c123_14,control,conversion,0
2026-01-03T13:44:00+00:00,c123_14,control,error_rate,0
2026-01-03T13:45:00+00:00,c123_15,control,conversion,0
2026-01-03T13:45:00+00:00,c123_15,control,error_rate,0
2026-01-03T13:46:00+00:00,c123_16,control,conversion,0
2026-01-03T13:46:00+00:00,c123_16,control,error_rate,0
2026-01-03T13:47:00+00:00,c123_17,control,conversion,0
2026-01-03T13:47:00+00:00,c123_17,control,error_rate,0
2026-01-03T13:48:00+00:00,c123_18,control,conversion,0
2026-01-03T13:48:00+00:00,c123_18,control,error_rate,0
2026-01-03T13:49:00+00:00,c123_19,control,conversion,0
2026-01-03T13:49:00+00:00,c123_19,control,error_rate,0
2026-01-03T13:50:00+00:00,c123_20,control,conversion,0
2026-01-03T13:50:00+00:00,c123_20,control,error_rate,0
2026-01-03T13:51:00+00:00,c123_21,control,conversion,0
2026-01-03T13:51:00+00:00,c123_21,control,error_rate,0
2026-01-03T13:52:00+00:00,c123_22,control,conversion,0
2026-01-03T13:52:00+00:00,c123_22,control,error_rate,0
2026-01-03T13:53:00+00:00,c123_23,control,conversion,0
2026-01-03T13:53:00+00:00,c123_23,control,error_rate,0
2026-01-03T13:54:00+00:00,c123_24,control,conversion,0
2026-01-03T13:54:00+00:00,c123_24,control,error_rate,0
2026-01-03T13:55:00+00:00,c123_25,control,conversion,0
2026-01-03T13:55:00+00:00,c123_25,control,error_rate,0
2026-01-03T13:56:00+00:00,c123_26,control,conversion,0
2026-01-03T13:56:00+00:00,c123_26,control,error_rate,0
2026-01-03T13:57:00+00:00,c123_27,control,conversion,0
2026-01-03T13:57:00+00:00,c123_27,control,error_rate,0
2026-01-03T13:58:00+00:00,c123_28,control,conversion,0
2026-01-03T13:58:00+00:00,c123_28,control,error_rate,0
2026-01-03T13:59:00+00:00,c123_29,control,conversion,0
2026-01-03T13:59:00+00:00,c123_29,control,error_rate,0
2026-01-03T13:30:00+00:00,t123_0,treatment,conversion,0
2026-01-03T13:30:00+00:00,t123_0,treatment,error_rate,0
2026-01-03T13:31:00+00:00,t123_1,treatment,conversion,0
2026-01-03T13:31:00+00:00,t123_1,treatment,error_rate,0
2026-01-03T13:32:00+00:00,t123_2,treatment,conversion,0
2026-01-03T13:32:00+00:00,t123_2,treatment,error_rate,0
2026-01-03T13:33:00+00:00,t123_3,treatment,conversion,0
2026-01-03T13:33:00+00:00,t123_3,treatment,error_rate,0
2026-01-03T13:34:00+00:00,t123_4,treatment,conversion,0
2026-01-03T13:34:00+00:00,t123_4,treatment,error_rate,0
2026-01-03T13:35:00+00:00,t123_5,treatment,conversion,0
2026-01-03T13:35:00+00:00,t123_5,treatment,error_rate,0
2026-01-03T13:36:00+00:00,t123_6,treatment,conversion,0
2026-01-03T13:36:00+00:00,t123_6,treatment,error_rate,0
2026-01-03T13:37:00+00:00,t123_7,treatment,conversion,0
2026-01-03T13:37:00+00:00,t123_7,treatment,error_rate,0
2026-01-03T13:38:00+00:00,t123_8,treatment,conversion,0
2026-01-03T13:38:00+00:00,t123_8,treatment,error_rate,0
2026-01-03T13:39:00+00:00,t123_9,treatment,conversion,0
2026-01-03T13:39:00+00:00,t123_9,treatment,error_rate,0
2026-01-03T13:40:00+00:00,t123_10,treatment,conversion,1
2026-01-03T13:40:00+00:00,t123_10,treatment,error_rate,0
2026-01-03T13:41:00+00:00,t123_11,treatment,conversion,0
2026-01-03T13:41:00+00:00,t123_11,treatment,error_rate,0
2026-01-03T13:42:00+00:00,t123_12,treatment,conversion,0
2026-01-03T13:42:00+00:00,t123_12,treatment,error_rate,0
2026-01-03T13:43:00+00:00,t123_13,treatment,conversion,1
2026-01-03T13:43:00+00:00,t123_13,treatment,error_rate,0
2026-01-03T13:44:00+00:00,t123_14,treatment,conversion,1
2026-01-03T13:44:00+00:00,t123_14,treatment,error_rate,0
2026-01-03T13:45:00+00:00,t123_15,treatment,conversion,0
2026-01-03T13:45:00+00:00,t123_15,treatment,error_rate,0
2026-01-03T13:46:00+00:00,t123_16,treatment,conversion,0
2026-01-03T13:46:00+00:00,t123_16,treatment,error_rate,0
2026-01-03T13:47:00+00:00,t123_17,treatment,conversion,1
2026-01-03T13:47:00+00:00,t123_17,treatment,error_rate,0
2026-01-03T13:48:00+00:00,t123_18,treatment,conversion,0
2026-01-03T13:48:00+00:00,t123_18,treatment,error_rate,0
2026-01-03T13:49:00+00:00,t123_19,treatment,conversion,0
2026-01-03T13:49:00+00:00,t123_19,treatment,error_rate,0
2026-01-03T13:50:00+00:00,t123_20,treatment,conversion,0
2026-01-03T13:50:00+00:00,t123_20,treatment,error_rate,0
2026-01-03T13:51:00+00:00,t123_21,treatment,conversion,0
2026-01-03T13:51:00+00:00,t123_21,treatment,error_rate,0
2026-01-03T13:52:00+00:00,t123_22,treatment,conversion,0
2026-01-03T13:52:00+00:00,t123_22,treatment,error_rate,0
2026-01-03T13:53:00+00:00,t123_23,treatment,conversion,0
2026-01-03T13:53:00+00:00,t123_23,treatment,error_rate,0
2026-01-03T13:54:00+00:00,t123_24,treatment,conversion,1
2026-01-03T13:54:00+00:00,t123_24,treatment,error_rate,0
2026-01-03T13:55:00+00:00,t123_25,treatment,conversion,0
2026-01-03T13:55:00+00:00,t123_25,treatment,error_rate,0
2026-01-03T13:56:00+00:00,t123_26,treatment,conversion,0
2026-01-03T13:56:00+00:00,t123_26,treatment,error_rate,0
2026-01-03T13:57:00+00:00,t123_27,treatment,conversion,0
2026-01-03T13:57:00+00:00,t123_27,treatment,error_rate,0
2026-01-03T13:58:00+00:00,t123_28,treatment,conversion,0
2026-01-03T13:58:00+00:00,t123_28,treatment,error_rate,1
2026-01-03T13:59:00+00:00,t123_29,treatment,conversion,0
2026-01-03T13:59:00+00:00,t123_29,treatment,error_rate,0
2026-01-03T14:00:00+00:00,c124_0,control,conversion,0
2026-01-03T14:00:00+00:00,c124_0,control,error_rate,1
2026-01-03T14:01:00+00:00,c124_1,control,conversion,0
2026-01-03T14:01:00+00:00,c124_1,control,error_rate,0
2026-01-03T14:02:00+00:00,c124_2,control,conversion,0
2026-01-03T14:02:00+00:00,c124_2,control,error_rate,0
2026-01-03T14:03:00+00:00,c124_3,control,conversion,0
2026-01-03T14:03:00+00:00,c124_3,control,error_rate,0
2026-01-03T14:04:00+00:00,c124_4,control,conversion,0
2026-01-03T14:04:00+00:00,c124_4,control,error_rate,0
2026-01-03T14:05:00+00:00,c124_5,control,conversion,0
2026-01-03T14:05:00+00:00,c124_5,control,error_rate,0
2026-01-03T14:06:00+00:00,c124_6,control,conversion,0
2026-01-03T14:06:00+00:00,c124_6,control,error_rate,0
2026-01-03T14:07:00+00:00,c124_7,control,conversion,0
2026-01-03T14:07:00+00:00,c124_7,control,error_rate,0
2026-01-03T14:08:00+00:00,c124_8,control,conversion,0
2026-01-03T14:08:00+00:00,c124_8,control,error_rate,0
2026-01-03T14:09:00+00:00,c124_9,control,conversion,0
2026-01-03T14:09:00+00:00,c124_9,control,error_rate,0
2026-01-03T14:10:00+00:00,c124_10,control,conversion,0
2026-01-03T14:10:00+00:00,c124_10,control,error_rate,0
2026-01-03T14:11:00+00:00,c124_11,control,conversion,1
2026-01-03T14:11:00+00:00,c124_11,control,error_rate,1
2026-01-03T14:12:00+00:00,c124_12,control,conversion,0
2026-01-03T14:12:00+00:00,c124_12,control,error_rate,0
2026-01-03T14:13:00+00:00,c124_13,control,conversion,0
2026-01-03T14:13:00+00:00,c124_13,control,error_rate,0
2026-01-03T14:14:00+00:00,c124_14,control,conversion,0
2026-01-03T14:14:00+00:00,c124_14,control,error_rate,0
2026-01-03T14:15:00+00:00,c124_15,control,conversion,0
2026-01-03T14:15:00+00:00,c124_15,control,error_rate,0
2026-01-03T14:16:00+00:00,c124_16,control,conversion,0
2026-01-03T14:16:00+00:00,c124_16,control,error_rate,0
2026-01-03T14:17:00+00:00,c124_17,control,conversion,0
2026-01-03T14:17:00+00:00,c124_17,control,error_rate,0
2026-01-03T14:18:00+00:00,c124_18,control,conversion,0
2026-01-03T14:18:00+00:00,c124_18,control,error_rate,0
2026-01-03T14:19:00+00:00,c124_19,control,conversion,0
2026-01-03T14:19:00+00:00,c124_19,control,error_rate,0
2026-01-03T14:20:00+00:00,c124_20,control,conversion,0
2026-01-03T14:20:00+00:00,c124_20,control,error_rate,0
2026-01-03T14:21:00+00:00,c124_21,control,conversion,0
2026-01-03T14:21:00+00:00,c124_21,control,error_rate,0
2026-01-03T14:22:00+00:00,c124_22,control,conversion,0
2026-01-03T14:22:00+00:00,c124_22,control,error_rate,0
2026-01-03T14:23:00+00:00,c124_23,control,conversion,0
2026-01-03T14:23:00+00:00,c124_23,control,error_rate,0
2026-01-03T14:24:00+00:00,c124_24,control,conversion,0
2026-01-03T14:24:00+00:00,c124_24,control,error_rate,0
2026-01-03T14:25:00+00:00,c124_25,control,conversion,0
2026-01-03T14:25:00+00:00,c124_25,control,error_rate,0
2026-01-03T14:26:00+00:00,c124_26,control,conversion,0
2026-01-03T14:26:00+00:00,c124_26,control,error_rate,0
2026-01-03T14:27:00+00:00,c124_27,control,conversion,0
2026-01-03T14:27:00+00:00,c124_27,control,error_rate,1
2026-01-03T14:28:00+00:00,c124_28,control,conversion,0
2026-01-03T14:28:00+00:00,c124_28,control,error_rate,0
2026-01-03T14:29:00+00:00,c124_29,control,conversion,0
2026-01-03T14:29:00+00:00,c124_29,control,error_rate,0
2026-01-03T14:00:00+00:00,t124_0,treatment,conversion,0
2026-01-03T14:00:00+00:00,t124_0,treatment,error_rate,0
2026-01-03T14:01:00+00:00,t124_1,treatment,conversion,0
2026-01-03T14:01:00+00:00,t124_1,treatment,error_rate,0
2026-01-03T14:02:00+00:00,t124_2,treatment,conversion,0
2026-01-03T14:02:00+00:00,t124_2,treatment,error_rate,1
2026-01-03T14:03:00+00:00,t124_3,treatment,conversion,1
2026-01-03T14:03:00+00:00,t124_3,treatment,error_rate,0
2026-01-03T14:04:00+00:00,t124_4,treatment,conversion,0
2026-01-03T14:04:00+00:00,t124_4,treatment,error_rate,0
2026-01-03T14:05:00+00:00,t124_5,treatment,conversion,0
2026-01-03T14:05:00+00:00,t124_5,treatment,error_rate,0
2026-01-03T14:06:00+00:00,t124_6,treatment,conversion,0
2026-01-03T14:06:00+00:00,t124_6,treatment,error_rate,0
2026-01-03T14:07:00+00:00,t124_7,treatment,conversion,0
2026-01-03T14:07:00+00:00,t124_7,treatment,error_rate,0
2026-01-03T14:08:00+00:00,t124_8,treatment,conversion,0
2026-01-03T14:08:00+00:00,t124_8,treatment,error_rate,0
2026-01-03T14:09:00+00:00,t124_9,treatment,conversion,1
2026-01-03T14:09:00+00:00,t124_9,treatment,error_rate,0
2026-01-03T14:10:00+00:00,t124_10,treatment,conversion,1
2026-01-03T14:10:00+00:00,t124_10,treatment,error_rate,0
2026-01-03T14:11:00+00:00,t124_11,treatment,conversion,0
2026-01-03T14:11:00+00:00,t124_11,treatment,error_rate,0
2026-01-03T14:12:00+00:00,t124_12,treatment,conversion,1
2026-01-03T14:12:00+00:00,t124_12,treatment,error_rate,0
2026-01-03T14:13:00+00:00,t124_13,treatment,conversion,1
2026-01-03T14:13:00+00:00,t124_13,treatment,error_rate,0
2026-01-03T14:14:00+00:00,t124_14,treatment,conversion,0
2026-01-03T14:14:00+00:00,t124_14,treatment,error_rate,1
2026-01-03T14:15:00+00:00,t124_15,treatment,conversion,0
2026-01-03T14:15:00+00:00,t124_15,treatment,error_rate,0
2026-01-03T14:16:00+00:00,t124_16,treatment,conversion,0
2026-01-03T14:16:00+00:00,t124_16,treatment,error_rate,0
2026-01-03T14:17:00+00:00,t124_17,treatment,conversion,0
2026-01-03T14:17:00+00:00,t124_17,treatment,error_rate,0
2026-01-03T14:18:00+00:00,t124_18,treatment,conversion,0
2026-01-03T14:18:00+00:00,t124_18,treatment,error_rate,0
2026-01-03T14:19:00+00:00,t124_19,treatment,conversion,0
2026-01-03T14:19:00+00:00,t124_19,treatment,error_rate,0
2026-01-03T14:20:00+00:00,t124_20,treatment,conversion,0
2026-01-03T14:20:00+00:00,t124_20,treatment,error_rate,0
2026-01-03T14:21:00+00:00,t124_21,treatment,conversion,0
2026-01-03T14:21:00+00:00,t124_21,treatment,error_rate,1
2026-01-03T14:22:00+00:00,t124_22,treatment,conversion,0
2026-01-03T14:22:00+00:00,t124_22,treatment,error_rate,1
2026-01-03T14:23:00+00:00,t124_23,treatment,conversion,0
2026-01-03T14:23:00+00:00,t124_23,treatment,error_rate,0
2026-01-03T14:24:00+00:00,t124_24,treatment,conversion,0
2026-01-03T14:24:00+00:00,t124_24,treatment,error_rate,0
2026-01-03T14:25:00+00:00,t124_25,treatment,conversion,0
2026-01-03T14:25:00+00:00,t124_25,treatment,error_rate,0
2026-01-03T14:26:00+00:00,t124_26,treatment,conversion,0
2026-01-03T14:26:00+00:00,t124_26,treatment,error_rate,0
2026-01-03T14:27:00+00:00,t124_27,treatment,conversion,0
2026-01-03T14:27:00+00:00,t124_27,treatment,error_rate,0
2026-01-03T14:28:00+00:00,t124_28,treatment,conversion,1
2026-01-03T14:28:00+00:00,t124_28,treatment,error_rate,0
2026-01-03T14:29:00+00:00,t124_29,treatment,conversion,0
2026-01-03T14:29:00+00:00,t124_29,treatment,error_rate,1
2026-01-03T14:30:00+00:00,c125_0,control,conversion,0
2026-01-03T14:30:00+00:00,c125_0,control,error_rate,0
2026-01-03T14:31:00+00:00,c125_1,control,conversion,0
2026-01-03T14:31:00+00:00,c125_1,control,error_rate,0
2026-01-03T14:32:00+00:00,c125_2,control,conversion,1
2026-01-03T14:32:00+00:00,c125_2,control,error_rate,0
2026-01-03T14:33:00+00:00,c125_3,control,conversion,1
2026-01-03T14:33:00+00:00,c125_3,control,error_rate,1
2026-01-03T14:34:00+00:00,c125_4,control,conversion,0
2026-01-03T14:34:00+00:00,c125_4,control,error_rate,0
2026-01-03T14:35:00+00:00,c125_5,control,conversion,0
2026-01-03T14:35:00+00:00,c125_5,control,error_rate,0
2026-01-03T14:36:00+00:00,c125_6,control,conversion,0
2026-01-03T14:36:00+00:00,c125_6,control,error_rate,0
2026-01-03T14:37:00+00:00,c125_7,control,conversion,0
2026-01-03T14:37:00+00:00,c125_7,control,error_rate,1
2026-01-03T14:38:00+00:00,c125_8,control,conversion,0
2026-01-03T14:38:00+00:00,c125_8,control,error_rate,0
2026-01-03T14:39:00+00:00,c125_9,control,conversion,0
2026-01-03T14:39:00+00:00,c125_9,control,error_rate,0
2026-01-03T14:40:00+00:00,c125_10,control,conversion,0
2026-01-03T14:40:00+00:00,c125_10,control,error_rate,1
2026-01-03T14:41:00+00:00,c125_11,control,conversion,0
2026-01-03T14:41:00+00:00,c125_11,control,error_rate,0
2026-01-03T14:42:00+00:00,c125_12,control,conversion,0
2026-01-03T14:42:00+00:00,c125_12,control,error_rate,0
2026-01-03T14:43:00+00:00,c125_13,control,conversion,0
2026-01-03T14:43:00+00:00,c125_13,control,error_rate,1
2026-01-03T14:44:00+00:00,c125_14,control,conversion,0
2026-01-03T14:44:00+00:00,c125_14,control,error_rate,0
2026-01-03T14:45:00+00:00,c125_15,control,conversion,0
2026-01-03T14:45:00+00:00,c125_15,control,error_rate,1
2026-01-03T14:46:00+00:00,c125_16,control,conversion,0
2026-01-03T14:46:00+00:00,c125_16,control,error_rate,0
2026-01-03T14:47:00+00:00,c125_17,control,conversion,0
2026-01-03T14:47:00+00:00,c125_17,control,error_rate,1
2026-01-03T14:48:00+00:00,c125_18,control,conversion,0
2026-01-03T14:48:00+00:00,c125_18,control,error_rate,0
2026-01-03T14:49:00+00:00,c125_19,control,conversion,0
2026-01-03T14:49:00+00:00,c125_19,control,error_rate,0
2026-01-03T14:50:00+00:00,c125_20,control,conversion,0
2026-01-03T14:50:00+00:00,c125_20,control,error_rate,0
2026-01-03T14:51:00+00:00,c125_21,control,conversion,0
2026-01-03T14:51:00+00:00,c125_21,control,error_rate,0
2026-01-03T14:52:00+00:00,c125_22,control,conversion,0
2026-01-03T14:52:00+00:00,c125_22,control,error_rate,0
2026-01-03T14:53:00+00:00,c125_23,control,conversion,0
2026-01-03T14:53:00+00:00,c125_23,control,error_rate,0
2026-01-03T14:54:00+00:00,c125_24,control,conversion,0
2026-01-03T14:54:00+00:00,c125_24,control,error_rate,0
2026-01-03T14:55:00+00:00,c125_25,control,conversion,0
2026-01-03T14:55:00+00:00,c125_25,control,error_rate,1
2026-01-03T14:56:00+00:00,c125_26,control,conversion,0
2026-01-03T14:56:00+00:00,c125_26,control,error_rate,0
2026-01-03T14:57:00+00:00,c125_27,control,conversion,0
2026-01-03T14:57:00+00:00,c125_27,control,error_rate,0
2026-01-03T14:58:00+00:00,c125_28,control,conversion,0
2026-01-03T14:58:00+00:00,c125_28,control,error_rate,0
2026-01-03T14:59:00+00:00,c125_29,control,conversion,0
2026-01-03T14:59:00+00:00,c125_29,control,error_rate,0
2026-01-03T14:30:00+00:00,t125_0,treatment,conversion,0
2026-01-03T14:30:00+00:00,t125_0,treatment,error_rate,0
2026-01-03T14:31:00+00:00,t125_1,treatment,conversion,0
2026-01-03T14:31:00+00:00,t125_1,treatment,error_rate,0
2026-01-03T14:32:00+00:00,t125_2,treatment,conversion,0
2026-01-03T14:32:00+00:00,t125_2,treatment,error_rate,0
2026-01-03T14:33:00+00:00,t125_3,treatment,conversion,0
2026-01-03T14:33:00+00:00,t125_3,treatment,error_rate,0
2026-01-03T14:34:00+00:00,t125_4,treatment,conversion,0
2026-01-03T14:34:00+00:00,t125_4,treatment,error_rate,0
2026-01-03T14:35:00+00:00,t125_5,treatment,conversion,0
2026-01-03T14:35:00+00:00,t125_5,treatment,error_rate,0
2026-01-03T14:36:00+00:00,t125_6,treatment,conversion,1
2026-01-03T14:36:00+00:00,t125_6,treatment,error_rate,1
2026-01-03T14:37:00+00:00,t125_7,treatment,conversion,1
2026-01-03T14:37:00+00:00,t125_7,treatment,error_rate,0
2026-01-03T14:38:00+00:00,t125_8,treatment,conversion,1
2026-01-03T14:38:00+00:00,t125_8,treatment,error_rate,0
2026-01-03T14:39:00+00:00,t125_9,treatment,conversion,1
2026-01-03T14:39:00+00:00,t125_9,treatment,error_rate,0
2026-01-03T14:40:00+00:00,t125_10,treatment,conversion,0
2026-01-03T14:40:00+00:00,t125_10,treatment,error_rate,0
2026-01-03T14:41:00+00:00,t125_11,treatment,conversion,0
2026-01-03T14:41:00+00:00,t125_11,treatment,error_rate,0
2026-01-03T14:42:00+00:00,t125_12,treatment,conversion,1
2026-01-03T14:42:00+00:00,t125_12,treatment,error_rate,0
2026-01-03T14:43:00+00:00,t125_13,treatment,conversion,1
2026-01-03T14:43:00+00:00,t125_13,treatment,error_rate,0
2026-01-03T14:44:00+00:00,t125_14,treatment,conversion,0
2026-01-03T14:44:00+00:00,t125_14,treatment,error_rate,0
2026-01-03T14:45:00+00:00,t125_15,treatment,conversion,0
2026-01-03T14:45:00+00:00,t125_15,treatment,error_rate,0
2026-01-03T14:46:00+00:00,t125_16,treatment,conversion,0
2026-01-03T14:46:00+00:00,t125_16,treatment,error_rate,0
2026-01-03T14:47:00+00:00,t125_17,treatment,conversion,0
2026-01-03T14:47:00+00:00,t125_17,treatment,error_rate,0
2026-01-03T14:48:00+00:00,t125_18,treatment,conversion,0
2026-01-03T14:48:00+00:00,t125_18,treatment,error_rate,0
2026-01-03T14:49:00+00:00,t125_19,treatment,conversion,0
2026-01-03T14:49:00+00:00,t125_19,treatment,error_rate,0
2026-01-03T14:50:00+00:00,t125_20,treatment,conversion,1
2026-01-03T14:50:00+00:00,t125_20,treatment,error_rate,0
2026-01-03T14:51:00+00:00,t125_21,treatment,conversion,0
2026-01-03T14:51:00+00:00,t125_21,treatment,error_rate,0
2026-01-03T14:52:00+00:00,t125_22,treatment,conversion,1
2026-01-03T14:52:00+00:00,t125_22,treatment,error_rate,0
2026-01-03T14:53:00+00:00,t125_23,treatment,conversion,0
2026-01-03T14:53:00+00:00,t125_23,treatment,error_rate,1
2026-01-03T14:54:00+00:00,t125_24,treatment,conversion,0
2026-01-03T14:54:00+00:00,t125_24,treatment,error_rate,0
2026-01-03T14:55:00+00:00,t125_25,treatment,conversion,1
2026-01-03T14:55:00+00:00,t125_25,treatment,error_rate,0
2026-01-03T14:56:00+00:00,t125_26,treatment,conversion,0
2026-01-03T14:56:00+00:00,t125_26,treatment,error_rate,0
2026-01-03T14:57:00+00:00,t125_27,treatment,conversion,0
2026-01-03T14:57:00+00:00,t125_27,treatment,error_rate,0
2026-01-03T14:58:00+00:00,t125_28,treatment,conversion,0
2026-01-03T14:58:00+00:00,t125_28,treatment,error_rate,0
2026-01-03T14:59:00+00:00,t125_29,treatment,conversion,0
2026-01-03T14:59:00+00:00,t125_29,treatment,error_rate,0
2026-01-03T15:00:00+00:00,c126_0,control,conversion,0
2026-01-03T15:00:00+00:00,c126_0,control,error_rate,0
2026-01-03T15:01:00+00:00,c126_1,control,conversion,1
2026-01-03T15:01:00+00:00,c126_1,control,error_rate,0
2026-01-03T15:02:00+00:00,c126_2,control,conversion,0
2026-01-03T15:02:00+00:00,c126_2,control,error_rate,0
2026-01-03T15:03:00+00:00,c126_3,control,conversion,0
2026-01-03T15:03:00+00:00,c126_3,control,error_rate,0
2026-01-03T15:04:00+00:00,c126_4,control,conversion,0
2026-01-03T15:04:00+00:00,c126_4,control,error_rate,0
2026-01-03T15:05:00+00:00,c126_5,control,conversion,1
2026-01-03T15:05:00+00:00,c126_5,control,error_rate,0
2026-01-03T15:06:00+00:00,c126_6,control,conversion,0
2026-01-03T15:06:00+00:00,c126_6,control,error_rate,0
2026-01-03T15:07:00+00:00,c126_7,control,conversion,0
2026-01-03T15:07:00+00:00,c126_7,control,error_rate,0
2026-01-03T15:08:00+00:00,c126_8,control,conversion,0
2026-01-03T15:08:00+00:00,c126_8,control,error_rate,0
2026-01-03T15:09:00+00:00,c126_9,control,conversion,0
2026-01-03T15:09:00+00:00,c126_9,control,error_rate,1
2026-01-03T15:10:00+00:00,c126_10,control,conversion,0
2026-01-03T15:10:00+00:00,c126_10,control,error_rate,0
2026-01-03T15:11:00+00:00,c126_11,control,conversion,0
2026-01-03T15:11:00+00:00,c126_11,control,error_rate,0
2026-01-03T15:12:00+00:00,c126_12,control,conversion,0
2026-01-03T15:12:00+00:00,c126_12,control,error_rate,0
2026-01-03T15:13:00+00:00,c126_13,control,conversion,1
2026-01-03T15:13:00+00:00,c126_13,control,error_rate,0
2026-01-03T15:14:00+00:00,c126_14,control,conversion,0
2026-01-03T15:14:00+00:00,c126_14,control,error_rate,0
2026-01-03T15:15:00+00:00,c126_15,control,conversion,0
2026-01-03T15:15:00+00:00,c126_15,control,error_rate,0
2026-01-03T15:16:00+00:00,c126_16,control,conversion,0
2026-01-03T15:16:00+00:00,c126_16,control,error_rate,0
2026-01-03T15:17:00+00:00,c126_17,control,conversion,0
2026-01-03T15:17:00+00:00,c126_17,control,error_rate,0
2026-01-03T15:18:00+00:00,c126_18,control,conversion,0
2026-01-03T15:18:00+00:00,c126_18,control,error_rate,0
2026-01-03T15:19:00+00:00,c126_19,control,conversion,0
2026-01-03T15:19:00+00:00,c126_19,control,error_rate,0
2026-01-03T15:20:00+00:00,c126_20,control,conversion,0
2026-01-03T15:20:00+00:00,c126_20,control,error_rate,0
2026-01-03T15:21:00+00:00,c126_21,control,conversion,1
2026-01-03T15:21:00+00:00,c126_21,control,error_rate,0
2026-01-03T15:22:00+00:00,c126_22,control,conversion,0
2026-01-03T15:22:00+00:00,c126_22,control,error_rate,0
2026-01-03T15:23:00+00:00,c126_23,control,conversion,0
2026-01-03T15:23:00+00:00,c126_23,control,error_rate,0
2026-01-03T15:24:00+00:00,c126_24,control,conversion,0
2026-01-03T15:24:00+00:00,c126_24,control,error_rate,0
2026-01-03T15:25:00+00:00,c126_25,control,conversion,0
2026-01-03T15:25:00+00:00,c126_25,control,error_rate,0
2026-01-03T15:26:00+00:00,c126_26,control,conversion,0
2026-01-03T15:26:00+00:00,c126_26,control,error_rate,0
2026-01-03T15:27:00+00:00,c126_27,control,conversion,0
2026-01-03T15:27:00+00:00,c126_27,control,error_rate,1
2026-01-03T15:28:00+00:00,c126_28,control,conversion,0
2026-01-03T15:28:00+00:00,c126_28,control,error_rate,1
2026-01-03T15:29:00+00:00,c126_29,control,conversion,0
2026-01-03T15:29:00+00:00,c126_29,control,error_rate,0
2026-01-03T15:00:00+00:00,t126_0,treatment,conversion,1
2026-01-03T15:00:00+00:00,t126_0,treatment,error_rate,0
2026-01-03T15:01:00+00:00,t126_1,treatment,conversion,1
2026-01-03T15:01:00+00:00,t126_1,treatment,error_rate,0
2026-01-03T15:02:00+00:00,t126_2,treatment,conversion,0
2026-01-03T15:02:00+00:00,t126_2,treatment,error_rate,0
2026-01-03T15:03:00+00:00,t126_3,treatment,conversion,0
2026-01-03T15:03:00+00:00,t126_3,treatment,error_rate,0
2026-01-03T15:04:00+00:00,t126_4,treatment,conversion,0
2026-01-03T15:04:00+00:00,t126_4,treatment,error_rate,0
2026-01-03T15:05:00+00:00,t126_5,treatment,conversion,1
2026-01-03T15:05:00+00:00,t126_5,treatment,error_rate,0
2026-01-03T15:06:00+00:00,t126_6,treatment,conversion,0
2026-01-03T15:06:00+00:00,t126_6,treatment,error_rate,0
2026-01-03T15:07:00+00:00,t126_7,treatment,conversion,0
2026-01-03T15:07:00+00:00,t126_7,treatment,error_rate,1
2026-01-03T15:08:00+00:00,t126_8,treatment,conversion,0
2026-01-03T15:08:00+00:00,t126_8,treatment,error_rate,0
2026-01-03T15:09:00+00:00,t126_9,treatment,conversion,0
2026-01-03T15:09:00+00:00,t126_9,treatment,error_rate,0
2026-01-03T15:10:00+00:00,t126_10,treatment,conversion,0
2026-01-03T15:10:00+00:00,t126_10,treatment,error_rate,0
2026-01-03T15:11:00+00:00,t126_11,treatment,conversion,1
2026-01-03T15:11:00+00:00,t126_11,treatment,error_rate,1
2026-01-03T15:12:00+00:00,t126_12,treatment,conversion,0
2026-01-03T15:12:00+00:00,t126_12,treatment,error_rate,0
2026-01-03T15:13:00+00:00,t126_13,treatment,conversion,0
2026-01-03T15:13:00+00:00,t126_13,treatment,error_rate,0
2026-01-03T15:14:00+00:00,t126_14,treatment,conversion,1
2026-01-03T15:14:00+00:00,t126_14,treatment,error_rate,0
2026-01-03T15:15:00+00:00,t126_15,treatment,conversion,0
2026-01-03T15:15:00+00:00,t126_15,treatment,error_rate,0
2026-01-03T15:16:00+00:00,t126_16,treatment,conversion,0
2026-01-03T15:16:00+00:00,t126_16,treatment,error_rate,1
2026-01-03T15:17:00+00:00,t126_17,treatment,conversion,0
2026-01-03T15:17:00+00:00,t126_17,treatment,error_rate,0
2026-01-03T15:18:00+00:00,t126_18,treatment,conversion,0
2026-01-03T15:18:00+00:00,t126_18,treatment,error_rate,0
2026-01-03T15:19:00+00:00,t126_19,treatment,conversion,0
2026-01-03T15:19:00+00:00,t126_19,treatment,error_rate,0
2026-01-03T15:20:00+00:00,t126_20,treatment,conversion,1
2026-01-03T15:20:00+00:00,t126_20,treatment,error_rate,0
2026-01-03T15:21:00+00:00,t126_21,treatment,conversion,0
2026-01-03T15:21:00+00:00,t126_21,treatment,error_rate,0
2026-01-03T15:22:00+00:00,t126_22,treatment,conversion,0
2026-01-03T15:22:00+00:00,t126_22,treatment,error_rate,0
2026-01-03T15:23:00+00:00,t126_23,treatment,conversion,0
2026-01-03T15:23:00+00:00,t126_23,treatment,error_rate,0
2026-01-03T15:24:00+00:00,t126_24,treatment,conversion,0
2026-01-03T15:24:00+00:00,t126_24,treatment,error_rate,0
2026-01-03T15:25:00+00:00,t126_25,treatment,conversion,0
2026-01-03T15:25:00+00:00,t126_25,treatment,error_rate,0
2026-01-03T15:26:00+00:00,t126_26,treatment,conversion,0
2026-01-03T15:26:00+00:00,t126_26,treatment,error_rate,1
2026-01-03T15:27:00+00:00,t126_27,treatment,conversion,0
2026-01-03T15:27:00+00:00,t126_27,treatment,error_rate,0
2026-01-03T15:28:00+00:00,t126_28,treatment,conversion,0
2026-01-03T15:28:00+00:00,t126_28,treatment,error_rate,0
2026-01-03T15:29:00+00:00,t126_29,treatment,conversion,0
2026-01-03T15:29:00+00:00,t126_29,treatment,error_rate,0
2026-01-03T15:30:00+00:00,c127_0,control,conversion,0
2026-01-03T15:30:00+00:00,c127_0,control,error_rate,1
2026-01-03T15:31:00+00:00,c127_1,control,conversion,1
2026-01-03T15:31:00+00:00,c127_1,control,error_rate,1
2026-01-03T15:32:00+00:00,c127_2,control,conversion,0
2026-01-03T15:32:00+00:00,c127_2,control,error_rate,0
2026-01-03T15:33:00+00:00,c127_3,control,conversion,0
2026-01-03T15:33:00+00:00,c127_3,control,error_rate,0
2026-01-03T15:34:00+00:00,c127_4,control,conversion,1
2026-01-03T15:34:00+00:00,c127_4,control,error_rate,0
2026-01-03T15:35:00+00:00,c127_5,control,conversion,0
2026-01-03T15:35:00+00:00,c127_5,control,error_rate,0
2026-01-03T15:36:00+00:00,c127_6,control,conversion,0
2026-01-03T15:36:00+00:00,c127_6,control,error_rate,0
2026-01-03T15:37:00+00:00,c127_7,control,conversion,0
2026-01-03T15:37:00+00:00,c127_7,control,error_rate,0
2026-01-03T15:38:00+00:00,c127_8,control,conversion,0
2026-01-03T15:38:00+00:00,c127_8,control,error_rate,0
2026-01-03T15:39:00+00:00,c127_9,control,conversion,0
2026-01-03T15:39:00+00:00,c127_9,control,error_rate,0
2026-01-03T15:40:00+00:00,c127_10,control,conversion,1
2026-01-03T15:40:00+00:00,c127_10,control,error_rate,0
2026-01-03T15:41:00+00:00,c127_11,control,conversion,0
2026-01-03T15:41:00+00:00,c127_11,control,error_rate,0
2026-01-03T15:42:00+00:00,c127_12,control,conversion,0
2026-01-03T15:42:00+00:00,c127_12,control,error_rate,0
2026-01-03T15:43:00+00:00,c127_13,control,conversion,0
2026-01-03T15:43:00+00:00,c127_13,control,error_rate,0
2026-01-03T15:44:00+00:00,c127_14,control,conversion,0
2026-01-03T15:44:00+00:00,c127_14,control,error_rate,0
2026-01-03T15:45:00+00:00,c127_15,control,conversion,0
2026-01-03T15:45:00+00:00,c127_15,control,error_rate,0
2026-01-03T15:46:00+00:00,c127_16,control,conversion,0
2026-01-03T15:46:00+00:00,c127_16,control,error_rate,0
2026-01-03T15:47:00+00:00,c127_17,control,conversion,0
2026-01-03T15:47:00+00:00,c127_17,control,error_rate,0
2026-01-03T15:48:00+00:00,c127_18,control,conversion,1
2026-01-03T15:48:00+00:00,c127_18,control,error_rate,0
2026-01-03T15:49:00+00:00,c127_19,control,conversion,0
2026-01-03T15:49:00+00:00,c127_19,control,error_rate,0
2026-01-03T15:50:00+00:00,c127_20,control,conversion,0
2026-01-03T15:50:00+00:00,c127_20,control,error_rate,0
2026-01-03T15:51:00+00:00,c127_21,control,conversion,0
2026-01-03T15:51:00+00:00,c127_21,control,error_rate,0
2026-01-03T15:52:00+00:00,c127_22,control,conversion,0
2026-01-03T15:52:00+00:00,c127_22,control,error_rate,0
2026-01-03T15:53:00+00:00,c127_23,control,conversion,0
2026-01-03T15:53:00+00:00,c127_23,control,error_rate,0
2026-01-03T15:54:00+00:00,c127_24,control,conversion,0
2026-01-03T15:54:00+00:00,c127_24,control,error_rate,0
2026-01-03T15:55:00+00:00,c127_25,control,conversion,0
2026-01-03T15:55:00+00:00,c127_25,control,error_rate,1
2026-01-03T15:56:00+00:00,c127_26,control,conversion,0
2026-01-03T15:56:00+00:00,c127_26,control,error_rate,1
2026-01-03T15:57:00+00:00,c127_27,control,conversion,0
2026-01-03T15:57:00+00:00,c127_27,control,error_rate,0
2026-01-03T15:58:00+00:00,c127_28,control,conversion,0
2026-01-03T15:58:00+00:00,c127_28,control,error_rate,0
2026-01-03T15:59:00+00:00,c127_29,control,conversion,0
2026-01-03T15:59:00+00:00,c127_29,control,error_rate,0
2026-01-03T15:30:00+00:00,t127_0,treatment,conversion,0
2026-01-03T15:30:00+00:00,t127_0,treatment,error_rate,0
2026-01-03T15:31:00+00:00,t127_1,treatment,conversion,0
2026-01-03T15:31:00+00:00,t127_1,treatment,error_rate,0
2026-01-03T15:32:00+00:00,t127_2,treatment,conversion,0
2026-01-03T15:32:00+00:00,t127_2,treatment,error_rate,1
2026-01-03T15:33:00+00:00,t127_3,treatment,conversion,1
2026-01-03T15:33:00+00:00,t127_3,treatment,error_rate,0
2026-01-03T15:34:00+00:00,t127_4,treatment,conversion,0
2026-01-03T15:34:00+00:00,t127_4,treatment,error_rate,0
2026-01-03T15:35:00+00:00,t127_5,treatment,conversion,0
2026-01-03T15:35:00+00:00,t127_5,treatment,error_rate,0
2026-01-03T15:36:00+00:00,t127_6,treatment,conversion,0
2026-01-03T15:36:00+00:00,t127_6,treatment,error_rate,1
2026-01-03T15:37:00+00:00,t127_7,treatment,conversion,0
2026-01-03T15:37:00+00:00,t127_7,treatment,error_rate,0
2026-01-03T15:38:00+00:00,t127_8,treatment,conversion,0
2026-01-03T15:38:00+00:00,t127_8,treatment,error_rate,0
2026-01-03T15:39:00+00:00,t127_9,treatment,conversion,1
2026-01-03T15:39:00+00:00,t127_9,treatment,error_rate,0
2026-01-03T15:40:00+00:00,t127_10,treatment,conversion,0
2026-01-03T15:40:00+00:00,t127_10,treatment,error_rate,0
2026-01-03T15:41:00+00:00,t127_11,treatment,conversion,0
2026-01-03T15:41:00+00:00,t127_11,treatment,error_rate,0
2026-01-03T15:42:00+00:00,t127_12,treatment,conversion,0
2026-01-03T15:42:00+00:00,t127_12,treatment,error_rate,0
2026-01-03T15:43:00+00:00,t127_13,treatment,conversion,0
2026-01-03T15:43:00+00:00,t127_13,treatment,error_rate,0
2026-01-03T15:44:00+00:00,t127_14,treatment,conversion,0
2026-01-03T15:44:00+00:00,t127_14,treatment,error_rate,0
2026-01-03T15:45:00+00:00,t127_15,treatment,conversion,0
2026-01-03T15:45:00+00:00,t127_15,treatment,error_rate,0
2026-01-03T15:46:00+00:00,t127_16,treatment,conversion,0
2026-01-03T15:46:00+00:00,t127_16,treatment,error_rate,0
2026-01-03T15:47:00+00:00,t127_17,treatment,conversion,1
2026-01-03T15:47:00+00:00,t127_17,treatment,error_rate,0
2026-01-03T15:48:00+00:00,t127_18,treatment,conversion,0
2026-01-03T15:48:00+00:00,t127_18,treatment,error_rate,0
2026-01-03T15:49:00+00:00,t127_19,treatment,conversion,1
2026-01-03T15:49:00+00:00,t127_19,treatment,error_rate,1
2026-01-03T15:50:00+00:00,t127_20,treatment,conversion,0
2026-01-03T15:50:00+00:00,t127_20,treatment,error_rate,0
2026-01-03T15:51:00+00:00,t127_21,treatment,conversion,1
2026-01-03T15:51:00+00:00,t127_21,treatment,error_rate,0
2026-01-03T15:52:00+00:00,t127_22,treatment,conversion,1
2026-01-03T15:52:00+00:00,t127_22,treatment,error_rate,0
2026-01-03T15:53:00+00:00,t127_23,treatment,conversion,1
2026-01-03T15:53:00+00:00,t127_23,treatment,error_rate,1
2026-01-03T15:54:00+00:00,t127_24,treatment,conversion,0
2026-01-03T15:54:00+00:00,t127_24,treatment,error_rate,0
2026-01-03T15:55:00+00:00,t127_25,treatment,conversion,0
2026-01-03T15:55:00+00:00,t127_25,treatment,error_rate,0
2026-01-03T15:56:00+00:00,t127_26,treatment,conversion,0
2026-01-03T15:56:00+00:00,t127_26,treatment,error_rate,0
2026-01-03T15:57:00+00:00,t127_27,treatment,conversion,0
2026-01-03T15:57:00+00:00,t127_27,treatment,error_rate,0
2026-01-03T15:58:00+00:00,t127_28,treatment,conversion,0
2026-01-03T15:58:00+00:00,t127_28,treatment,error_rate,1
2026-01-03T15:59:00+00:00,t127_29,treatment,conversion,0
2026-01-03T15:59:00+00:00,t127_29,treatment,error_rate,0
2026-01-03T16:00:00+00:00,c128_0,control,conversion,0
2026-01-03T16:00:00+00:00,c128_0,control,error_rate,0
2026-01-03T16:01:00+00:00,c128_1,control,conversion,0
2026-01-03T16:01:00+00:00,c128_1,control,error_rate,0
2026-01-03T16:02:00+00:00,c128_2,control,conversion,0
2026-01-03T16:02:00+00:00,c128_2,control,error_rate,0
2026-01-03T16:03:00+00:00,c128_3,control,conversion,0
2026-01-03T16:03:00+00:00,c128_3,control,error_rate,0
2026-01-03T16:04:00+00:00,c128_4,control,conversion,0
2026-01-03T16:04:00+00:00,c128_4,control,error_rate,0
2026-01-03T16:05:00+00:00,c128_5,control,conversion,0
2026-01-03T16:05:00+00:00,c128_5,control,error_rate,0
2026-01-03T16:06:00+00:00,c128_6,control,conversion,0
2026-01-03T16:06:00+00:00,c128_6,control,error_rate,0
2026-01-03T16:07:00+00:00,c128_7,control,conversion,0
2026-01-03T16:07:00+00:00,c128_7,control,error_rate,0
2026-01-03T16:08:00+00:00,c128_8,control,conversion,0
2026-01-03T16:08:00+00:00,c128_8,control,error_rate,1
2026-01-03T16:09:00+00:00,c128_9,control,conversion,0
2026-01-03T16:09:00+00:00,c128_9,control,error_rate,0
2026-01-03T16:10:00+00:00,c128_10,control,conversion,0
2026-01-03T16:10:00+00:00,c128_10,control,error_rate,0
2026-01-03T16:11:00+00:00,c128_11,control,conversion,0
2026-01-03T16:11:00+00:00,c128_11,control,error_rate,0
2026-01-03T16:12:00+00:00,c128_12,control,conversion,0
2026-01-03T16:12:00+00:00,c128_12,control,error_rate,0
2026-01-03T16:13:00+00:00,c128_13,control,conversion,1
2026-01-03T16:13:00+00:00,c128_13,control,error_rate,0
2026-01-03T16:14:00+00:00,c128_14,control,conversion,0
2026-01-03T16:14:00+00:00,c128_14,control,error_rate,0
2026-01-03T16:15:00+00:00,c128_15,control,conversion,0
2026-01-03T16:15:00+00:00,c128_15,control,error_rate,0
2026-01-03T16:16:00+00:00,c128_16,control,conversion,1
2026-01-03T16:16:00+00:00,c128_16,control,error_rate,0
2026-01-03T16:17:00+00:00,c128_17,control,conversion,0
2026-01-03T16:17:00+00:00,c128_17,control,error_rate,0
2026-01-03T16:18:00+00:00,c128_18,control,conversion,0
2026-01-03T16:18:00+00:00,c128_18,control,error_rate,0
2026-01-03T16:19:00+00:00,c128_19,control,conversion,0
2026-01-03T16:19:00+00:00,c128_19,control,error_rate,0
2026-01-03T16:20:00+00:00,c128_20,control,conversion,0
2026-01-03T16:20:00+00:00,c128_20,control,error_rate,0
2026-01-03T16:21:00+00:00,c128_21,control,conversion,0
2026-01-03T16:21:00+00:00,c128_21,control,error_rate,0
2026-01-03T16:22:00+00:00,c128_22,control,conversion,0
2026-01-03T16:22:00+00:00,c128_22,control,error_rate,0
2026-01-03T16:23:00+00:00,c128_23,control,conversion,0
2026-01-03T16:23:00+00:00,c128_23,control,error_rate,0
2026-01-03T16:24:00+00:00,c128_24,control,conversion,0
2026-01-03T16:24:00+00:00,c128_24,control,error_rate,0
2026-01-03T16:25:00+00:00,c128_25,control,conversion,0
2026-01-03T16:25:00+00:00,c128_25,control,error_rate,1
2026-01-03T16:26:00+00:00,c128_26,control,conversion,0
2026-01-03T16:26:00+00:00,c128_26,control,error_rate,0
2026-01-03T16:27:00+00:00,c128_27,control,conversion,0
2026-01-03T16:27:00+00:00,c128_27,control,error_rate,0
2026-01-03T16:28:00+00:00,c128_28,control,conversion,0
2026-01-03T16:28:00+00:00,c128_28,control,error_rate,0
2026-01-03T16:29:00+00:00,c128_29,control,conversion,0
2026-01-03T16:29:00+00:00,c128_29,control,error_rate,0
2026-01-03T16:00:00+00:00,t128_0,treatment,conversion,0
2026-01-03T16:00:00+00:00,t128_0,treatment,error_rate,0
2026-01-03T16:01:00+00:00,t128_1,treatment,conversion,1
2026-01-03T16:01:00+00:00,t128_1,treatment,error_rate,0
2026-01-03T16:02:00+00:00,t128_2,treatment,conversion,0
2026-01-03T16:02:00+00:00,t128_2,treatment,error_rate,0
2026-01-03T16:03:00+00:00,t128_3,treatment,conversion,0
2026-01-03T16:03:00+00:00,t128_3,treatment,error_rate,0
2026-01-03T16:04:00+00:00,t128_4,treatment,conversion,0
2026-01-03T16:04:00+00:00,t128_4,treatment,error_rate,0
2026-01-03T16:05:00+00:00,t128_5,treatment,conversion,0
2026-01-03T16:05:00+00:00,t128_5,treatment,error_rate,1
2026-01-03T16:06:00+00:00,t128_6,treatment,conversion,0
2026-01-03T16:06:00+00:00,t128_6,treatment,error_rate,0
2026-01-03T16:07:00+00:00,t128_7,treatment,conversion,1
2026-01-03T16:07:00+00:00,t128_7,treatment,error_rate,0
2026-01-03T16:08:00+00:00,t128_8,treatment,conversion,1
2026-01-03T16:08:00+00:00,t128_8,treatment,error_rate,0
2026-01-03T16:09:00+00:00,t128_9,treatment,conversion,0
2026-01-03T16:09:00+00:00,t128_9,treatment,error_rate,0
2026-01-03T16:10:00+00:00,t128_10,treatment,conversion,0
2026-01-03T16:10:00+00:00,t128_10,treatment,error_rate,0
2026-01-03T16:11:00+00:00,t128_11,treatment,conversion,0
2026-01-03T16:11:00+00:00,t128_11,treatment,error_rate,0
2026-01-03T16:12:00+00:00,t128_12,treatment,conversion,0
2026-01-03T16:12:00+00:00,t128_12,treatment,error_rate,0
2026-01-03T16:13:00+00:00,t128_13,treatment,conversion,0
2026-01-03T16:13:00+00:00,t128_13,treatment,error_rate,0
2026-01-03T16:14:00+00:00,t128_14,treatment,conversion,0
2026-01-03T16:14:00+00:00,t128_14,treatment,error_rate,1
2026-01-03T16:15:00+00:00,t128_15,treatment,conversion,0
2026-01-03T16:15:00+00:00,t128_15,treatment,error_rate,0
2026-01-03T16:16:00+00:00,t128_16,treatment,conversion,0
2026-01-03T16:16:00+00:00,t128_16,treatment,error_rate,0
2026-01-03T16:17:00+00:00,t128_17,treatment,conversion,0
2026-01-03T16:17:00+00:00,t128_17,treatment,error_rate,1
2026-01-03T16:18:00+00:00,t128_18,treatment,conversion,0
2026-01-03T16:18:00+00:00,t128_18,treatment,error_rate,0
2026-01-03T16:19:00+00:00,t128_19,treatment,conversion,0
2026-01-03T16:19:00+00:00,t128_19,treatment,error_rate,0
2026-01-03T16:20:00+00:00,t128_20,treatment,conversion,0
2026-01-03T16:20:00+00:00,t128_20,treatment,error_rate,0
2026-01-03T16:21:00+00:00,t128_21,treatment,conversion,1
2026-01-03T16:21:00+00:00,t128_21,treatment,error_rate,0
2026-01-03T16:22:00+00:00,t128_22,treatment,conversion,0
2026-01-03T16:22:00+00:00,t128_22,treatment,error_rate,0
2026-01-03T16:23:00+00:00,t128_23,treatment,conversion,0
2026-01-03T16:23:00+00:00,t128_23,treatment,error_rate,0
2026-01-03T16:24:00+00:00,t128_24,treatment,conversion,0
2026-01-03T16:24:00+00:00,t128_24,treatment,error_rate,0
2026-01-03T16:25:00+00:00,t128_25,treatment,conversion,0
2026-01-03T16:25:00+00:00,t128_25,treatment,error_rate,0
2026-01-03T16:26:00+00:00,t128_26,treatment,conversion,0
2026-01-03T16:26:00+00:00,t128_26,treatment,error_rate,0
2026-01-03T16:27:00+00:00,t128_27,treatment,conversion,1
2026-01-03T16:27:00+00:00,t128_27,treatment,error_rate,1
2026-01-03T16:28:00+00:00,t128_28,treatment,conversion,0
2026-01-03T16:28:00+00:00,t128_28,treatment,error_rate,0
2026-01-03T16:29:00+00:00,t128_29,treatment,conversion,0
2026-01-03T16:29:00+00:00,t128_29,treatment,error_rate,0
2026-01-03T16:30:00+00:00,c129_0,control,conversion,0
2026-01-03T16:30:00+00:00,c129_0,control,error_rate,0
2026-01-03T16:31:00+00:00,c129_1,control,conversion,0
2026-01-03T16:31:00+00:00,c129_1,control,error_rate,0
2026-01-03T16:32:00+00:00,c129_2,control,conversion,0
2026-01-03T16:32:00+00:00,c129_2,control,error_rate,0
2026-01-03T16:33:00+00:00,c129_3,control,conversion,0
2026-01-03T16:33:00+00:00,c129_3,control,error_rate,0
2026-01-03T16:34:00+00:00,c129_4,control,conversion,0
2026-01-03T16:34:00+00:00,c129_4,control,error_rate,0
2026-01-03T16:35:00+00:00,c129_5,control,conversion,0
2026-01-03T16:35:00+00:00,c129_5,control,error_rate,0
2026-01-03T16:36:00+00:00,c129_6,control,conversion,0
2026-01-03T16:36:00+00:00,c129_6,control,error_rate,0
2026-01-03T16:37:00+00:00,c129_7,control,conversion,0
2026-01-03T16:37:00+00:00,c129_7,control,error_rate,1
2026-01-03T16:38:00+00:00,c129_8,control,conversion,0
2026-01-03T16:38:00+00:00,c129_8,control,error_rate,1
2026-01-03T16:39:00+00:00,c129_9,control,conversion,0
2026-01-03T16:39:00+00:00,c129_9,control,error_rate,0
2026-01-03T16:40:00+00:00,c129_10,control,conversion,0
2026-01-03T16:40:00+00:00,c129_10,control,error_rate,0
2026-01-03T16:41:00+00:00,c129_11,control,conversion,0
2026-01-03T16:41:00+00:00,c129_11,control,error_rate,0
2026-01-03T16:42:00+00:00,c129_12,control,conversion,0
2026-01-03T16:42:00+00:00,c129_12,control,error_rate,0
2026-01-03T16:43:00+00:00,c129_13,control,conversion,0
2026-01-03T16:43:00+00:00,c129_13,control,error_rate,0
2026-01-03T16:44:00+00:00,c129_14,control,conversion,0
2026-01-03T16:44:00+00:00,c129_14,control,error_rate,0
2026-01-03T16:45:00+00:00,c129_15,control,conversion,0
2026-01-03T16:45:00+00:00,c129_15,control,error_rate,0
2026-01-03T16:46:00+00:00,c129_16,control,conversion,0
2026-01-03T16:46:00+00:00,c129_16,control,error_rate,1
2026-01-03T16:47:00+00:00,c129_17,control,conversion,0
2026-01-03T16:47:00+00:00,c129_17,control,error_rate,0
2026-01-03T16:48:00+00:00,c129_18,control,conversion,1
2026-01-03T16:48:00+00:00,c129_18,control,error_rate,0
2026-01-03T16:49:00+00:00,c129_19,control,conversion,0
2026-01-03T16:49:00+00:00,c129_19,control,error_rate,0
2026-01-03T16:50:00+00:00,c129_20,control,conversion,0
2026-01-03T16:50:00+00:00,c129_20,control,error_rate,0
2026-01-03T16:51:00+00:00,c129_21,control,conversion,0
2026-01-03T16:51:00+00:00,c129_21,control,error_rate,0
2026-01-03T16:52:00+00:00,c129_22,control,conversion,0
2026-01-03T16:52:00+00:00,c129_22,control,error_rate,0
2026-01-03T16:53:00+00:00,c129_23,control,conversion,0
2026-01-03T16:53:00+00:00,c129_23,control,error_rate,0
2026-01-03T16:54:00+00:00,c129_24,control,conversion,0
2026-01-03T16:54:00+00:00,c129_24,control,error_rate,1
2026-01-03T16:55:00+00:00,c129_25,control,conversion,0
2026-01-03T16:55:00+00:00,c129_25,control,error_rate,0
2026-01-03T16:56:00+00:00,c129_26,control,conversion,0
2026-01-03T16:56:00+00:00,c129_26,control,error_rate,0
2026-01-03T16:57:00+00:00,c129_27,control,conversion,0
2026-01-03T16:57:00+00:00,c129_27,control,error_rate,1
2026-01-03T16:58:00+00:00,c129_28,control,conversion,0
2026-01-03T16:58:00+00:00,c129_28,control,error_rate,0
2026-01-03T16:59:00+00:00,c129_29,control,conversion,0
2026-01-03T16:59:00+00:00,c129_29,control,error_rate,0
2026-01-03T16:30:00+00:00,t129_0,treatment,conversion,1
2026-01-03T16:30:00+00:00,t129_0,treatment,error_rate,0
2026-01-03T16:31:00+00:00,t129_1,treatment,conversion,0
2026-01-03T16:31:00+00:00,t129_1,treatment,error_rate,0
2026-01-03T16:32:00+00:00,t129_2,treatment,conversion,0
2026-01-03T16:32:00+00:00,t129_2,treatment,error_rate,0
2026-01-03T16:33:00+00:00,t129_3,treatment,conversion,0
2026-01-03T16:33:00+00:00,t129_3,treatment,error_rate,0
2026-01-03T16:34:00+00:00,t129_4,treatment,conversion,0
2026-01-03T16:34:00+00:00,t129_4,treatment,error_rate,0
2026-01-03T16:35:00+00:00,t129_5,treatment,conversion,0
2026-01-03T16:35:00+00:00,t129_5,treatment,error_rate,0
2026-01-03T16:36:00+00:00,t129_6,treatment,conversion,0
2026-01-03T16:36:00+00:00,t129_6,treatment,error_rate,0
2026-01-03T16:37:00+00:00,t129_7,treatment,conversion,0
2026-01-03T16:37:00+00:00,t129_7,treatment,error_rate,1
2026-01-03T16:38:00+00:00,t129_8,treatment,conversion,1
2026-01-03T16:38:00+00:00,t129_8,treatment,error_rate,0
2026-01-03T16:39:00+00:00,t129_9,treatment,conversion,0
2026-01-03T16:39:00+00:00,t129_9,treatment,error_rate,0
2026-01-03T16:40:00+00:00,t129_10,treatment,conversion,0
2026-01-03T16:40:00+00:00,t129_10,treatment,error_rate,0
2026-01-03T16:41:00+00:00,t129_11,treatment,conversion,0
2026-01-03T16:41:00+00:00,t129_11,treatment,error_rate,0
2026-01-03T16:42:00+00:00,t129_12,treatment,conversion,0
2026-01-03T16:42:00+00:00,t129_12,treatment,error_rate,0
2026-01-03T16:43:00+00:00,t129_13,treatment,conversion,0
2026-01-03T16:43:00+00:00,t129_13,treatment,error_rate,0
2026-01-03T16:44:00+00:00,t129_14,treatment,conversion,0
2026-01-03T16:44:00+00:00,t129_14,treatment,error_rate,0
2026-01-03T16:45:00+00:00,t129_15,treatment,conversion,0
2026-01-03T16:45:00+00:00,t129_15,treatment,error_rate,0
2026-01-03T16:46:00+00:00,t129_16,treatment,conversion,0
2026-01-03T16:46:00+00:00,t129_16,treatment,error_rate,0
2026-01-03T16:47:00+00:00,t129_17,treatment,conversion,0
2026-01-03T16:47:00+00:00,t129_17,treatment,error_rate,0
2026-01-03T16:48:00+00:00,t129_18,treatment,conversion,1
2026-01-03T16:48:00+00:00,t129_18,treatment,error_rate,0
2026-01-03T16:49:00+00:00,t129_19,treatment,conversion,0
2026-01-03T16:49:00+00:00,t129_19,treatment,error_rate,0
2026-01-03T16:50:00+00:00,t129_20,treatment,conversion,0
2026-01-03T16:50:00+00:00,t129_20,treatment,error_rate,0
2026-01-03T16:51:00+00:00,t129_21,treatment,conversion,0
2026-01-03T16:51:00+00:00,t129_21,treatment,error_rate,0
2026-01-03T16:52:00+00:00,t129_22,treatment,conversion,0
2026-01-03T16:52:00+00:00,t129_22,treatment,error_rate,0
2026-01-03T16:53:00+00:00,t129_23,treatment,conversion,0
2026-01-03T16:53:00+00:00,t129_23,treatment,error_rate,0
2026-01-03T16:54:00+00:00,t129_24,treatment,conversion,1
2026-01-03T16:54:00+00:00,t129_24,treatment,error_rate,0
2026-01-03T16:55:00+00:00,t129_25,treatment,conversion,0
2026-01-03T16:55:00+00:00,t129_25,treatment,error_rate,0
2026-01-03T16:56:00+00:00,t129_26,treatment,conversion,0
2026-01-03T16:56:00+00:00,t129_26,treatment,error_rate,0
2026-01-03T16:57:00+00:00,t129_27,treatment,conversion,0
2026-01-03T16:57:00+00:00,t129_27,treatment,error_rate,0
2026-01-03T16:58:00+00:00,t129_28,treatment,conversion,0
2026-01-03T16:58:00+00:00,t129_28,treatment,error_rate,0
2026-01-03T16:59:00+00:00,t129_29,treatment,conversion,0
2026-01-03T16:59:00+00:00,t129_29,treatment,error_rate,0
2026-01-03T17:00:00+00:00,c130_0,control,conversion,0
2026-01-03T17:00:00+00:00,c130_0,control,error_rate,0
2026-01-03T17:01:00+00:00,c130_1,control,conversion,0
2026-01-03T17:01:00+00:00,c130_1,control,error_rate,0
2026-01-03T17:02:00+00:00,c130_2,control,conversion,0
2026-01-03T17:02:00+00:00,c130_2,control,error_rate,1
2026-01-03T17:03:00+00:00,c130_3,control,conversion,0
2026-01-03T17:03:00+00:00,c130_3,control,error_rate,0
2026-01-03T17:04:00+00:00,c130_4,control,conversion,0
2026-01-03T17:04:00+00:00,c130_4,control,error_rate,0
2026-01-03T17:05:00+00:00,c130_5,control,conversion,0
2026-01-03T17:05:00+00:00,c130_5,control,error_rate,0
2026-01-03T17:06:00+00:00,c130_6,control,conversion,0
2026-01-03T17:06:00+00:00,c130_6,control,error_rate,1
2026-01-03T17:07:00+00:00,c130_7,control,conversion,0
2026-01-03T17:07:00+00:00,c130_7,control,error_rate,0
2026-01-03T17:08:00+00:00,c130_8,control,conversion,0
2026-01-03T17:08:00+00:00,c130_8,control,error_rate,0
2026-01-03T17:09:00+00:00,c130_9,control,conversion,0
2026-01-03T17:09:00+00:00,c130_9,control,error_rate,0
2026-01-03T17:10:00+00:00,c130_10,control,conversion,0
2026-01-03T17:10:00+00:00,c130_10,control,error_rate,0
2026-01-03T17:11:00+00:00,c130_11,control,conversion,0
2026-01-03T17:11:00+00:00,c130_11,control,error_rate,1
2026-01-03T17:12:00+00:00,c130_12,control,conversion,0
2026-01-03T17:12:00+00:00,c130_12,control,error_rate,0
2026-01-03T17:13:00+00:00,c130_13,control,conversion,0
2026-01-03T17:13:00+00:00,c130_13,control,error_rate,0
2026-01-03T17:14:00+00:00,c130_14,control,conversion,0
2026-01-03T17:14:00+00:00,c130_14,control,error_rate,0
2026-01-03T17:15:00+00:00,c130_15,control,conversion,0
2026-01-03T17:15:00+00:00,c130_15,control,error_rate,0
2026-01-03T17:16:00+00:00,c130_16,control,conversion,0
2026-01-03T17:16:00+00:00,c130_16,control,error_rate,0
2026-01-03T17:17:00+00:00,c130_17,control,conversion,0
2026-01-03T17:17:00+00:00,c130_17,control,error_rate,0
2026-01-03T17:18:00+00:00,c130_18,control,conversion,0
2026-01-03T17:18:00+00:00,c130_18,control,error_rate,1
2026-01-03T17:19:00+00:00,c130_19,control,conversion,0
2026-01-03T17:19:00+00:00,c130_19,control,error_rate,0
2026-01-03T17:20:00+00:00,c130_20,control,conversion,0
2026-01-03T17:20:00+00:00,c130_20,control,error_rate,0
2026-01-03T17:21:00+00:00,c130_21,control,conversion,0
2026-01-03T17:21:00+00:00,c130_21,control,error_rate,0
2026-01-03T17:22:00+00:00,c130_22,control,conversion,1
2026-01-03T17:22:00+00:00,c130_22,control,error_rate,0
2026-01-03T17:23:00+00:00,c130_23,control,conversion,0
2026-01-03T17:23:00+00:00,c130_23,control,error_rate,0
2026-01-03T17:24:00+00:00,c130_24,control,conversion,0
2026-01-03T17:24:00+00:00,c130_24,control,error_rate,1
2026-01-03T17:25:00+00:00,c130_25,control,conversion,1
2026-01-03T17:25:00+00:00,c130_25,control,error_rate,0
2026-01-03T17:26:00+00:00,c130_26,control,conversion,0
2026-01-03T17:26:00+00:00,c130_26,control,error_rate,0
2026-01-03T17:27:00+00:00,c130_27,control,conversion,0
2026-01-03T17:27:00+00:00,c130_27,control,error_rate,0
2026-01-03T17:28:00+00:00,c130_28,control,conversion,0
2026-01-03T17:28:00+00:00,c130_28,control,error_rate,0
2026-01-03T17:29:00+00:00,c130_29,control,conversion,0
2026-01-03T17:29:00+00:00,c130_29,control,error_rate,0
2026-01-03T17:00:00+00:00,t130_0,treatment,conversion,0
2026-01-03T17:00:00+00:00,t130_0,treatment,error_rate,0
2026-01-03T17:01:00+00:00,t130_1,treatment,conversion,0
2026-01-03T17:01:00+00:00,t130_1,treatment,error_rate,0
2026-01-03T17:02:00+00:00,t130_2,treatment,conversion,0
2026-01-03T17:02:00+00:00,t130_2,treatment,error_rate,1
2026-01-03T17:03:00+00:00,t130_3,treatment,conversion,1
2026-01-03T17:03:00+00:00,t130_3,treatment,error_rate,0
2026-01-03T17:04:00+00:00,t130_4,treatment,conversion,1
2026-01-03T17:04:00+00:00,t130_4,treatment,error_rate,0
2026-01-03T17:05:00+00:00,t130_5,treatment,conversion,0
2026-01-03T17:05:00+00:00,t130_5,treatment,error_rate,0
2026-01-03T17:06:00+00:00,t130_6,treatment,conversion,0
2026-01-03T17:06:00+00:00,t130_6,treatment,error_rate,0
2026-01-03T17:07:00+00:00,t130_7,treatment,conversion,0
2026-01-03T17:07:00+00:00,t130_7,treatment,error_rate,0
2026-01-03T17:08:00+00:00,t130_8,treatment,conversion,1
2026-01-03T17:08:00+00:00,t130_8,treatment,error_rate,0
2026-01-03T17:09:00+00:00,t130_9,treatment,conversion,1
2026-01-03T17:09:00+00:00,t130_9,treatment,error_rate,0
2026-01-03T17:10:00+00:00,t130_10,treatment,conversion,0
2026-01-03T17:10:00+00:00,t130_10,treatment,error_rate,0
2026-01-03T17:11:00+00:00,t130_11,treatment,conversion,1
2026-01-03T17:11:00+00:00,t130_11,treatment,error_rate,0
2026-01-03T17:12:00+00:00,t130_12,treatment,conversion,0
2026-01-03T17:12:00+00:00,t130_12,treatment,error_rate,0
2026-01-03T17:13:00+00:00,t130_13,treatment,conversion,0
2026-01-03T17:13:00+00:00,t130_13,treatment,error_rate,0
2026-01-03T17:14:00+00:00,t130_14,treatment,conversion,0
2026-01-03T17:14:00+00:00,t130_14,treatment,error_rate,0
2026-01-03T17:15:00+00:00,t130_15,treatment,conversion,0
2026-01-03T17:15:00+00:00,t130_15,treatment,error_rate,0
2026-01-03T17:16:00+00:00,t130_16,treatment,conversion,0
2026-01-03T17:16:00+00:00,t130_16,treatment,error_rate,0
2026-01-03T17:17:00+00:00,t130_17,treatment,conversion,0
2026-01-03T17:17:00+00:00,t130_17,treatment,error_rate,0
2026-01-03T17:18:00+00:00,t130_18,treatment,conversion,0
2026-01-03T17:18:00+00:00,t130_18,treatment,error_rate,0
2026-01-03T17:19:00+00:00,t130_19,treatment,conversion,1
2026-01-03T17:19:00+00:00,t130_19,treatment,error_rate,0
2026-01-03T17:20:00+00:00,t130_20,treatment,conversion,0
2026-01-03T17:20:00+00:00,t130_20,treatment,error_rate,0
2026-01-03T17:21:00+00:00,t130_21,treatment,conversion,0
2026-01-03T17:21:00+00:00,t130_21,treatment,error_rate,0
2026-01-03T17:22:00+00:00,t130_22,treatment,conversion,0
2026-01-03T17:22:00+00:00,t130_22,treatment,error_rate,0
2026-01-03T17:23:00+00:00,t130_23,treatment,conversion,0
2026-01-03T17:23:00+00:00,t130_23,treatment,error_rate,0
2026-01-03T17:24:00+00:00,t130_24,treatment,conversion,0
2026-01-03T17:24:00+00:00,t130_24,treatment,error_rate,0
2026-01-03T17:25:00+00:00,t130_25,treatment,conversion,0
2026-01-03T17:25:00+00:00,t130_25,treatment,error_rate,0
2026-01-03T17:26:00+00:00,t130_26,treatment,conversion,1
2026-01-03T17:26:00+00:00,t130_26,treatment,error_rate,0
2026-01-03T17:27:00+00:00,t130_27,treatment,conversion,0
2026-01-03T17:27:00+00:00,t130_27,treatment,error_rate,0
2026-01-03T17:28:00+00:00,t130_28,treatment,conversion,1
2026-01-03T17:28:00+00:00,t130_28,treatment,error_rate,0
2026-01-03T17:29:00+00:00,t130_29,treatment,conversion,1
2026-01-03T17:29:00+00:00,t130_29,treatment,error_rate,0
2026-01-03T17:30:00+00:00,c131_0,control,conversion,0
2026-01-03T17:30:00+00:00,c131_0,control,error_rate,0
2026-01-03T17:31:00+00:00,c131_1,control,conversion,0
2026-01-03T17:31:00+00:00,c131_1,control,error_rate,0
2026-01-03T17:32:00+00:00,c131_2,control,conversion,0
2026-01-03T17:32:00+00:00,c131_2,control,error_rate,0
2026-01-03T17:33:00+00:00,c131_3,control,conversion,0
2026-01-03T17:33:00+00:00,c131_3,control,error_rate,1
2026-01-03T17:34:00+00:00,c131_4,control,conversion,0
2026-01-03T17:34:00+00:00,c131_4,control,error_rate,0
2026-01-03T17:35:00+00:00,c131_5,control,conversion,0
2026-01-03T17:35:00+00:00,c131_5,control,error_rate,0
2026-01-03T17:36:00+00:00,c131_6,control,conversion,0
2026-01-03T17:36:00+00:00,c131_6,control,error_rate,0
2026-01-03T17:37:00+00:00,c131_7,control,conversion,0
2026-01-03T17:37:00+00:00,c131_7,control,error_rate,0
2026-01-03T17:38:00+00:00,c131_8,control,conversion,1
2026-01-03T17:38:00+00:00,c131_8,control,error_rate,0
2026-01-03T17:39:00+00:00,c131_9,control,conversion,0
2026-01-03T17:39:00+00:00,c131_9,control,error_rate,0
2026-01-03T17:40:00+00:00,c131_10,control,conversion,0
2026-01-03T17:40:00+00:00,c131_10,control,error_rate,0
2026-01-03T17:41:00+00:00,c131_11,control,conversion,1
2026-01-03T17:41:00+00:00,c131_11,control,error_rate,1
2026-01-03T17:42:00+00:00,c131_12,control,conversion,0
2026-01-03T17:42:00+00:00,c131_12,control,error_rate,0
2026-01-03T17:43:00+00:00,c131_13,control,conversion,0
2026-01-03T17:43:00+00:00,c131_13,control,error_rate,0
2026-01-03T17:44:00+00:00,c131_14,control,conversion,0
2026-01-03T17:44:00+00:00,c131_14,control,error_rate,0
2026-01-03T17:45:00+00:00,c131_15,control,conversion,0
2026-01-03T17:45:00+00:00,c131_15,control,error_rate,0
2026-01-03T17:46:00+00:00,c131_16,control,conversion,0
2026-01-03T17:46:00+00:00,c131_16,control,error_rate,0
2026-01-03T17:47:00+00:00,c131_17,control,conversion,1
2026-01-03T17:47:00+00:00,c131_17,control,error_rate,0
2026-01-03T17:48:00+00:00,c131_18,control,conversion,0
2026-01-03T17:48:00+00:00,c131_18,control,error_rate,1
2026-01-03T17:49:00+00:00,c131_19,control,conversion,0
2026-01-03T17:49:00+00:00,c131_19,control,error_rate,0
2026-01-03T17:50:00+00:00,c131_20,control,conversion,1
2026-01-03T17:50:00+00:00,c131_20,control,error_rate,0
2026-01-03T17:51:00+00:00,c131_21,control,conversion,1
2026-01-03T17:51:00+00:00,c131_21,control,error_rate,0
2026-01-03T17:52:00+00:00,c131_22,control,conversion,0
2026-01-03T17:52:00+00:00,c131_22,control,error_rate,1
2026-01-03T17:53:00+00:00,c131_23,control,conversion,0
2026-01-03T17:53:00+00:00,c131_23,control,error_rate,0
2026-01-03T17:54:00+00:00,c131_24,control,conversion,1
2026-01-03T17:54:00+00:00,c131_24,control,error_rate,0
2026-01-03T17:55:00+00:00,c131_25,control,conversion,0
2026-01-03T17:55:00+00:00,c131_25,control,error_rate,0
2026-01-03T17:56:00+00:00,c131_26,control,conversion,0
2026-01-03T17:56:00+00:00,c131_26,control,error_rate,0
2026-01-03T17:57:00+00:00,c131_27,control,conversion,0
2026-01-03T17:57:00+00:00,c131_27,control,error_rate,0
2026-01-03T17:58:00+00:00,c131_28,control,conversion,0
2026-01-03T17:58:00+00:00,c131_28,control,error_rate,0
2026-01-03T17:59:00+00:00,c131_29,control,conversion,0
2026-01-03T17:59:00+00:00,c131_29,control,error_rate,1
2026-01-03T17:30:00+00:00,t131_0,treatment,conversion,0
2026-01-03T17:30:00+00:00,t131_0,treatment,error_rate,0
2026-01-03T17:31:00+00:00,t131_1,treatment,conversion,1
2026-01-03T17:31:00+00:00,t131_1,treatment,error_rate,0
2026-01-03T17:32:00+00:00,t131_2,treatment,conversion,0
2026-01-03T17:32:00+00:00,t131_2,treatment,error_rate,0
2026-01-03T17:33:00+00:00,t131_3,treatment,conversion,0
2026-01-03T17:33:00+00:00,t131_3,treatment,error_rate,0
2026-01-03T17:34:00+00:00,t131_4,treatment,conversion,1
2026-01-03T17:34:00+00:00,t131_4,treatment,error_rate,0
2026-01-03T17:35:00+00:00,t131_5,treatment,conversion,0
2026-01-03T17:35:00+00:00,t131_5,treatment,error_rate,0
2026-01-03T17:36:00+00:00,t131_6,treatment,conversion,0
2026-01-03T17:36:00+00:00,t131_6,treatment,error_rate,0
2026-01-03T17:37:00+00:00,t131_7,treatment,conversion,0
2026-01-03T17:37:00+00:00,t131_7,treatment,error_rate,0
2026-01-03T17:38:00+00:00,t131_8,treatment,conversion,0
2026-01-03T17:38:00+00:00,t131_8,treatment,error_rate,0
2026-01-03T17:39:00+00:00,t131_9,treatment,conversion,1
2026-01-03T17:39:00+00:00,t131_9,treatment,error_rate,0
2026-01-03T17:40:00+00:00,t131_10,treatment,conversion,0
2026-01-03T17:40:00+00:00,t131_10,treatment,error_rate,0
2026-01-03T17:41:00+00:00,t131_11,treatment,conversion,0
2026-01-03T17:41:00+00:00,t131_11,treatment,error_rate,0
2026-01-03T17:42:00+00:00,t131_12,treatment,conversion,1
2026-01-03T17:42:00+00:00,t131_12,treatment,error_rate,0
2026-01-03T17:43:00+00:00,t131_13,treatment,conversion,0
2026-01-03T17:43:00+00:00,t131_13,treatment,error_rate,0
2026-01-03T17:44:00+00:00,t131_14,treatment,conversion,0
2026-01-03T17:44:00+00:00,t131_14,treatment,error_rate,1
2026-01-03T17:45:00+00:00,t131_15,treatment,conversion,0
2026-01-03T17:45:00+00:00,t131_15,treatment,error_rate,0
2026-01-03T17:46:00+00:00,t131_16,treatment,conversion,0
2026-01-03T17:46:00+00:00,t131_16,treatment,error_rate,1
2026-01-03T17:47:00+00:00,t131_17,treatment,conversion,0
2026-01-03T17:47:00+00:00,t131_17,treatment,error_rate,0
2026-01-03T17:48:00+00:00,t131_18,treatment,conversion,0
2026-01-03T17:48:00+00:00,t131_18,treatment,error_rate,0
2026-01-03T17:49:00+00:00,t131_19,treatment,conversion,0
2026-01-03T17:49:00+00:00,t131_19,treatment,error_rate,0
2026-01-03T17:50:00+00:00,t131_20,treatment,conversion,0
2026-01-03T17:50:00+00:00,t131_20,treatment,error_rate,0
2026-01-03T17:51:00+00:00,t131_21,treatment,conversion,1
2026-01-03T17:51:00+00:00,t131_21,treatment,error_rate,0
2026-01-03T17:52:00+00:00,t131_22,treatment,conversion,0
2026-01-03T17:52:00+00:00,t131_22,treatment,error_rate,0
2026-01-03T17:53:00+00:00,t131_23,treatment,conversion,1
2026-01-03T17:53:00+00:00,t131_23,treatment,error_rate,1
2026-01-03T17:54:00+00:00,t131_24,treatment,conversion,1
2026-01-03T17:54:00+00:00,t131_24,treatment,error_rate,0
2026-01-03T17:55:00+00:00,t131_25,treatment,conversion,0
2026-01-03T17:55:00+00:00,t131_25,treatment,error_rate,0
2026-01-03T17:56:00+00:00,t131_26,treatment,conversion,0
2026-01-03T17:56:00+00:00,t131_26,treatment,error_rate,1
2026-01-03T17:57:00+00:00,t131_27,treatment,conversion,0
2026-01-03T17:57:00+00:00,t131_27,treatment,error_rate,0
2026-01-03T17:58:00+00:00,t131_28,treatment,conversion,0
2026-01-03T17:58:00+00:00,t131_28,treatment,error_rate,0
2026-01-03T17:59:00+00:00,t131_29,treatment,conversion,0
2026-01-03T17:59:00+00:00,t131_29,treatment,error_rate,0
2026-01-03T18:00:00+00:00,c132_0,control,conversion,0
2026-01-03T18:00:00+00:00,c132_0,control,error_rate,0
2026-01-03T18:01:00+00:00,c132_1,control,conversion,0
2026-01-03T18:01:00+00:00,c132_1,control,error_rate,0
2026-01-03T18:02:00+00:00,c132_2,control,conversion,0
2026-01-03T18:02:00+00:00,c132_2,control,error_rate,0
2026-01-03T18:03:00+00:00,c132_3,control,conversion,0
2026-01-03T18:03:00+00:00,c132_3,control,error_rate,0
2026-01-03T18:04:00+00:00,c132_4,control,conversion,0
2026-01-03T18:04:00+00:00,c132_4,control,error_rate,0
2026-01-03T18:05:00+00:00,c132_5,control,conversion,0
2026-01-03T18:05:00+00:00,c132_5,control,error_rate,0
2026-01-03T18:06:00+00:00,c132_6,control,conversion,0
2026-01-03T18:06:00+00:00,c132_6,control,error_rate,0
2026-01-03T18:07:00+00:00,c132_7,control,conversion,0
2026-01-03T18:07:00+00:00,c132_7,control,error_rate,0
2026-01-03T18:08:00+00:00,c132_8,control,conversion,0
2026-01-03T18:08:00+00:00,c132_8,control,error_rate,0
2026-01-03T18:09:00+00:00,c132_9,control,conversion,0
2026-01-03T18:09:00+00:00,c132_9,control,error_rate,0
2026-01-03T18:10:00+00:00,c132_10,control,conversion,0
2026-01-03T18:10:00+00:00,c132_10,control,error_rate,0
2026-01-03T18:11:00+00:00,c132_11,control,conversion,0
2026-01-03T18:11:00+00:00,c132_11,control,error_rate,0
2026-01-03T18:12:00+00:00,c132_12,control,conversion,1
2026-01-03T18:12:00+00:00,c132_12,control,error_rate,1
2026-01-03T18:13:00+00:00,c132_13,control,conversion,1
2026-01-03T18:13:00+00:00,c132_13,control,error_rate,0
2026-01-03T18:14:00+00:00,c132_14,control,conversion,0
2026-01-03T18:14:00+00:00,c132_14,control,error_rate,1
2026-01-03T18:15:00+00:00,c132_15,control,conversion,0
2026-01-03T18:15:00+00:00,c132_15,control,error_rate,0
2026-01-03T18:16:00+00:00,c132_16,control,conversion,0
2026-01-03T18:16:00+00:00,c132_16,control,error_rate,0
2026-01-03T18:17:00+00:00,c132_17,control,conversion,0
2026-01-03T18:17:00+00:00,c132_17,control,error_rate,0
2026-01-03T18:18:00+00:00,c132_18,control,conversion,0
2026-01-03T18:18:00+00:00,c132_18,control,error_rate,0
2026-01-03T18:19:00+00:00,c132_19,control,conversion,0
2026-01-03T18:19:00+00:00,c132_19,control,error_rate,1
2026-01-03T18:20:00+00:00,c132_20,control,conversion,0
2026-01-03T18:20:00+00:00,c132_20,control,error_rate,0
2026-01-03T18:21:00+00:00,c132_21,control,conversion,0
2026-01-03T18:21:00+00:00,c132_21,control,error_rate,0
2026-01-03T18:22:00+00:00,c132_22,control,conversion,0
2026-01-03T18:22:00+00:00,c132_22,control,error_rate,0
2026-01-03T18:23:00+00:00,c132_23,control,conversion,0
2026-01-03T18:23:00+00:00,c132_23,control,error_rate,0
2026-01-03T18:24:00+00:00,c132_24,control,conversion,0
2026-01-03T18:24:00+00:00,c132_24,control,error_rate,0
2026-01-03T18:25:00+00:00,c132_25,control,conversion,0
2026-01-03T18:25:00+00:00,c132_25,control,error_rate,0
2026-01-03T18:26:00+00:00,c132_26,control,conversion,0
2026-01-03T18:26:00+00:00,c132_26,control,error_rate,0
2026-01-03T18:27:00+00:00,c132_27,control,conversion,0
2026-01-03T18:27:00+00:00,c132_27,control,error_rate,0
2026-01-03T18:28:00+00:00,c132_28,control,conversion,0
2026-01-03T18:28:00+00:00,c132_28,control,error_rate,1
2026-01-03T18:29:00+00:00,c132_29,control,conversion,0
2026-01-03T18:29:00+00:00,c132_29,control,error_rate,0
2026-01-03T18:00:00+00:00,t132_0,treatment,conversion,0
2026-01-03T18:00:00+00:00,t132_0,treatment,error_rate,0
2026-01-03T18:01:00+00:00,t132_1,treatment,conversion,0
2026-01-03T18:01:00+00:00,t132_1,treatment,error_rate,0
2026-01-03T18:02:00+00:00,t132_2,treatment,conversion,0
2026-01-03T18:02:00+00:00,t132_2,treatment,error_rate,0
2026-01-03T18:03:00+00:00,t132_3,treatment,conversion,0
2026-01-03T18:03:00+00:00,t132_3,treatment,error_rate,0
2026-01-03T18:04:00+00:00,t132_4,treatment,conversion,0
2026-01-03T18:04:00+00:00,t132_4,treatment,error_rate,0
2026-01-03T18:05:00+00:00,t132_5,treatment,conversion,0
2026-01-03T18:05:00+00:00,t132_5,treatment,error_rate,0
2026-01-03T18:06:00+00:00,t132_6,treatment,conversion,0
2026-01-03T18:06:00+00:00,t132_6,treatment,error_rate,0
2026-01-03T18:07:00+00:00,t132_7,treatment,conversion,0
2026-01-03T18:07:00+00:00,t132_7,treatment,error_rate,0
2026-01-03T18:08:00+00:00,t132_8,treatment,conversion,0
2026-01-03T18:08:00+00:00,t132_8,treatment,error_rate,0
2026-01-03T18:09:00+00:00,t132_9,treatment,conversion,0
2026-01-03T18:09:00+00:00,t132_9,treatment,error_rate,1
2026-01-03T18:10:00+00:00,t132_10,treatment,conversion,0
2026-01-03T18:10:00+00:00,t132_10,treatment,error_rate,0
2026-01-03T18:11:00+00:00,t132_11,treatment,conversion,0
2026-01-03T18:11:00+00:00,t132_11,treatment,error_rate,0
2026-01-03T18:12:00+00:00,t132_12,treatment,conversion,0
2026-01-03T18:12:00+00:00,t132_12,treatment,error_rate,0
2026-01-03T18:13:00+00:00,t132_13,treatment,conversion,0
2026-01-03T18:13:00+00:00,t132_13,treatment,error_rate,0
2026-01-03T18:14:00+00:00,t132_14,treatment,conversion,0
2026-01-03T18:14:00+00:00,t132_14,treatment,error_rate,0
2026-01-03T18:15:00+00:00,t132_15,treatment,conversion,1
2026-01-03T18:15:00+00:00,t132_15,treatment,error_rate,0
2026-01-03T18:16:00+00:00,t132_16,treatment,conversion,1
2026-01-03T18:16:00+00:00,t132_16,treatment,error_rate,0
2026-01-03T18:17:00+00:00,t132_17,treatment,conversion,1
2026-01-03T18:17:00+00:00,t132_17,treatment,error_rate,0
2026-01-03T18:18:00+00:00,t132_18,treatment,conversion,1
2026-01-03T18:18:00+00:00,t132_18,treatment,error_rate,1
2026-01-03T18:19:00+00:00,t132_19,treatment,conversion,0
2026-01-03T18:19:00+00:00,t132_19,treatment,error_rate,0
2026-01-03T18:20:00+00:00,t132_20,treatment,conversion,1
2026-01-03T18:20:00+00:00,t132_20,treatment,error_rate,0
2026-01-03T18:21:00+00:00,t132_21,treatment,conversion,0
2026-01-03T18:21:00+00:00,t132_21,treatment,error_rate,0
2026-01-03T18:22:00+00:00,t132_22,treatment,conversion,0
2026-01-03T18:22:00+00:00,t132_22,treatment,error_rate,0
2026-01-03T18:23:00+00:00,t132_23,treatment,conversion,0
2026-01-03T18:23:00+00:00,t132_23,treatment,error_rate,0
2026-01-03T18:24:00+00:00,t132_24,treatment,conversion,0
2026-01-03T18:24:00+00:00,t132_24,treatment,error_rate,0
2026-01-03T18:25:00+00:00,t132_25,treatment,conversion,0
2026-01-03T18:25:00+00:00,t132_25,treatment,error_rate,1
2026-01-03T18:26:00+00:00,t132_26,treatment,conversion,1
2026-01-03T18:26:00+00:00,t132_26,treatment,error_rate,0
2026-01-03T18:27:00+00:00,t132_27,treatment,conversion,0
2026-01-03T18:27:00+00:00,t132_27,treatment,error_rate,1
2026-01-03T18:28:00+00:00,t132_28,treatment,conversion,1
2026-01-03T18:28:00+00:00,t132_28,treatment,error_rate,0
2026-01-03T18:29:00+00:00,t132_29,treatment,conversion,1
2026-01-03T18:29:00+00:00,t132_29,treatment,error_rate,0
2026-01-03T18:30:00+00:00,c133_0,control,conversion,0
2026-01-03T18:30:00+00:00,c133_0,control,error_rate,0
2026-01-03T18:31:00+00:00,c133_1,control,conversion,1
2026-01-03T18:31:00+00:00,c133_1,control,error_rate,0
2026-01-03T18:32:00+00:00,c133_2,control,conversion,0
2026-01-03T18:32:00+00:00,c133_2,control,error_rate,0
2026-01-03T18:33:00+00:00,c133_3,control,conversion,0
2026-01-03T18:33:00+00:00,c133_3,control,error_rate,0
2026-01-03T18:34:00+00:00,c133_4,control,conversion,1
2026-01-03T18:34:00+00:00,c133_4,control,error_rate,0
2026-01-03T18:35:00+00:00,c133_5,control,conversion,1
2026-01-03T18:35:00+00:00,c133_5,control,error_rate,0
2026-01-03T18:36:00+00:00,c133_6,control,conversion,0
2026-01-03T18:36:00+00:00,c133_6,control,error_rate,0
2026-01-03T18:37:00+00:00,c133_7,control,conversion,1
2026-01-03T18:37:00+00:00,c133_7,control,error_rate,0
2026-01-03T18:38:00+00:00,c133_8,control,conversion,0
2026-01-03T18:38:00+00:00,c133_8,control,error_rate,0
2026-01-03T18:39:00+00:00,c133_9,control,conversion,0
2026-01-03T18:39:00+00:00,c133_9,control,error_rate,0
2026-01-03T18:40:00+00:00,c133_10,control,conversion,1
2026-01-03T18:40:00+00:00,c133_10,control,error_rate,0
2026-01-03T18:41:00+00:00,c133_11,control,conversion,0
2026-01-03T18:41:00+00:00,c133_11,control,error_rate,0
2026-01-03T18:42:00+00:00,c133_12,control,conversion,0
2026-01-03T18:42:00+00:00,c133_12,control,error_rate,0
2026-01-03T18:43:00+00:00,c133_13,control,conversion,0
2026-01-03T18:43:00+00:00,c133_13,control,error_rate,0
2026-01-03T18:44:00+00:00,c133_14,control,conversion,1
2026-01-03T18:44:00+00:00,c133_14,control,error_rate,0
2026-01-03T18:45:00+00:00,c133_15,control,conversion,1
2026-01-03T18:45:00+00:00,c133_15,control,error_rate,0
2026-01-03T18:46:00+00:00,c133_16,control,conversion,0
2026-01-03T18:46:00+00:00,c133_16,control,error_rate,1
2026-01-03T18:47:00+00:00,c133_17,control,conversion,0
2026-01-03T18:47:00+00:00,c133_17,control,error_rate,0
2026-01-03T18:48:00+00:00,c133_18,control,conversion,0
2026-01-03T18:48:00+00:00,c133_18,control,error_rate,0
2026-01-03T18:49:00+00:00,c133_19,control,conversion,0
2026-01-03T18:49:00+00:00,c133_19,control,error_rate,0
2026-01-03T18:50:00+00:00,c133_20,control,conversion,0
2026-01-03T18:50:00+00:00,c133_20,control,error_rate,0
2026-01-03T18:51:00+00:00,c133_21,control,conversion,0
2026-01-03T18:51:00+00:00,c133_21,control,error_rate,1
2026-01-03T18:52:00+00:00,c133_22,control,conversion,0
2026-01-03T18:52:00+00:00,c133_22,control,error_rate,0
2026-01-03T18:53:00+00:00,c133_23,control,conversion,0
2026-01-03T18:53:00+00:00,c133_23,control,error_rate,0
2026-01-03T18:54:00+00:00,c133_24,control,conversion,0
2026-01-03T18:54:00+00:00,c133_24,control,error_rate,0
2026-01-03T18:55:00+00:00,c133_25,control,conversion,0
2026-01-03T18:55:00+00:00,c133_25,control,error_rate,0
2026-01-03T18:56:00+00:00,c133_26,control,conversion,0
2026-01-03T18:56:00+00:00,c133_26,control,error_rate,0
2026-01-03T18:57:00+00:00,c133_27,control,conversion,0
2026-01-03T18:57:00+00:00,c133_27,control,error_rate,0
2026-01-03T18:58:00+00:00,c133_28,control,conversion,0
2026-01-03T18:58:00+00:00,c133_28,control,error_rate,0
2026-01-03T18:59:00+00:00,c133_29,control,conversion,0
2026-01-03T18:59:00+00:00,c133_29,control,error_rate,0
2026-01-03T18:30:00+00:00,t133_0,treatment,conversion,0
2026-01-03T18:30:00+00:00,t133_0,treatment,error_rate,0
2026-01-03T18:31:00+00:00,t133_1,treatment,conversion,0
2026-01-03T18:31:00+00:00,t133_1,treatment,error_rate,0
2026-01-03T18:32:00+00:00,t133_2,treatment,conversion,0
2026-01-03T18:32:00+00:00,t133_2,treatment,error_rate,1
2026-01-03T18:33:00+00:00,t133_3,treatment,conversion,0
2026-01-03T18:33:00+00:00,t133_3,treatment,error_rate,0
2026-01-03T18:34:00+00:00,t133_4,treatment,conversion,1
2026-01-03T18:34:00+00:00,t133_4,treatment,error_rate,0
2026-01-03T18:35:00+00:00,t133_5,treatment,conversion,0
2026-01-03T18:35:00+00:00,t133_5,treatment,error_rate,0
2026-01-03T18:36:00+00:00,t133_6,treatment,conversion,0
2026-01-03T18:36:00+00:00,t133_6,treatment,error_rate,0
2026-01-03T18:37:00+00:00,t133_7,treatment,conversion,1
2026-01-03T18:37:00+00:00,t133_7,treatment,error_rate,0
2026-01-03T18:38:00+00:00,t133_8,treatment,conversion,0
2026-01-03T18:38:00+00:00,t133_8,treatment,error_rate,0
2026-01-03T18:39:00+00:00,t133_9,treatment,conversion,0
2026-01-03T18:39:00+00:00,t133_9,treatment,error_rate,1
2026-01-03T18:40:00+00:00,t133_10,treatment,conversion,0
2026-01-03T18:40:00+00:00,t133_10,treatment,error_rate,0
2026-01-03T18:41:00+00:00,t133_11,treatment,conversion,1
2026-01-03T18:41:00+00:00,t133_11,treatment,error_rate,0
2026-01-03T18:42:00+00:00,t133_12,treatment,conversion,0
2026-01-03T18:42:00+00:00,t133_12,treatment,error_rate,0
2026-01-03T18:43:00+00:00,t133_13,treatment,conversion,1
2026-01-03T18:43:00+00:00,t133_13,treatment,error_rate,0
2026-01-03T18:44:00+00:00,t133_14,treatment,conversion,1
2026-01-03T18:44:00+00:00,t133_14,treatment,error_rate,0
2026-01-03T18:45:00+00:00,t133_15,treatment,conversion,0
2026-01-03T18:45:00+00:00,t133_15,treatment,error_rate,0
2026-01-03T18:46:00+00:00,t133_16,treatment,conversion,0
2026-01-03T18:46:00+00:00,t133_16,treatment,error_rate,1
2026-01-03T18:47:00+00:00,t133_17,treatment,conversion,0
2026-01-03T18:47:00+00:00,t133_17,treatment,error_rate,0
2026-01-03T18:48:00+00:00,t133_18,treatment,conversion,0
2026-01-03T18:48:00+00:00,t133_18,treatment,error_rate,0
2026-01-03T18:49:00+00:00,t133_19,treatment,conversion,0
2026-01-03T18:49:00+00:00,t133_19,treatment,error_rate,1
2026-01-03T18:50:00+00:00,t133_20,treatment,conversion,0
2026-01-03T18:50:00+00:00,t133_20,treatment,error_rate,0
2026-01-03T18:51:00+00:00,t133_21,treatment,conversion,1
2026-01-03T18:51:00+00:00,t133_21,treatment,error_rate,0
2026-01-03T18:52:00+00:00,t133_22,treatment,conversion,0
2026-01-03T18:52:00+00:00,t133_22,treatment,error_rate,0
2026-01-03T18:53:00+00:00,t133_23,treatment,conversion,0
2026-01-03T18:53:00+00:00,t133_23,treatment,error_rate,0
2026-01-03T18:54:00+00:00,t133_24,treatment,conversion,0
2026-01-03T18:54:00+00:00,t133_24,treatment,error_rate,0
2026-01-03T18:55:00+00:00,t133_25,treatment,conversion,1
2026-01-03T18:55:00+00:00,t133_25,treatment,error_rate,0
2026-01-03T18:56:00+00:00,t133_26,treatment,conversion,0
2026-01-03T18:56:00+00:00,t133_26,treatment,error_rate,0
2026-01-03T18:57:00+00:00,t133_27,treatment,conversion,0
2026-01-03T18:57:00+00:00,t133_27,treatment,error_rate,0
2026-01-03T18:58:00+00:00,t133_28,treatment,conversion,1
2026-01-03T18:58:00+00:00,t133_28,treatment,error_rate,0
2026-01-03T18:59:00+00:00,t133_29,treatment,conversion,0
2026-01-03T18:59:00+00:00,t133_29,treatment,error_rate,0
2026-01-03T19:00:00+00:00,c134_0,control,conversion,0
2026-01-03T19:00:00+00:00,c134_0,control,error_rate,0
2026-01-03T19:01:00+00:00,c134_1,control,conversion,0
2026-01-03T19:01:00+00:00,c134_1,control,error_rate,0
2026-01-03T19:02:00+00:00,c134_2,control,conversion,0
2026-01-03T19:02:00+00:00,c134_2,control,error_rate,0
2026-01-03T19:03:00+00:00,c134_3,control,conversion,0
2026-01-03T19:03:00+00:00,c134_3,control,error_rate,0
2026-01-03T19:04:00+00:00,c134_4,control,conversion,0
2026-01-03T19:04:00+00:00,c134_4,control,error_rate,0
2026-01-03T19:05:00+00:00,c134_5,control,conversion,0
2026-01-03T19:05:00+00:00,c134_5,control,error_rate,0
2026-01-03T19:06:00+00:00,c134_6,control,conversion,0
2026-01-03T19:06:00+00:00,c134_6,control,error_rate,0
2026-01-03T19:07:00+00:00,c134_7,control,conversion,0
2026-01-03T19:07:00+00:00,c134_7,control,error_rate,0
2026-01-03T19:08:00+00:00,c134_8,control,conversion,0
2026-01-03T19:08:00+00:00,c134_8,control,error_rate,0
2026-01-03T19:09:00+00:00,c134_9,control,conversion,0
2026-01-03T19:09:00+00:00,c134_9,control,error_rate,0
2026-01-03T19:10:00+00:00,c134_10,control,conversion,0
2026-01-03T19:10:00+00:00,c134_10,control,error_rate,0
2026-01-03T19:11:00+00:00,c134_11,control,conversion,0
2026-01-03T19:11:00+00:00,c134_11,control,error_rate,0
2026-01-03T19:12:00+00:00,c134_12,control,conversion,0
2026-01-03T19:12:00+00:00,c134_12,control,error_rate,0
2026-01-03T19:13:00+00:00,c134_13,control,conversion,0
2026-01-03T19:13:00+00:00,c134_13,control,error_rate,0
2026-01-03T19:14:00+00:00,c134_14,control,conversion,0
2026-01-03T19:14:00+00:00,c134_14,control,error_rate,0
2026-01-03T19:15:00+00:00,c134_15,control,conversion,0
2026-01-03T19:15:00+00:00,c134_15,control,error_rate,0
2026-01-03T19:16:00+00:00,c134_16,control,conversion,0
2026-01-03T19:16:00+00:00,c134_16,control,error_rate,0
2026-01-03T19:17:00+00:00,c134_17,control,conversion,0
2026-01-03T19:17:00+00:00,c134_17,control,error_rate,0
2026-01-03T19:18:00+00:00,c134_18,control,conversion,0
2026-01-03T19:18:00+00:00,c134_18,control,error_rate,0
2026-01-03T19:19:00+00:00,c134_19,control,conversion,0
2026-01-03T19:19:00+00:00,c134_19,control,error_rate,0
2026-01-03T19:20:00+00:00,c134_20,control,conversion,0
2026-01-03T19:20:00+00:00,c134_20,control,error_rate,0
2026-01-03T19:21:00+00:00,c134_21,control,conversion,0
2026-01-03T19:21:00+00:00,c134_21,control,error_rate,0
2026-01-03T19:22:00+00:00,c134_22,control,conversion,0
2026-01-03T19:22:00+00:00,c134_22,control,error_rate,0
2026-01-03T19:23:00+00:00,c134_23,control,conversion,0
2026-01-03T19:23:00+00:00,c134_23,control,error_rate,0
2026-01-03T19:24:00+00:00,c134_24,control,conversion,0
2026-01-03T19:24:00+00:00,c134_24,control,error_rate,1
2026-01-03T19:25:00+00:00,c134_25,control,conversion,0
2026-01-03T19:25:00+00:00,c134_25,control,error_rate,0
2026-01-03T19:26:00+00:00,c134_26,control,conversion,0
2026-01-03T19:26:00+00:00,c134_26,control,error_rate,0
2026-01-03T19:27:00+00:00,c134_27,control,conversion,0
2026-01-03T19:27:00+00:00,c134_27,control,error_rate,0
2026-01-03T19:28:00+00:00,c134_28,control,conversion,0
2026-01-03T19:28:00+00:00,c134_28,control,error_rate,0
2026-01-03T19:29:00+00:00,c134_29,control,conversion,0
2026-01-03T19:29:00+00:00,c134_29,control,error_rate,0
2026-01-03T19:00:00+00:00,t134_0,treatment,conversion,0
2026-01-03T19:00:00+00:00,t134_0,treatment,error_rate,0
2026-01-03T19:01:00+00:00,t134_1,treatment,conversion,1
2026-01-03T19:01:00+00:00,t134_1,treatment,error_rate,0
2026-01-03T19:02:00+00:00,t134_2,treatment,conversion,0
2026-01-03T19:02:00+00:00,t134_2,treatment,error_rate,1
2026-01-03T19:03:00+00:00,t134_3,treatment,conversion,0
2026-01-03T19:03:00+00:00,t134_3,treatment,error_rate,0
2026-01-03T19:04:00+00:00,t134_4,treatment,conversion,0
2026-01-03T19:04:00+00:00,t134_4,treatment,error_rate,0
2026-01-03T19:05:00+00:00,t134_5,treatment,conversion,0
2026-01-03T19:05:00+00:00,t134_5,treatment,error_rate,0
2026-01-03T19:06:00+00:00,t134_6,treatment,conversion,1
2026-01-03T19:06:00+00:00,t134_6,treatment,error_rate,0
2026-01-03T19:07:00+00:00,t134_7,treatment,conversion,0
2026-01-03T19:07:00+00:00,t134_7,treatment,error_rate,0
2026-01-03T19:08:00+00:00,t134_8,treatment,conversion,0
2026-01-03T19:08:00+00:00,t134_8,treatment,error_rate,0
2026-01-03T19:09:00+00:00,t134_9,treatment,conversion,0
2026-01-03T19:09:00+00:00,t134_9,treatment,error_rate,0
2026-01-03T19:10:00+00:00,t134_10,treatment,conversion,1
2026-01-03T19:10:00+00:00,t134_10,treatment,error_rate,0
2026-01-03T19:11:00+00:00,t134_11,treatment,conversion,1
2026-01-03T19:11:00+00:00,t134_11,treatment,error_rate,1
2026-01-03T19:12:00+00:00,t134_12,treatment,conversion,0
2026-01-03T19:12:00+00:00,t134_12,treatment,error_rate,0
2026-01-03T19:13:00+00:00,t134_13,treatment,conversion,0
2026-01-03T19:13:00+00:00,t134_13,treatment,error_rate,0
2026-01-03T19:14:00+00:00,t134_14,treatment,conversion,0
2026-01-03T19:14:00+00:00,t134_14,treatment,error_rate,0
2026-01-03T19:15:00+00:00,t134_15,treatment,conversion,1
2026-01-03T19:15:00+00:00,t134_15,treatment,error_rate,0
2026-01-03T19:16:00+00:00,t134_16,treatment,conversion,0
2026-01-03T19:16:00+00:00,t134_16,treatment,error_rate,0
2026-01-03T19:17:00+00:00,t134_17,treatment,conversion,0
2026-01-03T19:17:00+00:00,t134_17,treatment,error_rate,0
2026-01-03T19:18:00+00:00,t134_18,treatment,conversion,0
2026-01-03T19:18:00+00:00,t134_18,treatment,error_rate,0
2026-01-03T19:19:00+00:00,t134_19,treatment,conversion,1
2026-01-03T19:19:00+00:00,t134_19,treatment,error_rate,0
2026-01-03T19:20:00+00:00,t134_20,treatment,conversion,1
2026-01-03T19:20:00+00:00,t134_20,treatment,error_rate,0
2026-01-03T19:21:00+00:00,t134_21,treatment,conversion,1
2026-01-03T19:21:00+00:00,t134_21,treatment,error_rate,0
2026-01-03T19:22:00+00:00,t134_22,treatment,conversion,0
2026-01-03T19:22:00+00:00,t134_22,treatment,error_rate,0
2026-01-03T19:23:00+00:00,t134_23,treatment,conversion,1
2026-01-03T19:23:00+00:00,t134_23,treatment,error_rate,0
2026-01-03T19:24:00+00:00,t134_24,treatment,conversion,0
2026-01-03T19:24:00+00:00,t134_24,treatment,error_rate,0
2026-01-03T19:25:00+00:00,t134_25,treatment,conversion,0
2026-01-03T19:25:00+00:00,t134_25,treatment,error_rate,1
2026-01-03T19:26:00+00:00,t134_26,treatment,conversion,0
2026-01-03T19:26:00+00:00,t134_26,treatment,error_rate,0
2026-01-03T19:27:00+00:00,t134_27,treatment,conversion,0
2026-01-03T19:27:00+00:00,t134_27,treatment,error_rate,0
2026-01-03T19:28:00+00:00,t134_28,treatment,conversion,0
2026-01-03T19:28:00+00:00,t134_28,treatment,error_rate,0
2026-01-03T19:29:00+00:00,t134_29,treatment,conversion,0
2026-01-03T19:29:00+00:00,t134_29,treatment,error_rate,1
2026-01-03T19:30:00+00:00,c135_0,control,conversion,1
2026-01-03T19:30:00+00:00,c135_0,control,error_rate,0
2026-01-03T19:31:00+00:00,c135_1,control,conversion,0
2026-01-03T19:31:00+00:00,c135_1,control,error_rate,0
2026-01-03T19:32:00+00:00,c135_2,control,conversion,0
2026-01-03T19:32:00+00:00,c135_2,control,error_rate,0
2026-01-03T19:33:00+00:00,c135_3,control,conversion,0
2026-01-03T19:33:00+00:00,c135_3,control,error_rate,0
2026-01-03T19:34:00+00:00,c135_4,control,conversion,0
2026-01-03T19:34:00+00:00,c135_4,control,error_rate,0
2026-01-03T19:35:00+00:00,c135_5,control,conversion,0
2026-01-03T19:35:00+00:00,c135_5,control,error_rate,0
2026-01-03T19:36:00+00:00,c135_6,control,conversion,0
2026-01-03T19:36:00+00:00,c135_6,control,error_rate,0
2026-01-03T19:37:00+00:00,c135_7,control,conversion,1
2026-01-03T19:37:00+00:00,c135_7,control,error_rate,0
2026-01-03T19:38:00+00:00,c135_8,control,conversion,0
2026-01-03T19:38:00+00:00,c135_8,control,error_rate,1
2026-01-03T19:39:00+00:00,c135_9,control,conversion,0
2026-01-03T19:39:00+00:00,c135_9,control,error_rate,0
2026-01-03T19:40:00+00:00,c135_10,control,conversion,0
2026-01-03T19:40:00+00:00,c135_10,control,error_rate,0
2026-01-03T19:41:00+00:00,c135_11,control,conversion,0
2026-01-03T19:41:00+00:00,c135_11,control,error_rate,0
2026-01-03T19:42:00+00:00,c135_12,control,conversion,0
2026-01-03T19:42:00+00:00,c135_12,control,error_rate,0
2026-01-03T19:43:00+00:00,c135_13,control,conversion,0
2026-01-03T19:43:00+00:00,c135_13,control,error_rate,0
2026-01-03T19:44:00+00:00,c135_14,control,conversion,0
2026-01-03T19:44:00+00:00,c135_14,control,error_rate,0
2026-01-03T19:45:00+00:00,c135_15,control,conversion,0
2026-01-03T19:45:00+00:00,c135_15,control,error_rate,0
2026-01-03T19:46:00+00:00,c135_16,control,conversion,0
2026-01-03T19:46:00+00:00,c135_16,control,error_rate,0
2026-01-03T19:47:00+00:00,c135_17,control,conversion,0
2026-01-03T19:47:00+00:00,c135_17,control,error_rate,0
2026-01-03T19:48:00+00:00,c135_18,control,conversion,0
2026-01-03T19:48:00+00:00,c135_18,control,error_rate,0
2026-01-03T19:49:00+00:00,c135_19,control,conversion,0
2026-01-03T19:49:00+00:00,c135_19,control,error_rate,0
2026-01-03T19:50:00+00:00,c135_20,control,conversion,0
2026-01-03T19:50:00+00:00,c135_20,control,error_rate,0
2026-01-03T19:51:00+00:00,c135_21,control,conversion,0
2026-01-03T19:51:00+00:00,c135_21,control,error_rate,1
2026-01-03T19:52:00+00:00,c135_22,control,conversion,0
2026-01-03T19:52:00+00:00,c135_22,control,error_rate,0
2026-01-03T19:53:00+00:00,c135_23,control,conversion,0
2026-01-03T19:53:00+00:00,c135_23,control,error_rate,0
2026-01-03T19:54:00+00:00,c135_24,control,conversion,0
2026-01-03T19:54:00+00:00,c135_24,control,error_rate,0
2026-01-03T19:55:00+00:00,c135_25,control,conversion,0
2026-01-03T19:55:00+00:00,c135_25,control,error_rate,0
2026-01-03T19:56:00+00:00,c135_26,control,conversion,0
2026-01-03T19:56:00+00:00,c135_26,control,error_rate,0
2026-01-03T19:57:00+00:00,c135_27,control,conversion,0
2026-01-03T19:57:00+00:00,c135_27,control,error_rate,0
2026-01-03T19:58:00+00:00,c135_28,control,conversion,1
2026-01-03T19:58:00+00:00,c135_28,control,error_rate,0
2026-01-03T19:59:00+00:00,c135_29,control,conversion,0
2026-01-03T19:59:00+00:00,c135_29,control,error_rate,0
2026-01-03T19:30:00+00:00,t135_0,treatment,conversion,0
2026-01-03T19:30:00+00:00,t135_0,treatment,error_rate,0
2026-01-03T19:31:00+00:00,t135_1,treatment,conversion,0
2026-01-03T19:31:00+00:00,t135_1,treatment,error_rate,0
2026-01-03T19:32:00+00:00,t135_2,treatment,conversion,0
2026-01-03T19:32:00+00:00,t135_2,treatment,error_rate,1
2026-01-03T19:33:00+00:00,t135_3,treatment,conversion,0
2026-01-03T19:33:00+00:00,t135_3,treatment,error_rate,1
2026-01-03T19:34:00+00:00,t135_4,treatment,conversion,1
2026-01-03T19:34:00+00:00,t135_4,treatment,error_rate,0
2026-01-03T19:35:00+00:00,t135_5,treatment,conversion,0
2026-01-03T19:35:00+00:00,t135_5,treatment,error_rate,0
2026-01-03T19:36:00+00:00,t135_6,treatment,conversion,0
2026-01-03T19:36:00+00:00,t135_6,treatment,error_rate,0
2026-01-03T19:37:00+00:00,t135_7,treatment,conversion,1
2026-01-03T19:37:00+00:00,t135_7,treatment,error_rate,0
2026-01-03T19:38:00+00:00,t135_8,treatment,conversion,1
2026-01-03T19:38:00+00:00,t135_8,treatment,error_rate,0
2026-01-03T19:39:00+00:00,t135_9,treatment,conversion,0
2026-01-03T19:39:00+00:00,t135_9,treatment,error_rate,0
2026-01-03T19:40:00+00:00,t135_10,treatment,conversion,0
2026-01-03T19:40:00+00:00,t135_10,treatment,error_rate,0
2026-01-03T19:41:00+00:00,t135_11,treatment,conversion,0
2026-01-03T19:41:00+00:00,t135_11,treatment,error_rate,0
2026-01-03T19:42:00+00:00,t135_12,treatment,conversion,1
2026-01-03T19:42:00+00:00,t135_12,treatment,error_rate,0
2026-01-03T19:43:00+00:00,t135_13,treatment,conversion,0
2026-01-03T19:43:00+00:00,t135_13,treatment,error_rate,0
2026-01-03T19:44:00+00:00,t135_14,treatment,conversion,0
2026-01-03T19:44:00+00:00,t135_14,treatment,error_rate,0
2026-01-03T19:45:00+00:00,t135_15,treatment,conversion,0
2026-01-03T19:45:00+00:00,t135_15,treatment,error_rate,0
2026-01-03T19:46:00+00:00,t135_16,treatment,conversion,1
2026-01-03T19:46:00+00:00,t135_16,treatment,error_rate,0
2026-01-03T19:47:00+00:00,t135_17,treatment,conversion,0
2026-01-03T19:47:00+00:00,t135_17,treatment,error_rate,0
2026-01-03T19:48:00+00:00,t135_18,treatment,conversion,0
2026-01-03T19:48:00+00:00,t135_18,treatment,error_rate,0
2026-01-03T19:49:00+00:00,t135_19,treatment,conversion,0
2026-01-03T19:49:00+00:00,t135_19,treatment,error_rate,0
2026-01-03T19:50:00+00:00,t135_20,treatment,conversion,0
2026-01-03T19:50:00+00:00,t135_20,treatment,error_rate,0
2026-01-03T19:51:00+00:00,t135_21,treatment,conversion,0
2026-01-03T19:51:00+00:00,t135_21,treatment,error_rate,0
2026-01-03T19:52:00+00:00,t135_22,treatment,conversion,0
2026-01-03T19:52:00+00:00,t135_22,treatment,error_rate,0
2026-01-03T19:53:00+00:00,t135_23,treatment,conversion,0
2026-01-03T19:53:00+00:00,t135_23,treatment,error_rate,1
2026-01-03T19:54:00+00:00,t135_24,treatment,conversion,0
2026-01-03T19:54:00+00:00,t135_24,treatment,error_rate,1
2026-01-03T19:55:00+00:00,t135_25,treatment,conversion,0
2026-01-03T19:55:00+00:00,t135_25,treatment,error_rate,0
2026-01-03T19:56:00+00:00,t135_26,treatment,conversion,1
2026-01-03T19:56:00+00:00,t135_26,treatment,error_rate,0
2026-01-03T19:57:00+00:00,t135_27,treatment,conversion,0
2026-01-03T19:57:00+00:00,t135_27,treatment,error_rate,0
2026-01-03T19:58:00+00:00,t135_28,treatment,conversion,0
2026-01-03T19:58:00+00:00,t135_28,treatment,error_rate,1
2026-01-03T19:59:00+00:00,t135_29,treatment,conversion,0
2026-01-03T19:59:00+00:00,t135_29,treatment,error_rate,0
2026-01-03T20:00:00+00:00,c136_0,control,conversion,0
2026-01-03T20:00:00+00:00,c136_0,control,error_rate,0
2026-01-03T20:01:00+00:00,c136_1,control,conversion,0
2026-01-03T20:01:00+00:00,c136_1,control,error_rate,0
2026-01-03T20:02:00+00:00,c136_2,control,conversion,0
2026-01-03T20:02:00+00:00,c136_2,control,error_rate,0
2026-01-03T20:03:00+00:00,c136_3,control,conversion,0
2026-01-03T20:03:00+00:00,c136_3,control,error_rate,0
2026-01-03T20:04:00+00:00,c136_4,control,conversion,0
2026-01-03T20:04:00+00:00,c136_4,control,error_rate,0
2026-01-03T20:05:00+00:00,c136_5,control,conversion,0
2026-01-03T20:05:00+00:00,c136_5,control,error_rate,0
2026-01-03T20:06:00+00:00,c136_6,control,conversion,0
2026-01-03T20:06:00+00:00,c136_6,control,error_rate,0
2026-01-03T20:07:00+00:00,c136_7,control,conversion,0
2026-01-03T20:07:00+00:00,c136_7,control,error_rate,0
2026-01-03T20:08:00+00:00,c136_8,control,conversion,0
2026-01-03T20:08:00+00:00,c136_8,control,error_rate,0
2026-01-03T20:09:00+00:00,c136_9,control,conversion,0
2026-01-03T20:09:00+00:00,c136_9,control,error_rate,1
2026-01-03T20:10:00+00:00,c136_10,control,conversion,0
2026-01-03T20:10:00+00:00,c136_10,control,error_rate,0
2026-01-03T20:11:00+00:00,c136_11,control,conversion,0
2026-01-03T20:11:00+00:00,c136_11,control,error_rate,0
2026-01-03T20:12:00+00:00,c136_12,control,conversion,0
2026-01-03T20:12:00+00:00,c136_12,control,error_rate,0
2026-01-03T20:13:00+00:00,c136_13,control,conversion,0
2026-01-03T20:13:00+00:00,c136_13,control,error_rate,0
2026-01-03T20:14:00+00:00,c136_14,control,conversion,0
2026-01-03T20:14:00+00:00,c136_14,control,error_rate,0
2026-01-03T20:15:00+00:00,c136_15,control,conversion,0
2026-01-03T20:15:00+00:00,c136_15,control,error_rate,0
2026-01-03T20:16:00+00:00,c136_16,control,conversion,0
2026-01-03T20:16:00+00:00,c136_16,control,error_rate,0
2026-01-03T20:17:00+00:00,c136_17,control,conversion,0
2026-01-03T20:17:00+00:00,c136_17,control,error_rate,0
2026-01-03T20:18:00+00:00,c136_18,control,conversion,0
2026-01-03T20:18:00+00:00,c136_18,control,error_rate,0
2026-01-03T20:19:00+00:00,c136_19,control,conversion,0
2026-01-03T20:19:00+00:00,c136_19,control,error_rate,0
2026-01-03T20:20:00+00:00,c136_20,control,conversion,0
2026-01-03T20:20:00+00:00,c136_20,control,error_rate,0
2026-01-03T20:21:00+00:00,c136_21,control,conversion,0
2026-01-03T20:21:00+00:00,c136_21,control,error_rate,0
2026-01-03T20:22:00+00:00,c136_22,control,conversion,0
2026-01-03T20:22:00+00:00,c136_22,control,error_rate,0
2026-01-03T20:23:00+00:00,c136_23,control,conversion,0
2026-01-03T20:23:00+00:00,c136_23,control,error_rate,0
2026-01-03T20:24:00+00:00,c136_24,control,conversion,0
2026-01-03T20:24:00+00:00,c136_24,control,error_rate,0
2026-01-03T20:25:00+00:00,c136_25,control,conversion,0
2026-01-03T20:25:00+00:00,c136_25,control,error_rate,0
2026-01-03T20:26:00+00:00,c136_26,control,conversion,1
2026-01-03T20:26:00+00:00,c136_26,control,error_rate,0
2026-01-03T20:27:00+00:00,c136_27,control,conversion,0
2026-01-03T20:27:00+00:00,c136_27,control,error_rate,0
2026-01-03T20:28:00+00:00,c136_28,control,conversion,0
2026-01-03T20:28:00+00:00,c136_28,control,error_rate,0
2026-01-03T20:29:00+00:00,c136_29,control,conversion,0
2026-01-03T20:29:00+00:00,c136_29,control,error_rate,0
2026-01-03T20:00:00+00:00,t136_0,treatment,conversion,0
2026-01-03T20:00:00+00:00,t136_0,treatment,error_rate,1
2026-01-03T20:01:00+00:00,t136_1,treatment,conversion,0
2026-01-03T20:01:00+00:00,t136_1,treatment,error_rate,0
2026-01-03T20:02:00+00:00,t136_2,treatment,conversion,0
2026-01-03T20:02:00+00:00,t136_2,treatment,error_rate,0
2026-01-03T20:03:00+00:00,t136_3,treatment,conversion,0
2026-01-03T20:03:00+00:00,t136_3,treatment,error_rate,0
2026-01-03T20:04:00+00:00,t136_4,treatment,conversion,1
2026-01-03T20:04:00+00:00,t136_4,treatment,error_rate,0
2026-01-03T20:05:00+00:00,t136_5,treatment,conversion,0
2026-01-03T20:05:00+00:00,t136_5,treatment,error_rate,0
2026-01-03T20:06:00+00:00,t136_6,treatment,conversion,0
2026-01-03T20:06:00+00:00,t136_6,treatment,error_rate,1
2026-01-03T20:07:00+00:00,t136_7,treatment,conversion,0
2026-01-03T20:07:00+00:00,t136_7,treatment,error_rate,0
2026-01-03T20:08:00+00:00,t136_8,treatment,conversion,0
2026-01-03T20:08:00+00:00,t136_8,treatment,error_rate,0
2026-01-03T20:09:00+00:00,t136_9,treatment,conversion,0
2026-01-03T20:09:00+00:00,t136_9,treatment,error_rate,0
2026-01-03T20:10:00+00:00,t136_10,treatment,conversion,0
2026-01-03T20:10:00+00:00,t136_10,treatment,error_rate,1
2026-01-03T20:11:00+00:00,t136_11,treatment,conversion,1
2026-01-03T20:11:00+00:00,t136_11,treatment,error_rate,0
2026-01-03T20:12:00+00:00,t136_12,treatment,conversion,0
2026-01-03T20:12:00+00:00,t136_12,treatment,error_rate,0
2026-01-03T20:13:00+00:00,t136_13,treatment,conversion,0
2026-01-03T20:13:00+00:00,t136_13,treatment,error_rate,0
2026-01-03T20:14:00+00:00,t136_14,treatment,conversion,0
2026-01-03T20:14:00+00:00,t136_14,treatment,error_rate,1
2026-01-03T20:15:00+00:00,t136_15,treatment,conversion,0
2026-01-03T20:15:00+00:00,t136_15,treatment,error_rate,0
2026-01-03T20:16:00+00:00,t136_16,treatment,conversion,1
2026-01-03T20:16:00+00:00,t136_16,treatment,error_rate,0
2026-01-03T20:17:00+00:00,t136_17,treatment,conversion,0
2026-01-03T20:17:00+00:00,t136_17,treatment,error_rate,0
2026-01-03T20:18:00+00:00,t136_18,treatment,conversion,0
2026-01-03T20:18:00+00:00,t136_18,treatment,error_rate,1
2026-01-03T20:19:00+00:00,t136_19,treatment,conversion,0
2026-01-03T20:19:00+00:00,t136_19,treatment,error_rate,0
2026-01-03T20:20:00+00:00,t136_20,treatment,conversion,0
2026-01-03T20:20:00+00:00,t136_20,treatment,error_rate,0
2026-01-03T20:21:00+00:00,t136_21,treatment,conversion,0
2026-01-03T20:21:00+00:00,t136_21,treatment,error_rate,0
2026-01-03T20:22:00+00:00,t136_22,treatment,conversion,0
2026-01-03T20:22:00+00:00,t136_22,treatment,error_rate,0
2026-01-03T20:23:00+00:00,t136_23,treatment,conversion,0
2026-01-03T20:23:00+00:00,t136_23,treatment,error_rate,0
2026-01-03T20:24:00+00:00,t136_24,treatment,conversion,0
2026-01-03T20:24:00+00:00,t136_24,treatment,error_rate,1
2026-01-03T20:25:00+00:00,t136_25,treatment,conversion,0
2026-01-03T20:25:00+00:00,t136_25,treatment,error_rate,1
2026-01-03T20:26:00+00:00,t136_26,treatment,conversion,0
2026-01-03T20:26:00+00:00,t136_26,treatment,error_rate,0
2026-01-03T20:27:00+00:00,t136_27,treatment,conversion,0
2026-01-03T20:27:00+00:00,t136_27,treatment,error_rate,0
2026-01-03T20:28:00+00:00,t136_28,treatment,conversion,1
2026-01-03T20:28:00+00:00,t136_28,treatment,error_rate,0
2026-01-03T20:29:00+00:00,t136_29,treatment,conversion,0
2026-01-03T20:29:00+00:00,t136_29,treatment,error_rate,0
2026-01-03T20:30:00+00:00,c137_0,control,conversion,0
2026-01-03T20:30:00+00:00,c137_0,control,error_rate,0
2026-01-03T20:31:00+00:00,c137_1,control,conversion,0
2026-01-03T20:31:00+00:00,c137_1,control,error_rate,0
2026-01-03T20:32:00+00:00,c137_2,control,conversion,0
2026-01-03T20:32:00+00:00,c137_2,control,error_rate,0
2026-01-03T20:33:00+00:00,c137_3,control,conversion,0
2026-01-03T20:33:00+00:00,c137_3,control,error_rate,0
2026-01-03T20:34:00+00:00,c137_4,control,conversion,0
2026-01-03T20:34:00+00:00,c137_4,control,error_rate,0
2026-01-03T20:35:00+00:00,c137_5,control,conversion,0
2026-01-03T20:35:00+00:00,c137_5,control,error_rate,0
2026-01-03T20:36:00+00:00,c137_6,control,conversion,0
2026-01-03T20:36:00+00:00,c137_6,control,error_rate,0
2026-01-03T20:37:00+00:00,c137_7,control,conversion,0
2026-01-03T20:37:00+00:00,c137_7,control,error_rate,0
2026-01-03T20:38:00+00:00,c137_8,control,conversion,0
2026-01-03T20:38:00+00:00,c137_8,control,error_rate,1
2026-01-03T20:39:00+00:00,c137_9,control,conversion,0
2026-01-03T20:39:00+00:00,c137_9,control,error_rate,0
2026-01-03T20:40:00+00:00,c137_10,control,conversion,0
2026-01-03T20:40:00+00:00,c137_10,control,error_rate,0
2026-01-03T20:41:00+00:00,c137_11,control,conversion,0
2026-01-03T20:41:00+00:00,c137_11,control,error_rate,0
2026-01-03T20:42:00+00:00,c137_12,control,conversion,0
2026-01-03T20:42:00+00:00,c137_12,control,error_rate,0
2026-01-03T20:43:00+00:00,c137_13,control,conversion,0
2026-01-03T20:43:00+00:00,c137_13,control,error_rate,0
2026-01-03T20:44:00+00:00,c137_14,control,conversion,0
2026-01-03T20:44:00+00:00,c137_14,control,error_rate,0
2026-01-03T20:45:00+00:00,c137_15,control,conversion,1
2026-01-03T20:45:00+00:00,c137_15,control,error_rate,0
2026-01-03T20:46:00+00:00,c137_16,control,conversion,0
2026-01-03T20:46:00+00:00,c137_16,control,error_rate,1
2026-01-03T20:47:00+00:00,c137_17,control,conversion,0
2026-01-03T20:47:00+00:00,c137_17,control,error_rate,0
2026-01-03T20:48:00+00:00,c137_18,control,conversion,0
2026-01-03T20:48:00+00:00,c137_18,control,error_rate,1
2026-01-03T20:49:00+00:00,c137_19,control,conversion,0
2026-01-03T20:49:00+00:00,c137_19,control,error_rate,0
2026-01-03T20:50:00+00:00,c137_20,control,conversion,0
2026-01-03T20:50:00+00:00,c137_20,control,error_rate,0
2026-01-03T20:51:00+00:00,c137_21,control,conversion,0
2026-01-03T20:51:00+00:00,c137_21,control,error_rate,0
2026-01-03T20:52:00+00:00,c137_22,control,conversion,1
2026-01-03T20:52:00+00:00,c137_22,control,error_rate,0
2026-01-03T20:53:00+00:00,c137_23,control,conversion,0
2026-01-03T20:53:00+00:00,c137_23,control,error_rate,0
2026-01-03T20:54:00+00:00,c137_24,control,conversion,0
2026-01-03T20:54:00+00:00,c137_24,control,error_rate,0
2026-01-03T20:55:00+00:00,c137_25,control,conversion,1
2026-01-03T20:55:00+00:00,c137_25,control,error_rate,0
2026-01-03T20:56:00+00:00,c137_26,control,conversion,0
2026-01-03T20:56:00+00:00,c137_26,control,error_rate,0
2026-01-03T20:57:00+00:00,c137_27,control,conversion,1
2026-01-03T20:57:00+00:00,c137_27,control,error_rate,0
2026-01-03T20:58:00+00:00,c137_28,control,conversion,0
2026-01-03T20:58:00+00:00,c137_28,control,error_rate,0
2026-01-03T20:59:00+00:00,c137_29,control,conversion,0
2026-01-03T20:59:00+00:00,c137_29,control,error_rate,0
2026-01-03T20:30:00+00:00,t137_0,treatment,conversion,0
2026-01-03T20:30:00+00:00,t137_0,treatment,error_rate,0
2026-01-03T20:31:00+00:00,t137_1,treatment,conversion,0
2026-01-03T20:31:00+00:00,t137_1,treatment,error_rate,0
2026-01-03T20:32:00+00:00,t137_2,treatment,conversion,0
2026-01-03T20:32:00+00:00,t137_2,treatment,error_rate,0
2026-01-03T20:33:00+00:00,t137_3,treatment,conversion,1
2026-01-03T20:33:00+00:00,t137_3,treatment,error_rate,0
2026-01-03T20:34:00+00:00,t137_4,treatment,conversion,0
2026-01-03T20:34:00+00:00,t137_4,treatment,error_rate,0
2026-01-03T20:35:00+00:00,t137_5,treatment,conversion,0
2026-01-03T20:35:00+00:00,t137_5,treatment,error_rate,0
2026-01-03T20:36:00+00:00,t137_6,treatment,conversion,0
2026-01-03T20:36:00+00:00,t137_6,treatment,error_rate,0
2026-01-03T20:37:00+00:00,t137_7,treatment,conversion,0
2026-01-03T20:37:00+00:00,t137_7,treatment,error_rate,0
2026-01-03T20:38:00+00:00,t137_8,treatment,conversion,0
2026-01-03T20:38:00+00:00,t137_8,treatment,error_rate,0
2026-01-03T20:39:00+00:00,t137_9,treatment,conversion,1
2026-01-03T20:39:00+00:00,t137_9,treatment,error_rate,0
2026-01-03T20:40:00+00:00,t137_10,treatment,conversion,0
2026-01-03T20:40:00+00:00,t137_10,treatment,error_rate,0
2026-01-03T20:41:00+00:00,t137_11,treatment,conversion,0
2026-01-03T20:41:00+00:00,t137_11,treatment,error_rate,0
2026-01-03T20:42:00+00:00,t137_12,treatment,conversion,1
2026-01-03T20:42:00+00:00,t137_12,treatment,error_rate,0
2026-01-03T20:43:00+00:00,t137_13,treatment,conversion,1
2026-01-03T20:43:00+00:00,t137_13,treatment,error_rate,0
2026-01-03T20:44:00+00:00,t137_14,treatment,conversion,1
2026-01-03T20:44:00+00:00,t137_14,treatment,error_rate,0
2026-01-03T20:45:00+00:00,t137_15,treatment,conversion,0
2026-01-03T20:45:00+00:00,t137_15,treatment,error_rate,0
2026-01-03T20:46:00+00:00,t137_16,treatment,conversion,0
2026-01-03T20:46:00+00:00,t137_16,treatment,error_rate,0
2026-01-03T20:47:00+00:00,t137_17,treatment,conversion,0
2026-01-03T20:47:00+00:00,t137_17,treatment,error_rate,0
2026-01-03T20:48:00+00:00,t137_18,treatment,conversion,0
2026-01-03T20:48:00+00:00,t137_18,treatment,error_rate,1
2026-01-03T20:49:00+00:00,t137_19,treatment,conversion,1
2026-01-03T20:49:00+00:00,t137_19,treatment,error_rate,0
2026-01-03T20:50:00+00:00,t137_20,treatment,conversion,0
2026-01-03T20:50:00+00:00,t137_20,treatment,error_rate,0
2026-01-03T20:51:00+00:00,t137_21,treatment,conversion,0
2026-01-03T20:51:00+00:00,t137_21,treatment,error_rate,0
2026-01-03T20:52:00+00:00,t137_22,treatment,conversion,0
2026-01-03T20:52:00+00:00,t137_22,treatment,error_rate,0
2026-01-03T20:53:00+00:00,t137_23,treatment,conversion,0
2026-01-03T20:53:00+00:00,t137_23,treatment,error_rate,1
2026-01-03T20:54:00+00:00,t137_24,treatment,conversion,0
2026-01-03T20:54:00+00:00,t137_24,treatment,error_rate,0
2026-01-03T20:55:00+00:00,t137_25,treatment,conversion,0
2026-01-03T20:55:00+00:00,t137_25,treatment,error_rate,0
2026-01-03T20:56:00+00:00,t137_26,treatment,conversion,0
2026-01-03T20:56:00+00:00,t137_26,treatment,error_rate,0
2026-01-03T20:57:00+00:00,t137_27,treatment,conversion,1
2026-01-03T20:57:00+00:00,t137_27,treatment,error_rate,0
2026-01-03T20:58:00+00:00,t137_28,treatment,conversion,0
2026-01-03T20:58:00+00:00,t137_28,treatment,error_rate,0
2026-01-03T20:59:00+00:00,t137_29,treatment,conversion,0
2026-01-03T20:59:00+00:00,t137_29,treatment,error_rate,1
2026-01-03T21:00:00+00:00,c138_0,control,conversion,0
2026-01-03T21:00:00+00:00,c138_0,control,error_rate,0
2026-01-03T21:01:00+00:00,c138_1,control,conversion,0
2026-01-03T21:01:00+00:00,c138_1,control,error_rate,0
2026-01-03T21:02:00+00:00,c138_2,control,conversion,0
2026-01-03T21:02:00+00:00,c138_2,control,error_rate,0
2026-01-03T21:03:00+00:00,c138_3,control,conversion,0
2026-01-03T21:03:00+00:00,c138_3,control,error_rate,0
2026-01-03T21:04:00+00:00,c138_4,control,conversion,0
2026-01-03T21:04:00+00:00,c138_4,control,error_rate,0
2026-01-03T21:05:00+00:00,c138_5,control,conversion,0
2026-01-03T21:05:00+00:00,c138_5,control,error_rate,0
2026-01-03T21:06:00+00:00,c138_6,control,conversion,0
2026-01-03T21:06:00+00:00,c138_6,control,error_rate,0
2026-01-03T21:07:00+00:00,c138_7,control,conversion,0
2026-01-03T21:07:00+00:00,c138_7,control,error_rate,0
2026-01-03T21:08:00+00:00,c138_8,control,conversion,0
2026-01-03T21:08:00+00:00,c138_8,control,error_rate,0
2026-01-03T21:09:00+00:00,c138_9,control,conversion,0
2026-01-03T21:09:00+00:00,c138_9,control,error_rate,0
2026-01-03T21:10:00+00:00,c138_10,control,conversion,0
2026-01-03T21:10:00+00:00,c138_10,control,error_rate,0
2026-01-03T21:11:00+00:00,c138_11,control,conversion,0
2026-01-03T21:11:00+00:00,c138_11,control,error_rate,0
2026-01-03T21:12:00+00:00,c138_12,control,conversion,0
2026-01-03T21:12:00+00:00,c138_12,control,error_rate,0
2026-01-03T21:13:00+00:00,c138_13,control,conversion,0
2026-01-03T21:13:00+00:00,c138_13,control,error_rate,0
2026-01-03T21:14:00+00:00,c138_14,control,conversion,0
2026-01-03T21:14:00+00:00,c138_14,control,error_rate,1
2026-01-03T21:15:00+00:00,c138_15,control,conversion,0
2026-01-03T21:15:00+00:00,c138_15,control,error_rate,0
2026-01-03T21:16:00+00:00,c138_16,control,conversion,0
2026-01-03T21:16:00+00:00,c138_16,control,error_rate,0
2026-01-03T21:17:00+00:00,c138_17,control,conversion,0
2026-01-03T21:17:00+00:00,c138_17,control,error_rate,0
2026-01-03T21:18:00+00:00,c138_18,control,conversion,0
2026-01-03T21:18:00+00:00,c138_18,control,error_rate,0
2026-01-03T21:19:00+00:00,c138_19,control,conversion,0
2026-01-03T21:19:00+00:00,c138_19,control,error_rate,0
2026-01-03T21:20:00+00:00,c138_20,control,conversion,0
2026-01-03T21:20:00+00:00,c138_20,control,error_rate,0
2026-01-03T21:21:00+00:00,c138_21,control,conversion,0
2026-01-03T21:21:00+00:00,c138_21,control,error_rate,0
2026-01-03T21:22:00+00:00,c138_22,control,conversion,0
2026-01-03T21:22:00+00:00,c138_22,control,error_rate,0
2026-01-03T21:23:00+00:00,c138_23,control,conversion,0
2026-01-03T21:23:00+00:00,c138_23,control,error_rate,0
2026-01-03T21:24:00+00:00,c138_24,control,conversion,1
2026-01-03T21:24:00+00:00,c138_24,control,error_rate,0
2026-01-03T21:25:00+00:00,c138_25,control,conversion,1
2026-01-03T21:25:00+00:00,c138_25,control,error_rate,0
2026-01-03T21:26:00+00:00,c138_26,control,conversion,0
2026-01-03T21:26:00+00:00,c138_26,control,error_rate,0
2026-01-03T21:27:00+00:00,c138_27,control,conversion,0
2026-01-03T21:27:00+00:00,c138_27,control,error_rate,0
2026-01-03T21:28:00+00:00,c138_28,control,conversion,0
2026-01-03T21:28:00+00:00,c138_28,control,error_rate,0
2026-01-03T21:29:00+00:00,c138_29,control,conversion,0
2026-01-03T21:29:00+00:00,c138_29,control,error_rate,0
2026-01-03T21:00:00+00:00,t138_0,treatment,conversion,0
2026-01-03T21:00:00+00:00,t138_0,treatment,error_rate,0
2026-01-03T21:01:00+00:00,t138_1,treatment,conversion,1
2026-01-03T21:01:00+00:00,t138_1,treatment,error_rate,0
2026-01-03T21:02:00+00:00,t138_2,treatment,conversion,0
2026-01-03T21:02:00+00:00,t138_2,treatment,error_rate,1
2026-01-03T21:03:00+00:00,t138_3,treatment,conversion,0
2026-01-03T21:03:00+00:00,t138_3,treatment,error_rate,0
2026-01-03T21:04:00+00:00,t138_4,treatment,conversion,0
2026-01-03T21:04:00+00:00,t138_4,treatment,error_rate,0
2026-01-03T21:05:00+00:00,t138_5,treatment,conversion,0
2026-01-03T21:05:00+00:00,t138_5,treatment,error_rate,0
2026-01-03T21:06:00+00:00,t138_6,treatment,conversion,0
2026-01-03T21:06:00+00:00,t138_6,treatment,error_rate,0
2026-01-03T21:07:00+00:00,t138_7,treatment,conversion,0
2026-01-03T21:07:00+00:00,t138_7,treatment,error_rate,0
2026-01-03T21:08:00+00:00,t138_8,treatment,conversion,0
2026-01-03T21:08:00+00:00,t138_8,treatment,error_rate,0
2026-01-03T21:09:00+00:00,t138_9,treatment,conversion,1
2026-01-03T21:09:00+00:00,t138_9,treatment,error_rate,0
2026-01-03T21:10:00+00:00,t138_10,treatment,conversion,1
2026-01-03T21:10:00+00:00,t138_10,treatment,error_rate,1
2026-01-03T21:11:00+00:00,t138_11,treatment,conversion,0
2026-01-03T21:11:00+00:00,t138_11,treatment,error_rate,0
2026-01-03T21:12:00+00:00,t138_12,treatment,conversion,0
2026-01-03T21:12:00+00:00,t138_12,treatment,error_rate,0
2026-01-03T21:13:00+00:00,t138_13,treatment,conversion,0
2026-01-03T21:13:00+00:00,t138_13,treatment,error_rate,0
2026-01-03T21:14:00+00:00,t138_14,treatment,conversion,0
2026-01-03T21:14:00+00:00,t138_14,treatment,error_rate,0
2026-01-03T21:15:00+00:00,t138_15,treatment,conversion,1
2026-01-03T21:15:00+00:00,t138_15,treatment,error_rate,1
2026-01-03T21:16:00+00:00,t138_16,treatment,conversion,1
2026-01-03T21:16:00+00:00,t138_16,treatment,error_rate,0
2026-01-03T21:17:00+00:00,t138_17,treatment,conversion,0
2026-01-03T21:17:00+00:00,t138_17,treatment,error_rate,0
2026-01-03T21:18:00+00:00,t138_18,treatment,conversion,0
2026-01-03T21:18:00+00:00,t138_18,treatment,error_rate,0
2026-01-03T21:19:00+00:00,t138_19,treatment,conversion,0
2026-01-03T21:19:00+00:00,t138_19,treatment,error_rate,0
2026-01-03T21:20:00+00:00,t138_20,treatment,conversion,0
2026-01-03T21:20:00+00:00,t138_20,treatment,error_rate,1
2026-01-03T21:21:00+00:00,t138_21,treatment,conversion,0
2026-01-03T21:21:00+00:00,t138_21,treatment,error_rate,1
2026-01-03T21:22:00+00:00,t138_22,treatment,conversion,0
2026-01-03T21:22:00+00:00,t138_22,treatment,error_rate,0
2026-01-03T21:23:00+00:00,t138_23,treatment,conversion,1
2026-01-03T21:23:00+00:00,t138_23,treatment,error_rate,0
2026-01-03T21:24:00+00:00,t138_24,treatment,conversion,0
2026-01-03T21:24:00+00:00,t138_24,treatment,error_rate,0
2026-01-03T21:25:00+00:00,t138_25,treatment,conversion,0
2026-01-03T21:25:00+00:00,t138_25,treatment,error_rate,0
2026-01-03T21:26:00+00:00,t138_26,treatment,conversion,0
2026-01-03T21:26:00+00:00,t138_26,treatment,error_rate,0
2026-01-03T21:27:00+00:00,t138_27,treatment,conversion,0
2026-01-03T21:27:00+00:00,t138_27,treatment,error_rate,0
2026-01-03T21:28:00+00:00,t138_28,treatment,conversion,0
2026-01-03T21:28:00+00:00,t138_28,treatment,error_rate,1
2026-01-03T21:29:00+00:00,t138_29,treatment,conversion,0
2026-01-03T21:29:00+00:00,t138_29,treatment,error_rate,0
2026-01-03T21:30:00+00:00,c139_0,control,conversion,0
2026-01-03T21:30:00+00:00,c139_0,control,error_rate,0
2026-01-03T21:31:00+00:00,c139_1,control,conversion,0
2026-01-03T21:31:00+00:00,c139_1,control,error_rate,0
2026-01-03T21:32:00+00:00,c139_2,control,conversion,0
2026-01-03T21:32:00+00:00,c139_2,control,error_rate,0
2026-01-03T21:33:00+00:00,c139_3,control,conversion,0
2026-01-03T21:33:00+00:00,c139_3,control,error_rate,0
2026-01-03T21:34:00+00:00,c139_4,control,conversion,0
2026-01-03T21:34:00+00:00,c139_4,control,error_rate,0
2026-01-03T21:35:00+00:00,c139_5,control,conversion,0
2026-01-03T21:35:00+00:00,c139_5,control,error_rate,0
2026-01-03T21:36:00+00:00,c139_6,control,conversion,0
2026-01-03T21:36:00+00:00,c139_6,control,error_rate,0
2026-01-03T21:37:00+00:00,c139_7,control,conversion,0
2026-01-03T21:37:00+00:00,c139_7,control,error_rate,0
2026-01-03T21:38:00+00:00,c139_8,control,conversion,0
2026-01-03T21:38:00+00:00,c139_8,control,error_rate,1
2026-01-03T21:39:00+00:00,c139_9,control,conversion,0
2026-01-03T21:39:00+00:00,c139_9,control,error_rate,0
2026-01-03T21:40:00+00:00,c139_10,control,conversion,0
2026-01-03T21:40:00+00:00,c139_10,control,error_rate,0
2026-01-03T21:41:00+00:00,c139_11,control,conversion,0
2026-01-03T21:41:00+00:00,c139_11,control,error_rate,0
2026-01-03T21:42:00+00:00,c139_12,control,conversion,0
2026-01-03T21:42:00+00:00,c139_12,control,error_rate,0
2026-01-03T21:43:00+00:00,c139_13,control,conversion,1
2026-01-03T21:43:00+00:00,c139_13,control,error_rate,0
2026-01-03T21:44:00+00:00,c139_14,control,conversion,0
2026-01-03T21:44:00+00:00,c139_14,control,error_rate,0
2026-01-03T21:45:00+00:00,c139_15,control,conversion,0
2026-01-03T21:45:00+00:00,c139_15,control,error_rate,0
2026-01-03T21:46:00+00:00,c139_16,control,conversion,0
2026-01-03T21:46:00+00:00,c139_16,control,error_rate,0
2026-01-03T21:47:00+00:00,c139_17,control,conversion,0
2026-01-03T21:47:00+00:00,c139_17,control,error_rate,0
2026-01-03T21:48:00+00:00,c139_18,control,conversion,0
2026-01-03T21:48:00+00:00,c139_18,control,error_rate,0
2026-01-03T21:49:00+00:00,c139_19,control,conversion,0
2026-01-03T21:49:00+00:00,c139_19,control,error_rate,0
2026-01-03T21:50:00+00:00,c139_20,control,conversion,0
2026-01-03T21:50:00+00:00,c139_20,control,error_rate,1
2026-01-03T21:51:00+00:00,c139_21,control,conversion,0
2026-01-03T21:51:00+00:00,c139_21,control,error_rate,0
2026-01-03T21:52:00+00:00,c139_22,control,conversion,0
2026-01-03T21:52:00+00:00,c139_22,control,error_rate,0
2026-01-03T21:53:00+00:00,c139_23,control,conversion,0
2026-01-03T21:53:00+00:00,c139_23,control,error_rate,0
2026-01-03T21:54:00+00:00,c139_24,control,conversion,0
2026-01-03T21:54:00+00:00,c139_24,control,error_rate,0
2026-01-03T21:55:00+00:00,c139_25,control,conversion,1
2026-01-03T21:55:00+00:00,c139_25,control,error_rate,0
2026-01-03T21:56:00+00:00,c139_26,control,conversion,0
2026-01-03T21:56:00+00:00,c139_26,control,error_rate,0
2026-01-03T21:57:00+00:00,c139_27,control,conversion,0
2026-01-03T21:57:00+00:00,c139_27,control,error_rate,0
2026-01-03T21:58:00+00:00,c139_28,control,conversion,0
2026-01-03T21:58:00+00:00,c139_28,control,error_rate,0
2026-01-03T21:59:00+00:00,c139_29,control,conversion,0
2026-01-03T21:59:00+00:00,c139_29,control,error_rate,0
2026-01-03T21:30:00+00:00,t139_0,treatment,conversion,0
2026-01-03T21:30:00+00:00,t139_0,treatment,error_rate,1
2026-01-03T21:31:00+00:00,t139_1,treatment,conversion,0
2026-01-03T21:31:00+00:00,t139_1,treatment,error_rate,0
2026-01-03T21:32:00+00:00,t139_2,treatment,conversion,0
2026-01-03T21:32:00+00:00,t139_2,treatment,error_rate,0
2026-01-03T21:33:00+00:00,t139_3,treatment,conversion,0
2026-01-03T21:33:00+00:00,t139_3,treatment,error_rate,0
2026-01-03T21:34:00+00:00,t139_4,treatment,conversion,0
2026-01-03T21:34:00+00:00,t139_4,treatment,error_rate,0
2026-01-03T21:35:00+00:00,t139_5,treatment,conversion,1
2026-01-03T21:35:00+00:00,t139_5,treatment,error_rate,0
2026-01-03T21:36:00+00:00,t139_6,treatment,conversion,1
2026-01-03T21:36:00+00:00,t139_6,treatment,error_rate,0
2026-01-03T21:37:00+00:00,t139_7,treatment,conversion,0
2026-01-03T21:37:00+00:00,t139_7,treatment,error_rate,0
2026-01-03T21:38:00+00:00,t139_8,treatment,conversion,0
2026-01-03T21:38:00+00:00,t139_8,treatment,error_rate,0
2026-01-03T21:39:00+00:00,t139_9,treatment,conversion,0
2026-01-03T21:39:00+00:00,t139_9,treatment,error_rate,0
2026-01-03T21:40:00+00:00,t139_10,treatment,conversion,0
2026-01-03T21:40:00+00:00,t139_10,treatment,error_rate,0
2026-01-03T21:41:00+00:00,t139_11,treatment,conversion,0
2026-01-03T21:41:00+00:00,t139_11,treatment,error_rate,1
2026-01-03T21:42:00+00:00,t139_12,treatment,conversion,1
2026-01-03T21:42:00+00:00,t139_12,treatment,error_rate,0
2026-01-03T21:43:00+00:00,t139_13,treatment,conversion,0
2026-01-03T21:43:00+00:00,t139_13,treatment,error_rate,0
2026-01-03T21:44:00+00:00,t139_14,treatment,conversion,1
2026-01-03T21:44:00+00:00,t139_14,treatment,error_rate,0
2026-01-03T21:45:00+00:00,t139_15,treatment,conversion,0
2026-01-03T21:45:00+00:00,t139_15,treatment,error_rate,0
2026-01-03T21:46:00+00:00,t139_16,treatment,conversion,0
2026-01-03T21:46:00+00:00,t139_16,treatment,error_rate,0
2026-01-03T21:47:00+00:00,t139_17,treatment,conversion,0
2026-01-03T21:47:00+00:00,t139_17,treatment,error_rate,0
2026-01-03T21:48:00+00:00,t139_18,treatment,conversion,0
2026-01-03T21:48:00+00:00,t139_18,treatment,error_rate,0
2026-01-03T21:49:00+00:00,t139_19,treatment,conversion,0
2026-01-03T21:49:00+00:00,t139_19,treatment,error_rate,0
2026-01-03T21:50:00+00:00,t139_20,treatment,conversion,0
2026-01-03T21:50:00+00:00,t139_20,treatment,error_rate,0
2026-01-03T21:51:00+00:00,t139_21,treatment,conversion,1
2026-01-03T21:51:00+00:00,t139_21,treatment,error_rate,0
2026-01-03T21:52:00+00:00,t139_22,treatment,conversion,0
2026-01-03T21:52:00+00:00,t139_22,treatment,error_rate,0
2026-01-03T21:53:00+00:00,t139_23,treatment,conversion,0
2026-01-03T21:53:00+00:00,t139_23,treatment,error_rate,0
2026-01-03T21:54:00+00:00,t139_24,treatment,conversion,0
2026-01-03T21:54:00+00:00,t139_24,treatment,error_rate,0
2026-01-03T21:55:00+00:00,t139_25,treatment,conversion,1
2026-01-03T21:55:00+00:00,t139_25,treatment,error_rate,0
2026-01-03T21:56:00+00:00,t139_26,treatment,conversion,0
2026-01-03T21:56:00+00:00,t139_26,treatment,error_rate,0
2026-01-03T21:57:00+00:00,t139_27,treatment,conversion,0
2026-01-03T21:57:00+00:00,t139_27,treatment,error_rate,0
2026-01-03T21:58:00+00:00,t139_28,treatment,conversion,1
2026-01-03T21:58:00+00:00,t139_28,treatment,error_rate,0
2026-01-03T21:59:00+00:00,t139_29,treatment,conversion,0
2026-01-03T21:59:00+00:00,t139_29,treatment,error_rate,0
2026-01-03T22:00:00+00:00,c140_0,control,conversion,0
2026-01-03T22:00:00+00:00,c140_0,control,error_rate,0
2026-01-03T22:01:00+00:00,c140_1,control,conversion,0
2026-01-03T22:01:00+00:00,c140_1,control,error_rate,0
2026-01-03T22:02:00+00:00,c140_2,control,conversion,1
2026-01-03T22:02:00+00:00,c140_2,control,error_rate,0
2026-01-03T22:03:00+00:00,c140_3,control,conversion,0
2026-01-03T22:03:00+00:00,c140_3,control,error_rate,0
2026-01-03T22:04:00+00:00,c140_4,control,conversion,0
2026-01-03T22:04:00+00:00,c140_4,control,error_rate,1
2026-01-03T22:05:00+00:00,c140_5,control,conversion,0
2026-01-03T22:05:00+00:00,c140_5,control,error_rate,0
2026-01-03T22:06:00+00:00,c140_6,control,conversion,0
2026-01-03T22:06:00+00:00,c140_6,control,error_rate,0
2026-01-03T22:07:00+00:00,c140_7,control,conversion,0
2026-01-03T22:07:00+00:00,c140_7,control,error_rate,0
2026-01-03T22:08:00+00:00,c140_8,control,conversion,0
2026-01-03T22:08:00+00:00,c140_8,control,error_rate,1
2026-01-03T22:09:00+00:00,c140_9,control,conversion,0
2026-01-03T22:09:00+00:00,c140_9,control,error_rate,0
2026-01-03T22:10:00+00:00,c140_10,control,conversion,0
2026-01-03T22:10:00+00:00,c140_10,control,error_rate,0
2026-01-03T22:11:00+00:00,c140_11,control,conversion,0
2026-01-03T22:11:00+00:00,c140_11,control,error_rate,0
2026-01-03T22:12:00+00:00,c140_12,control,conversion,0
2026-01-03T22:12:00+00:00,c140_12,control,error_rate,0
2026-01-03T22:13:00+00:00,c140_13,control,conversion,0
2026-01-03T22:13:00+00:00,c140_13,control,error_rate,0
2026-01-03T22:14:00+00:00,c140_14,control,conversion,0
2026-01-03T22:14:00+00:00,c140_14,control,error_rate,0
2026-01-03T22:15:00+00:00,c140_15,control,conversion,0
2026-01-03T22:15:00+00:00,c140_15,control,error_rate,1
2026-01-03T22:16:00+00:00,c140_16,control,conversion,0
2026-01-03T22:16:00+00:00,c140_16,control,error_rate,0
2026-01-03T22:17:00+00:00,c140_17,control,conversion,0
2026-01-03T22:17:00+00:00,c140_17,control,error_rate,0
2026-01-03T22:18:00+00:00,c140_18,control,conversion,0
2026-01-03T22:18:00+00:00,c140_18,control,error_rate,0
2026-01-03T22:19:00+00:00,c140_19,control,conversion,0
2026-01-03T22:19:00+00:00,c140_19,control,error_rate,0
2026-01-03T22:20:00+00:00,c140_20,control,conversion,0
2026-01-03T22:20:00+00:00,c140_20,control,error_rate,0
2026-01-03T22:21:00+00:00,c140_21,control,conversion,0
2026-01-03T22:21:00+00:00,c140_21,control,error_rate,0
2026-01-03T22:22:00+00:00,c140_22,control,conversion,0
2026-01-03T22:22:00+00:00,c140_22,control,error_rate,0
2026-01-03T22:23:00+00:00,c140_23,control,conversion,0
2026-01-03T22:23:00+00:00,c140_23,control,error_rate,0
2026-01-03T22:24:00+00:00,c140_24,control,conversion,0
2026-01-03T22:24:00+00:00,c140_24,control,error_rate,1
2026-01-03T22:25:00+00:00,c140_25,control,conversion,0
2026-01-03T22:25:00+00:00,c140_25,control,error_rate,0
2026-01-03T22:26:00+00:00,c140_26,control,conversion,0
2026-01-03T22:26:00+00:00,c140_26,control,error_rate,0
2026-01-03T22:27:00+00:00,c140_27,control,conversion,0
2026-01-03T22:27:00+00:00,c140_27,control,error_rate,1
2026-01-03T22:28:00+00:00,c140_28,control,conversion,0
2026-01-03T22:28:00+00:00,c140_28,control,error_rate,0
2026-01-03T22:29:00+00:00,c140_29,control,conversion,0
2026-01-03T22:29:00+00:00,c140_29,control,error_rate,0
2026-01-03T22:00:00+00:00,t140_0,treatment,conversion,0
2026-01-03T22:00:00+00:00,t140_0,treatment,error_rate,0
2026-01-03T22:01:00+00:00,t140_1,treatment,conversion,0
2026-01-03T22:01:00+00:00,t140_1,treatment,error_rate,0
2026-01-03T22:02:00+00:00,t140_2,treatment,conversion,0
2026-01-03T22:02:00+00:00,t140_2,treatment,error_rate,0
2026-01-03T22:03:00+00:00,t140_3,treatment,conversion,0
2026-01-03T22:03:00+00:00,t140_3,treatment,error_rate,0
2026-01-03T22:04:00+00:00,t140_4,treatment,conversion,1
2026-01-03T22:04:00+00:00,t140_4,treatment,error_rate,0
2026-01-03T22:05:00+00:00,t140_5,treatment,conversion,0
2026-01-03T22:05:00+00:00,t140_5,treatment,error_rate,0
2026-01-03T22:06:00+00:00,t140_6,treatment,conversion,0
2026-01-03T22:06:00+00:00,t140_6,treatment,error_rate,1
2026-01-03T22:07:00+00:00,t140_7,treatment,conversion,0
2026-01-03T22:07:00+00:00,t140_7,treatment,error_rate,1
2026-01-03T22:08:00+00:00,t140_8,treatment,conversion,1
2026-01-03T22:08:00+00:00,t140_8,treatment,error_rate,0
2026-01-03T22:09:00+00:00,t140_9,treatment,conversion,0
2026-01-03T22:09:00+00:00,t140_9,treatment,error_rate,0
2026-01-03T22:10:00+00:00,t140_10,treatment,conversion,1
2026-01-03T22:10:00+00:00,t140_10,treatment,error_rate,0
2026-01-03T22:11:00+00:00,t140_11,treatment,conversion,0
2026-01-03T22:11:00+00:00,t140_11,treatment,error_rate,1
2026-01-03T22:12:00+00:00,t140_12,treatment,conversion,0
2026-01-03T22:12:00+00:00,t140_12,treatment,error_rate,1
2026-01-03T22:13:00+00:00,t140_13,treatment,conversion,0
2026-01-03T22:13:00+00:00,t140_13,treatment,error_rate,0
2026-01-03T22:14:00+00:00,t140_14,treatment,conversion,1
2026-01-03T22:14:00+00:00,t140_14,treatment,error_rate,0
2026-01-03T22:15:00+00:00,t140_15,treatment,conversion,0
2026-01-03T22:15:00+00:00,t140_15,treatment,error_rate,0
2026-01-03T22:16:00+00:00,t140_16,treatment,conversion,0
2026-01-03T22:16:00+00:00,t140_16,treatment,error_rate,0
2026-01-03T22:17:00+00:00,t140_17,treatment,conversion,0
2026-01-03T22:17:00+00:00,t140_17,treatment,error_rate,0
2026-01-03T22:18:00+00:00,t140_18,treatment,conversion,0
2026-01-03T22:18:00+00:00,t140_18,treatment,error_rate,1
2026-01-03T22:19:00+00:00,t140_19,treatment,conversion,0
2026-01-03T22:19:00+00:00,t140_19,treatment,error_rate,0
2026-01-03T22:20:00+00:00,t140_20,treatment,conversion,0
2026-01-03T22:20:00+00:00,t140_20,treatment,error_rate,0
2026-01-03T22:21:00+00:00,t140_21,treatment,conversion,0
2026-01-03T22:21:00+00:00,t140_21,treatment,error_rate,0
2026-01-03T22:22:00+00:00,t140_22,treatment,conversion,0
2026-01-03T22:22:00+00:00,t140_22,treatment,error_rate,0
2026-01-03T22:23:00+00:00,t140_23,treatment,conversion,0
2026-01-03T22:23:00+00:00,t140_23,treatment,error_rate,0
2026-01-03T22:24:00+00:00,t140_24,treatment,conversion,0
2026-01-03T22:24:00+00:00,t140_24,treatment,error_rate,0
2026-01-03T22:25:00+00:00,t140_25,treatment,conversion,0
2026-01-03T22:25:00+00:00,t140_25,treatment,error_rate,0
2026-01-03T22:26:00+00:00,t140_26,treatment,conversion,0
2026-01-03T22:26:00+00:00,t140_26,treatment,error_rate,0
2026-01-03T22:27:00+00:00,t140_27,treatment,conversion,0
2026-01-03T22:27:00+00:00,t140_27,treatment,error_rate,0
2026-01-03T22:28:00+00:00,t140_28,treatment,conversion,0
2026-01-03T22:28:00+00:00,t140_28,treatment,error_rate,0
2026-01-03T22:29:00+00:00,t140_29,treatment,conversion,1
2026-01-03T22:29:00+00:00,t140_29,treatment,error_rate,1
2026-01-03T22:30:00+00:00,c141_0,control,conversion,0
2026-01-03T22:30:00+00:00,c141_0,control,error_rate,0
2026-01-03T22:31:00+00:00,c141_1,control,conversion,0
2026-01-03T22:31:00+00:00,c141_1,control,error_rate,0
2026-01-03T22:32:00+00:00,c141_2,control,conversion,0
2026-01-03T22:32:00+00:00,c141_2,control,error_rate,0
2026-01-03T22:33:00+00:00,c141_3,control,conversion,0
2026-01-03T22:33:00+00:00,c141_3,control,error_rate,0
2026-01-03T22:34:00+00:00,c141_4,control,conversion,0
2026-01-03T22:34:00+00:00,c141_4,control,error_rate,1
2026-01-03T22:35:00+00:00,c141_5,control,conversion,0
2026-01-03T22:35:00+00:00,c141_5,control,error_rate,0
2026-01-03T22:36:00+00:00,c141_6,control,conversion,0
2026-01-03T22:36:00+00:00,c141_6,control,error_rate,0
2026-01-03T22:37:00+00:00,c141_7,control,conversion,0
2026-01-03T22:37:00+00:00,c141_7,control,error_rate,1
2026-01-03T22:38:00+00:00,c141_8,control,conversion,1
2026-01-03T22:38:00+00:00,c141_8,control,error_rate,0
2026-01-03T22:39:00+00:00,c141_9,control,conversion,0
2026-01-03T22:39:00+00:00,c141_9,control,error_rate,0
2026-01-03T22:40:00+00:00,c141_10,control,conversion,0
2026-01-03T22:40:00+00:00,c141_10,control,error_rate,0
2026-01-03T22:41:00+00:00,c141_11,control,conversion,0
2026-01-03T22:41:00+00:00,c141_11,control,error_rate,0
2026-01-03T22:42:00+00:00,c141_12,control,conversion,0
2026-01-03T22:42:00+00:00,c141_12,control,error_rate,0
2026-01-03T22:43:00+00:00,c141_13,control,conversion,0
2026-01-03T22:43:00+00:00,c141_13,control,error_rate,0
2026-01-03T22:44:00+00:00,c141_14,control,conversion,0
2026-01-03T22:44:00+00:00,c141_14,control,error_rate,0
2026-01-03T22:45:00+00:00,c141_15,control,conversion,0
2026-01-03T22:45:00+00:00,c141_15,control,error_rate,0
2026-01-03T22:46:00+00:00,c141_16,control,conversion,0
2026-01-03T22:46:00+00:00,c141_16,control,error_rate,0
2026-01-03T22:47:00+00:00,c141_17,control,conversion,0
2026-01-03T22:47:00+00:00,c141_17,control,error_rate,0
2026-01-03T22:48:00+00:00,c141_18,control,conversion,0
2026-01-03T22:48:00+00:00,c141_18,control,error_rate,1
2026-01-03T22:49:00+00:00,c141_19,control,conversion,0
2026-01-03T22:49:00+00:00,c141_19,control,error_rate,0
2026-01-03T22:50:00+00:00,c141_20,control,conversion,0
2026-01-03T22:50:00+00:00,c141_20,control,error_rate,0
2026-01-03T22:51:00+00:00,c141_21,control,conversion,0
2026-01-03T22:51:00+00:00,c141_21,control,error_rate,0
2026-01-03T22:52:00+00:00,c141_22,control,conversion,0
2026-01-03T22:52:00+00:00,c141_22,control,error_rate,0
2026-01-03T22:53:00+00:00,c141_23,control,conversion,0
2026-01-03T22:53:00+00:00,c141_23,control,error_rate,0
2026-01-03T22:54:00+00:00,c141_24,control,conversion,0
2026-01-03T22:54:00+00:00,c141_24,control,error_rate,0
2026-01-03T22:55:00+00:00,c141_25,control,conversion,0
2026-01-03T22:55:00+00:00,c141_25,control,error_rate,0
2026-01-03T22:56:00+00:00,c141_26,control,conversion,0
2026-01-03T22:56:00+00:00,c141_26,control,error_rate,0
2026-01-03T22:57:00+00:00,c141_27,control,conversion,0
2026-01-03T22:57:00+00:00,c141_27,control,error_rate,0
2026-01-03T22:58:00+00:00,c141_28,control,conversion,0
2026-01-03T22:58:00+00:00,c141_28,control,error_rate,0
2026-01-03T22:59:00+00:00,c141_29,control,conversion,0
2026-01-03T22:59:00+00:00,c141_29,control,error_rate,0
2026-01-03T22:30:00+00:00,t141_0,treatment,conversion,0
2026-01-03T22:30:00+00:00,t141_0,treatment,error_rate,0
2026-01-03T22:31:00+00:00,t141_1,treatment,conversion,0
2026-01-03T22:31:00+00:00,t141_1,treatment,error_rate,0
2026-01-03T22:32:00+00:00,t141_2,treatment,conversion,0
2026-01-03T22:32:00+00:00,t141_2,treatment,error_rate,1
2026-01-03T22:33:00+00:00,t141_3,treatment,conversion,0
2026-01-03T22:33:00+00:00,t141_3,treatment,error_rate,0
2026-01-03T22:34:00+00:00,t141_4,treatment,conversion,1
2026-01-03T22:34:00+00:00,t141_4,treatment,error_rate,0
2026-01-03T22:35:00+00:00,t141_5,treatment,conversion,1
2026-01-03T22:35:00+00:00,t141_5,treatment,error_rate,0
2026-01-03T22:36:00+00:00,t141_6,treatment,conversion,0
2026-01-03T22:36:00+00:00,t141_6,treatment,error_rate,0
2026-01-03T22:37:00+00:00,t141_7,treatment,conversion,0
2026-01-03T22:37:00+00:00,t141_7,treatment,error_rate,0
2026-01-03T22:38:00+00:00,t141_8,treatment,conversion,0
2026-01-03T22:38:00+00:00,t141_8,treatment,error_rate,0
2026-01-03T22:39:00+00:00,t141_9,treatment,conversion,0
2026-01-03T22:39:00+00:00,t141_9,treatment,error_rate,0
2026-01-03T22:40:00+00:00,t141_10,treatment,conversion,0
2026-01-03T22:40:00+00:00,t141_10,treatment,error_rate,0
2026-01-03T22:41:00+00:00,t141_11,treatment,conversion,1
2026-01-03T22:41:00+00:00,t141_11,treatment,error_rate,0
2026-01-03T22:42:00+00:00,t141_12,treatment,conversion,1
2026-01-03T22:42:00+00:00,t141_12,treatment,error_rate,0
2026-01-03T22:43:00+00:00,t141_13,treatment,conversion,0
2026-01-03T22:43:00+00:00,t141_13,treatment,error_rate,0
2026-01-03T22:44:00+00:00,t141_14,treatment,conversion,1
2026-01-03T22:44:00+00:00,t141_14,treatment,error_rate,0
2026-01-03T22:45:00+00:00,t141_15,treatment,conversion,0
2026-01-03T22:45:00+00:00,t141_15,treatment,error_rate,0
2026-01-03T22:46:00+00:00,t141_16,treatment,conversion,0
2026-01-03T22:46:00+00:00,t141_16,treatment,error_rate,0
2026-01-03T22:47:00+00:00,t141_17,treatment,conversion,0
2026-01-03T22:47:00+00:00,t141_17,treatment,error_rate,0
2026-01-03T22:48:00+00:00,t141_18,treatment,conversion,0
2026-01-03T22:48:00+00:00,t141_18,treatment,error_rate,0
2026-01-03T22:49:00+00:00,t141_19,treatment,conversion,0
2026-01-03T22:49:00+00:00,t141_19,treatment,error_rate,0
2026-01-03T22:50:00+00:00,t141_20,treatment,conversion,1
2026-01-03T22:50:00+00:00,t141_20,treatment,error_rate,0
2026-01-03T22:51:00+00:00,t141_21,treatment,conversion,0
2026-01-03T22:51:00+00:00,t141_21,treatment,error_rate,0
2026-01-03T22:52:00+00:00,t141_22,treatment,conversion,1
2026-01-03T22:52:00+00:00,t141_22,treatment,error_rate,0
2026-01-03T22:53:00+00:00,t141_23,treatment,conversion,0
2026-01-03T22:53:00+00:00,t141_23,treatment,error_rate,0
2026-01-03T22:54:00+00:00,t141_24,treatment,conversion,0
2026-01-03T22:54:00+00:00,t141_24,treatment,error_rate,0
2026-01-03T22:55:00+00:00,t141_25,treatment,conversion,1
2026-01-03T22:55:00+00:00,t141_25,treatment,error_rate,0
2026-01-03T22:56:00+00:00,t141_26,treatment,conversion,0
2026-01-03T22:56:00+00:00,t141_26,treatment,error_rate,0
2026-01-03T22:57:00+00:00,t141_27,treatment,conversion,0
2026-01-03T22:57:00+00:00,t141_27,treatment,error_rate,0
2026-01-03T22:58:00+00:00,t141_28,treatment,conversion,0
2026-01-03T22:58:00+00:00,t141_28,treatment,error_rate,0
2026-01-03T22:59:00+00:00,t141_29,treatment,conversion,0
2026-01-03T22:59:00+00:00,t141_29,treatment,error_rate,1
2026-01-03T23:00:00+00:00,c142_0,control,conversion,0
2026-01-03T23:00:00+00:00,c142_0,control,error_rate,0
2026-01-03T23:01:00+00:00,c142_1,control,conversion,1
2026-01-03T23:01:00+00:00,c142_1,control,error_rate,0
2026-01-03T23:02:00+00:00,c142_2,control,conversion,0
2026-01-03T23:02:00+00:00,c142_2,control,error_rate,0
2026-01-03T23:03:00+00:00,c142_3,control,conversion,0
2026-01-03T23:03:00+00:00,c142_3,control,error_rate,0
2026-01-03T23:04:00+00:00,c142_4,control,conversion,0
2026-01-03T23:04:00+00:00,c142_4,control,error_rate,0
2026-01-03T23:05:00+00:00,c142_5,control,conversion,0
2026-01-03T23:05:00+00:00,c142_5,control,error_rate,0
2026-01-03T23:06:00+00:00,c142_6,control,conversion,0
2026-01-03T23:06:00+00:00,c142_6,control,error_rate,0
2026-01-03T23:07:00+00:00,c142_7,control,conversion,0
2026-01-03T23:07:00+00:00,c142_7,control,error_rate,0
2026-01-03T23:08:00+00:00,c142_8,control,conversion,0
2026-01-03T23:08:00+00:00,c142_8,control,error_rate,0
2026-01-03T23:09:00+00:00,c142_9,control,conversion,0
2026-01-03T23:09:00+00:00,c142_9,control,error_rate,0
2026-01-03T23:10:00+00:00,c142_10,control,conversion,1
2026-01-03T23:10:00+00:00,c142_10,control,error_rate,0
2026-01-03T23:11:00+00:00,c142_11,control,conversion,0
2026-01-03T23:11:00+00:00,c142_11,control,error_rate,0
2026-01-03T23:12:00+00:00,c142_12,control,conversion,0
2026-01-03T23:12:00+00:00,c142_12,control,error_rate,0
2026-01-03T23:13:00+00:00,c142_13,control,conversion,0
2026-01-03T23:13:00+00:00,c142_13,control,error_rate,0
2026-01-03T23:14:00+00:00,c142_14,control,conversion,0
2026-01-03T23:14:00+00:00,c142_14,control,error_rate,0
2026-01-03T23:15:00+00:00,c142_15,control,conversion,0
2026-01-03T23:15:00+00:00,c142_15,control,error_rate,0
2026-01-03T23:16:00+00:00,c142_16,control,conversion,0
2026-01-03T23:16:00+00:00,c142_16,control,error_rate,0
2026-01-03T23:17:00+00:00,c142_17,control,conversion,0
2026-01-03T23:17:00+00:00,c142_17,control,error_rate,0
2026-01-03T23:18:00+00:00,c142_18,control,conversion,0
2026-01-03T23:18:00+00:00,c142_18,control,error_rate,0
2026-01-03T23:19:00+00:00,c142_19,control,conversion,0
2026-01-03T23:19:00+00:00,c142_19,control,error_rate,0
2026-01-03T23:20:00+00:00,c142_20,control,conversion,0
2026-01-03T23:20:00+00:00,c142_20,control,error_rate,0
2026-01-03T23:21:00+00:00,c142_21,control,conversion,0
2026-01-03T23:21:00+00:00,c142_21,control,error_rate,0
2026-01-03T23:22:00+00:00,c142_22,control,conversion,0
2026-01-03T23:22:00+00:00,c142_22,control,error_rate,0
2026-01-03T23:23:00+00:00,c142_23,control,conversion,0
2026-01-03T23:23:00+00:00,c142_23,control,error_rate,0
2026-01-03T23:24:00+00:00,c142_24,control,conversion,0
2026-01-03T23:24:00+00:00,c142_24,control,error_rate,0
2026-01-03T23:25:00+00:00,c142_25,control,conversion,0
2026-01-03T23:25:00+00:00,c142_25,control,error_rate,0
2026-01-03T23:26:00+00:00,c142_26,control,conversion,0
2026-01-03T23:26:00+00:00,c142_26,control,error_rate,0
2026-01-03T23:27:00+00:00,c142_27,control,conversion,0
2026-01-03T23:27:00+00:00,c142_27,control,error_rate,0
2026-01-03T23:28:00+00:00,c142_28,control,conversion,0
2026-01-03T23:28:00+00:00,c142_28,control,error_rate,0
2026-01-03T23:29:00+00:00,c142_29,control,conversion,0
2026-01-03T23:29:00+00:00,c142_29,control,error_rate,0
2026-01-03T23:00:00+00:00,t142_0,treatment,conversion,0
2026-01-03T23:00:00+00:00,t142_0,treatment,error_rate,0
2026-01-03T23:01:00+00:00,t142_1,treatment,conversion,0
2026-01-03T23:01:00+00:00,t142_1,treatment,error_rate,0
2026-01-03T23:02:00+00:00,t142_2,treatment,conversion,0
2026-01-03T23:02:00+00:00,t142_2,treatment,error_rate,0
2026-01-03T23:03:00+00:00,t142_3,treatment,conversion,0
2026-01-03T23:03:00+00:00,t142_3,treatment,error_rate,0
2026-01-03T23:04:00+00:00,t142_4,treatment,conversion,0
2026-01-03T23:04:00+00:00,t142_4,treatment,error_rate,1
2026-01-03T23:05:00+00:00,t142_5,treatment,conversion,1
2026-01-03T23:05:00+00:00,t142_5,treatment,error_rate,0
2026-01-03T23:06:00+00:00,t142_6,treatment,conversion,0
2026-01-03T23:06:00+00:00,t142_6,treatment,error_rate,0
2026-01-03T23:07:00+00:00,t142_7,treatment,conversion,0
2026-01-03T23:07:00+00:00,t142_7,treatment,error_rate,0
2026-01-03T23:08:00+00:00,t142_8,treatment,conversion,1
2026-01-03T23:08:00+00:00,t142_8,treatment,error_rate,0
2026-01-03T23:09:00+00:00,t142_9,treatment,conversion,0
2026-01-03T23:09:00+00:00,t142_9,treatment,error_rate,0
2026-01-03T23:10:00+00:00,t142_10,treatment,conversion,1
2026-01-03T23:10:00+00:00,t142_10,treatment,error_rate,0
2026-01-03T23:11:00+00:00,t142_11,treatment,conversion,1
2026-01-03T23:11:00+00:00,t142_11,treatment,error_rate,0
2026-01-03T23:12:00+00:00,t142_12,treatment,conversion,0
2026-01-03T23:12:00+00:00,t142_12,treatment,error_rate,0
2026-01-03T23:13:00+00:00,t142_13,treatment,conversion,0
2026-01-03T23:13:00+00:00,t142_13,treatment,error_rate,0
2026-01-03T23:14:00+00:00,t142_14,treatment,conversion,1
2026-01-03T23:14:00+00:00,t142_14,treatment,error_rate,0
2026-01-03T23:15:00+00:00,t142_15,treatment,conversion,0
2026-01-03T23:15:00+00:00,t142_15,treatment,error_rate,0
2026-01-03T23:16:00+00:00,t142_16,treatment,conversion,0
2026-01-03T23:16:00+00:00,t142_16,treatment,error_rate,0
2026-01-03T23:17:00+00:00,t142_17,treatment,conversion,0
2026-01-03T23:17:00+00:00,t142_17,treatment,error_rate,0
2026-01-03T23:18:00+00:00,t142_18,treatment,conversion,0
2026-01-03T23:18:00+00:00,t142_18,treatment,error_rate,0
2026-01-03T23:19:00+00:00,t142_19,treatment,conversion,0
2026-01-03T23:19:00+00:00,t142_19,treatment,error_rate,0
2026-01-03T23:20:00+00:00,t142_20,treatment,conversion,0
2026-01-03T23:20:00+00:00,t142_20,treatment,error_rate,0
2026-01-03T23:21:00+00:00,t142_21,treatment,conversion,0
2026-01-03T23:21:00+00:00,t142_21,treatment,error_rate,0
2026-01-03T23:22:00+00:00,t142_22,treatment,conversion,0
2026-01-03T23:22:00+00:00,t142_22,treatment,error_rate,0
2026-01-03T23:23:00+00:00,t142_23,treatment,conversion,0
2026-01-03T23:23:00+00:00,t142_23,treatment,error_rate,0
2026-01-03T23:24:00+00:00,t142_24,treatment,conversion,0
2026-01-03T23:24:00+00:00,t142_24,treatment,error_rate,1
2026-01-03T23:25:00+00:00,t142_25,treatment,conversion,0
2026-01-03T23:25:00+00:00,t142_25,treatment,error_rate,1
2026-01-03T23:26:00+00:00,t142_26,treatment,conversion,1
2026-01-03T23:26:00+00:00,t142_26,treatment,error_rate,0
2026-01-03T23:27:00+00:00,t142_27,treatment,conversion,0
2026-01-03T23:27:00+00:00,t142_27,treatment,error_rate,0
2026-01-03T23:28:00+00:00,t142_28,treatment,conversion,0
2026-01-03T23:28:00+00:00,t142_28,treatment,error_rate,0
2026-01-03T23:29:00+00:00,t142_29,treatment,conversion,0
2026-01-03T23:29:00+00:00,t142_29,treatment,error_rate,0
2026-01-03T23:30:00+00:00,c143_0,control,conversion,0
2026-01-03T23:30:00+00:00,c143_0,control,error_rate,0
2026-01-03T23:31:00+00:00,c143_1,control,conversion,0
2026-01-03T23:31:00+00:00,c143_1,control,error_rate,0
2026-01-03T23:32:00+00:00,c143_2,control,conversion,0
2026-01-03T23:32:00+00:00,c143_2,control,error_rate,0
2026-01-03T23:33:00+00:00,c143_3,control,conversion,0
2026-01-03T23:33:00+00:00,c143_3,control,error_rate,0
2026-01-03T23:34:00+00:00,c143_4,control,conversion,0
2026-01-03T23:34:00+00:00,c143_4,control,error_rate,0
2026-01-03T23:35:00+00:00,c143_5,control,conversion,0
2026-01-03T23:35:00+00:00,c143_5,control,error_rate,0
2026-01-03T23:36:00+00:00,c143_6,control,conversion,1
2026-01-03T23:36:00+00:00,c143_6,control,error_rate,0
2026-01-03T23:37:00+00:00,c143_7,control,conversion,0
2026-01-03T23:37:00+00:00,c143_7,control,error_rate,0
2026-01-03T23:38:00+00:00,c143_8,control,conversion,0
2026-01-03T23:38:00+00:00,c143_8,control,error_rate,0
2026-01-03T23:39:00+00:00,c143_9,control,conversion,0
2026-01-03T23:39:00+00:00,c143_9,control,error_rate,0
2026-01-03T23:40:00+00:00,c143_10,control,conversion,0
2026-01-03T23:40:00+00:00,c143_10,control,error_rate,0
2026-01-03T23:41:00+00:00,c143_11,control,conversion,0
2026-01-03T23:41:00+00:00,c143_11,control,error_rate,0
2026-01-03T23:42:00+00:00,c143_12,control,conversion,0
2026-01-03T23:42:00+00:00,c143_12,control,error_rate,0
2026-01-03T23:43:00+00:00,c143_13,control,conversion,1
2026-01-03T23:43:00+00:00,c143_13,control,error_rate,1
2026-01-03T23:44:00+00:00,c143_14,control,conversion,0
2026-01-03T23:44:00+00:00,c143_14,control,error_rate,0
2026-01-03T23:45:00+00:00,c143_15,control,conversion,1
2026-01-03T23:45:00+00:00,c143_15,control,error_rate,1
2026-01-03T23:46:00+00:00,c143_16,control,conversion,0
2026-01-03T23:46:00+00:00,c143_16,control,error_rate,0
2026-01-03T23:47:00+00:00,c143_17,control,conversion,0
2026-01-03T23:47:00+00:00,c143_17,control,error_rate,0
2026-01-03T23:48:00+00:00,c143_18,control,conversion,0
2026-01-03T23:48:00+00:00,c143_18,control,error_rate,0
2026-01-03T23:49:00+00:00,c143_19,control,conversion,0
2026-01-03T23:49:00+00:00,c143_19,control,error_rate,0
2026-01-03T23:50:00+00:00,c143_20,control,conversion,0
2026-01-03T23:50:00+00:00,c143_20,control,error_rate,0
2026-01-03T23:51:00+00:00,c143_21,control,conversion,0
2026-01-03T23:51:00+00:00,c143_21,control,error_rate,0
2026-01-03T23:52:00+00:00,c143_22,control,conversion,0
2026-01-03T23:52:00+00:00,c143_22,control,error_rate,1
2026-01-03T23:53:00+00:00,c143_23,control,conversion,0
2026-01-03T23:53:00+00:00,c143_23,control,error_rate,0
2026-01-03T23:54:00+00:00,c143_24,control,conversion,0
2026-01-03T23:54:00+00:00,c143_24,control,error_rate,0
2026-01-03T23:55:00+00:00,c143_25,control,conversion,0
2026-01-03T23:55:00+00:00,c143_25,control,error_rate,0
2026-01-03T23:56:00+00:00,c143_26,control,conversion,0
2026-01-03T23:56:00+00:00,c143_26,control,error_rate,0
2026-01-03T23:57:00+00:00,c143_27,control,conversion,0
2026-01-03T23:57:00+00:00,c143_27,control,error_rate,0
2026-01-03T23:58:00+00:00,c143_28,control,conversion,0
2026-01-03T23:58:00+00:00,c143_28,control,error_rate,0
2026-01-03T23:59:00+00:00,c143_29,control,conversion,0
2026-01-03T23:59:00+00:00,c143_29,control,error_rate,1
2026-01-03T23:30:00+00:00,t143_0,treatment,conversion,0
2026-01-03T23:30:00+00:00,t143_0,treatment,error_rate,0
2026-01-03T23:31:00+00:00,t143_1,treatment,conversion,0
2026-01-03T23:31:00+00:00,t143_1,treatment,error_rate,0
2026-01-03T23:32:00+00:00,t143_2,treatment,conversion,0
2026-01-03T23:32:00+00:00,t143_2,treatment,error_rate,0
2026-01-03T23:33:00+00:00,t143_3,treatment,conversion,0
2026-01-03T23:33:00+00:00,t143_3,treatment,error_rate,0
2026-01-03T23:34:00+00:00,t143_4,treatment,conversion,0
2026-01-03T23:34:00+00:00,t143_4,treatment,error_rate,0
2026-01-03T23:35:00+00:00,t143_5,treatment,conversion,1
2026-01-03T23:35:00+00:00,t143_5,treatment,error_rate,0
2026-01-03T23:36:00+00:00,t143_6,treatment,conversion,1
2026-01-03T23:36:00+00:00,t143_6,treatment,error_rate,0
2026-01-03T23:37:00+00:00,t143_7,treatment,conversion,0
2026-01-03T23:37:00+00:00,t143_7,treatment,error_rate,0
2026-01-03T23:38:00+00:00,t143_8,treatment,conversion,0
2026-01-03T23:38:00+00:00,t143_8,treatment,error_rate,0
2026-01-03T23:39:00+00:00,t143_9,treatment,conversion,0
2026-01-03T23:39:00+00:00,t143_9,treatment,error_rate,0
2026-01-03T23:40:00+00:00,t143_10,treatment,conversion,0
2026-01-03T23:40:00+00:00,t143_10,treatment,error_rate,0
2026-01-03T23:41:00+00:00,t143_11,treatment,conversion,0
2026-01-03T23:41:00+00:00,t143_11,treatment,error_rate,0
2026-01-03T23:42:00+00:00,t143_12,treatment,conversion,0
2026-01-03T23:42:00+00:00,t143_12,treatment,error_rate,0
2026-01-03T23:43:00+00:00,t143_13,treatment,conversion,0
2026-01-03T23:43:00+00:00,t143_13,treatment,error_rate,0
2026-01-03T23:44:00+00:00,t143_14,treatment,conversion,0
2026-01-03T23:44:00+00:00,t143_14,treatment,error_rate,0
2026-01-03T23:45:00+00:00,t143_15,treatment,conversion,1
2026-01-03T23:45:00+00:00,t143_15,treatment,error_rate,0
2026-01-03T23:46:00+00:00,t143_16,treatment,conversion,0
2026-01-03T23:46:00+00:00,t143_16,treatment,error_rate,0
2026-01-03T23:47:00+00:00,t143_17,treatment,conversion,0
2026-01-03T23:47:00+00:00,t143_17,treatment,error_rate,0
2026-01-03T23:48:00+00:00,t143_18,treatment,conversion,0
2026-01-03T23:48:00+00:00,t143_18,treatment,error_rate,0
2026-01-03T23:49:00+00:00,t143_19,treatment,conversion,0
2026-01-03T23:49:00+00:00,t143_19,treatment,error_rate,1
2026-01-03T23:50:00+00:00,t143_20,treatment,conversion,0
2026-01-03T23:50:00+00:00,t143_20,treatment,error_rate,0
2026-01-03T23:51:00+00:00,t143_21,treatment,conversion,0
2026-01-03T23:51:00+00:00,t143_21,treatment,error_rate,0
2026-01-03T23:52:00+00:00,t143_22,treatment,conversion,0
2026-01-03T23:52:00+00:00,t143_22,treatment,error_rate,0
2026-01-03T23:53:00+00:00,t143_23,treatment,conversion,0
2026-01-03T23:53:00+00:00,t143_23,treatment,error_rate,0
2026-01-03T23:54:00+00:00,t143_24,treatment,conversion,0
2026-01-03T23:54:00+00:00,t143_24,treatment,error_rate,0
2026-01-03T23:55:00+00:00,t143_25,treatment,conversion,1
2026-01-03T23:55:00+00:00,t143_25,treatment,error_rate,0
2026-01-03T23:56:00+00:00,t143_26,treatment,conversion,1
2026-01-03T23:56:00+00:00,t143_26,treatment,error_rate,1
2026-01-03T23:57:00+00:00,t143_27,treatment,conversion,0
2026-01-03T23:57:00+00:00,t143_27,treatment,error_rate,1
2026-01-03T23:58:00+00:00,t143_28,treatment,conversion,0
2026-01-03T23:58:00+00:00,t143_28,treatment,error_rate,0
2026-01-03T23:59:00+00:00,t143_29,treatment,conversion,1
2026-01-03T23:59:00+00:00,t143_29,treatment,error_rate,1
